_id,policyTitle,sourceType,sourceYear,title,stockCode,stockName,parentIndustry,industry,provinces,actualControllerType,link,amountMention,natureOfCompanyInvolvement,otherComments,section,location,mentionPrevious,mention,mentionNext
"""5fab67750091c9411f2bc19e""",国家自然科学基金,年度报告,2019,*ST北能：2019年年度报告（更新后）,000803.SZ,*ST北能,制造业,电气机械及器材制造业,四川省,个人,http://vip.stock.finance.sina.com.cn/corp/go.php/vCB_Bulletin/stockid/000803/page_type/ndbg.phtml,,,,第二节公司简介和主要财务指标,437,,博士学位。曾任北京市环境保护科学研究院总工程师。现为清华大学环境学院教授，国家环境保护部科学技术委员会委员，国家环境保护技术管理与评估工程技术中心主任。近5年来，承担国家重大水专项、国家科技支撑计划、国家自然科学基金等项目20余项。共发表中英文论文100余篇，其中SCI论文30余篇，获得授权专利20余项。曾荣获国家科学技术进步奖二等奖1次，教育部科技进步奖、教育部技术发明奖和环保科技进步奖等省部级,
"""5fab67750091c9411f2bc19f""",国家自然科学基金,年度报告,2019,*ST友谊：2019年年度报告（更新后）,000679.SZ,*ST友谊,电力、热力、燃气及水的生产和供应业,零售业,辽宁省,个人,http://vip.stock.finance.sina.com.cn/corp/go.php/vCB_Bulletin/stockid/000679/page_type/ndbg.phtml,,,,第二节 公司简介和主要财务指标,485,,独立董事。张琦，男，1978年出生，教授，博士，博士生导师，中南财经政法大学政府会计研究所所长，大数据研究院副院长，财政部全国会计领军人才，中国注册会计师，湖北省新世纪高层次人才工程人选（第二层次），国家自然科学基金通讯评议专家，《经济研究》等杂志匿名审稿专家，中国会计学会政府与非营利组织会计专业委员会副主任委员、中国审计学会常务理事、,
"""5fab67750091c9411f2bc1a1""",国家自然科学基金,年度报告,2019,*ST辅仁：2019年年度报告,600781.SH,*ST辅仁,制造业,医药制造业,河南省,个人,http://vip.stock.finance.sina.com.cn/corp/go.php/vCB_Bulletin/stockid/600781/page_type/ndbg.phtml,,,,,0,,男，1967 年 9 月出生，天津大学管理与经济学部教授，博士生导师，国家社科基金重大项目首席专家，教育部（跨）世纪人才，中国系              统工程学会能源资源系统工程分会常务理事，国家自然科学基金评审专家、国家留学基金委评审专家，全国公共管理硕士（MPA）优秀学              位论文评审专家，天津市优秀科技工作者，天津市商务委专家，天津市委宣传部习近平新时代中国特色,
"""5fab67750091c9411f2bc1a2""",国家自然科学基金,年度报告,2019,兴民智通：2019年年度报告,002355.SZ,兴民智通,制造业,汽车制造业,山东省,个人,http://vip.stock.finance.sina.com.cn/corp/go.php/vCB_Bulletin/stockid/002355/page_type/ndbg.phtml,,,,第二节公司简介和主要财务指标,593,,aner Production、China Economics Review、《经济研究》、《管理世界》、《经济学季刊》等国内外顶级或核心学术期刊发表论文60余篇。主持教育部哲学社会科学重大课题1项，国家自然科学基金4项，省部级课题7项。获“教育部高等学校科学研究优秀成果奖（人文社会科学）二等奖”、“上海市哲学社会科学优秀著作一等奖”等国家或省部级奖励9项。担任《中国社会科学》、《经济研究》等10,
"""5fab67750091c9411f2bc1a2""",国家自然科学基金,年度报告,2019,兴民智通：2019年年度报告,002355.SZ,兴民智通,制造业,汽车制造业,山东省,个人,http://vip.stock.finance.sina.com.cn/corp/go.php/vCB_Bulletin/stockid/002355/page_type/ndbg.phtml,,,,第二节公司简介和主要财务指标,594,,济与管理学院会计系教授、博士生导师，现任武汉大学经济与管理学院会计系主任。入选财政部全国会计领军人才（学术类）、武汉大学珞珈青年学者；兼任武汉市会计学会常务理事、武汉市会计专业高级职务评审委员会委员、国家自然科学基金和国家社会科学基金同行评议专家。2015年12月至今任株洲飞鹿高新材料技术股份有限公司独立董事，2018年6月至今任株洲华锐精密工具股份有限公司独立董事，2019年11月至今任长江证券,
"""5fab67750091c9411f2bc1a3""",国家自然科学基金,年度报告,2019,东旭蓝天：2019年年度报告（更新后）,000040.SZ,东旭蓝天,电力、热力、燃气及水的生产和供应业,电力、热力生产和供应业,广东省,个人,http://vip.stock.finance.sina.com.cn/corp/go.php/vCB_Bulletin/stockid/000040/page_type/ndbg.phtml,,,,,0,,"评论》、《会 计研究》、Journal of Business Finance & Accounting、Journal of Corporate Finance 等学术期刊上发表文章若 干。主持完成国家自然科学基金项目——""风险投资退出研究：基于会计信息质量与政治关联的双重视角""。 荣获 2011 年度、2016 年度北京大学教学优秀奖。罗炜博士 2004 年曾荣获 American Accou",
"""5fab67750091c9411f2bc1a5""",国家自然科学基金,年度报告,2019,恒泰艾普：2019年年度报告,300157.SZ,恒泰艾普,采矿业,开采辅助活动,北京市,个人,http://vip.stock.finance.sina.com.cn/corp/go.php/vCB_Bulletin/stockid/300157/page_type/ndbg.phtml,,,,,560,,专业管理学（会计学）硕士、中国人民大学商学院会计学专业管理学（会计学）博士。现任中央财经大学会计学院教授，博士生导师。财政部会计领军（后备）人才计划学术类二期学员，中国会计学会财务与成本分会常务理事，国家自然科学基金通讯评审专家，北京市自然科学基金通讯评审专家。曾任北京电子城投资开发集团股份有限公司、江苏爱康科技股份有限公司独立董事。袁淳先生已取得深交所独立董事任职资格证书。叶金兴先生，博士，高级,
"""5fab67750091c9411f2bc1a6""",国家自然科学基金,年度报告,2019,天山生物：2019年年度报告（更新后）,300313.SZ,天山生物,农、林、牧、渔业,畜牧业,新疆维吾尔自治区,个人,http://vip.stock.finance.sina.com.cn/corp/go.php/vCB_Bulletin/stockid/300313/page_type/ndbg.phtml,,,,第二节公司简介和主要财务指标,645,7、蔺进先生，1978年12月出生，中国国籍，无境外永久居留权，大专学历。2014年至2015年1月，任新疆亚中机电销售租赁股份有限公司总经理助理兼融资租赁公司总经理职务；2015年至2018年10月，任海尔融资租赁股份有限公司现代农业事业部总经理职务。2018年10月至今，任重庆新融农牧科技有限公司董事长兼CEO职务。目前兼任中国畜牧业协会常务理事职务、中加肉牛产业合作联盟副理事长职务。现任天山生物独立董事。,8、李宇立女士，1976年6月出生，中国国籍，无境外永久居留权，博士，现任新疆财经大学会计学院教授，硕士生导师，入选财政部全国会计领军（后备）人才（学术类），曾获新疆高等教育教学成果一等奖、国家级教学成果二等奖等奖项，已主持两项国家自然科学基金项目。曾任天山生物第三届董事会独立董事。现任西域旅游独立董事、天山生物第四届独立董事。,9、李大明先生，1967年4月出生，中国国籍，无境外永久居留权，研究生学历。自1998年至今就职于新疆天阳律师事务所，现任天阳律师事务所合伙人律师，天阳律师事务所公司与证券法律业务部负责人，美克股份独立董事、西部建设独立董事、百花村独立董事、冠农股份独立董事、天山生物独立董事。兼任全国律协公司法专业委员会委员、自治区律协公司与证券专业委员会主任委员、中国证券业协会证券纠纷调解员。
"""5fab67750091c9411f2bc1a7""",国家自然科学基金,年度报告,2019,鼎龙股份：2019年年度报告,300054.SZ,鼎龙股份,制造业,化学原料及化学制品制造业,湖北省,个人,http://vip.stock.finance.sina.com.cn/corp/go.php/vCB_Bulletin/stockid/300054/page_type/ndbg.phtml,,,,,0,,育部新世纪优秀人才， 武汉大学人文社科“70后”学术团队带头人，美国印第安纳大学访问学者。现任武汉大学经济与管理学院教授、博士生导师。 主要研究领域为企业投融资与公司发展战略、并购与资本运作。主持6项国家自然科学基金项目，在国内外重要学术刊物 发表论文 30 余篇。目前，余明桂先生担任烽火通信（证券代码：600498）、回天新材 （证券代码：300041）、天喻信 息（证券代码：300205）、银,
"""5fab67750091c9411f2bc1a8""",国家自然科学基金,年度报告,2019,双鹭药业：2019年年度报告（更新后）,002038.SZ,双鹭药业,制造业,医药制造业,北京市,个人,http://vip.stock.finance.sina.com.cn/corp/go.php/vCB_Bulletin/stockid/002038/page_type/ndbg.phtml,,,,第二节 公司简介和主要财务指标,118,公司创始人、董事长、总经理徐明波博士为公司技术带头人，兼任国家级企业技术中心主任、北京重组蛋白药物及长效制剂工程技术研究中心主任。其从事生物工程研究开发和产业化工作30年，创业已逾二十年，凭着对行业发展机遇的把握和产品开发独到的见解，获得多项科研成果奖励。现兼任北京市科学技术协会副主席、企业创新工作委员会主任、中关村核心区生物医药产业联盟理事长、北京药理学会常务理事、生化工程国家重点实验室学术委员会委员。多年来潜心科研，立志国内创业。其带领团队近几年承担了“创新性基因工程药物孵化基地”国家重大专项等课题9项。以第一完成人获得北京市科技进步一等奖1项、二等奖2项。获得国家科技进步二等奖1项。获军队科技进步一等奖一项。获得授权发明专利11件，发表论文40余篇。主持研制上市了5个国家一、二类基因工程新药并取得巨大的经济和社会效益，是北京市有突出贡献的专家并享受政府特殊津贴，新世纪百千万人才工程国家级人选，科技北京百名领军人才。曾荣获首都五一劳动奖章。在“2014首都科技盛典”活动中被评为推动“北京创造”的十大科技人物。,公司技术中心及参股公司、海外团队还拥有众多优秀科研带头人，如美国密西根大学终身教授、密西根大学转化医学研究所所长、美国心血管糖尿病专家、中国国家自然科学基金核心专家、中美临床药理基地主任、美国医学科学院院士陈育庆博士，美国密西根大学医学院教授徐捷博士，公司技术中心生物药核心团队，子公司和参股公司的李文欣博士、李丽博士等。,3、产品及项目优势
"""5fab67750091c9411f2bc1a9""",国家自然科学基金,年度报告,2019,新莱应材：2019年年度报告（更新后）,300260.SZ,新莱应材,制造业,通用设备制造业,江苏省,个人,http://vip.stock.finance.sina.com.cn/corp/go.php/vCB_Bulletin/stockid/300260/page_type/ndbg.phtml,,,,第二节公司简介和主要财务指标,641,,中青年学术带头人，国家自然科学基金通讯评审专家，教育部人文社会科学学位论文评审专家、江苏省台办特约研究员，江苏省军民融合发展专家咨询委员会专家，苏州市委政策研究室特约研究员、苏州市政府政策研究室特约研究员、苏州市军民融,
"""5fab67750091c9411f2bc1aa""",国家自然科学基金,年度报告,2019,中威电子：2019年年度报告（更新后）,300270.SZ,中威电子,制造业,计算机、通信和其他电子设备制造业,浙江省,个人,http://vip.stock.finance.sina.com.cn/corp/go.php/vCB_Bulletin/stockid/300270/page_type/ndbg.phtml,,,,第二节 公司简介和主要财务指标,615,朱伟平先生：1967年7月出生，中国国籍，拥有加拿大永久居留权，浙江大学EMBA。先后就职于戴尔中国公司、思科中国公司和浙江大华技术股份有限公司。2018年1月加入中威电子股份有限公司。现任杭州中威电子股份有限公司常务副总裁、中国城市科学研究会数字城市专业委员会成员、联合国人居署城市可持续发展中方特别顾问、杭州大学生创业导师；2019年5月起任公司董事、副总经理。,沈俊杰先生：1985年9月出生，中国国籍，无境外居留权，博士研究生学历，高级工程师；曾任职于索尼中国有限公司，并先后参与创立数家新能源新材料相关行业企业，拥有丰富的工程技术经验，现任杭实股权投资基金管理（杭州）有限公司投资总监。曾主持/参与国家火炬计划项目、国家自然科学基金项目、市区级科技项目多项，并在国内外知名杂志上发表SCI论文20余篇，在新材料及其制备工艺技术、生产测试设备等方面获多项授权专利。沈俊杰先生目前兼任大连电瓷集团股份有限公司（002606）董事、杭州百子尖科技股份有限公司董事。2019年3月起任公司董事。,俞立先生：1961年6月出生，中国国籍，无境外居留权，博士研究生学历。获国务院政府特殊津贴、浙江省有突出贡献的中青年专家、浙江省教学名师、浙江省优秀留学回国人员、“新世纪百千万人才工程”国家级人选、国家杰出青年科学基金、
"""5fab67750091c9411f2bc1ab""",国家自然科学基金,年度报告,2019,欧比特：2019年年度报告（更新后）,300053.SZ,欧比特,制造业,计算机、通信和其他电子设备制造业,广东省,地方国资委,http://vip.stock.finance.sina.com.cn/corp/go.php/vCB_Bulletin/stockid/300053/page_type/ndbg.phtml,,,,第二节公司简介和主要财务指标,651,,国人民大学，管理学博士，香港中文大学博士后。自2010年起执教于北京航空航天大学经济管理学院，现任经济管理学院会计系主任、副教授、硕士研究生导师。主要研究方向为公司财务与资本市场。目前已主持和完成2项国家自然科学基金项目。已在国内外核心期刊发表30余篇学术论文。2013年入选财政部全国会计领军（后备）人才。现任公司独立董事。,
"""5fab67750091c9411f2bc1ac""",国家自然科学基金,年度报告,2019,美联新材：2019年年度报告（更新后）,300586.SZ,美联新材,制造业,橡胶和塑料制品业,广东省,个人,http://vip.stock.finance.sina.com.cn/corp/go.php/vCB_Bulletin/stockid/300586/page_type/ndbg.phtml,,,,,2227,,，审计师。2013年8月至2018年10月，任美联新材财务部经理；2018年11月至今，任美联新材董事、财务副总监。马北雁：男，中国国籍，无境外永久居住权，出生于1970年7月，中国科学院博士。曾主持国家自然科学基金青年项目，曾获“广东省科学院科技进步二等奖”、“广东科协献计献策奖”等。2000年7月至2005年8月，任平安证券有限责任公司综合研究所行业公司部副总经理；2005年9月至2008年4,
"""5fab67750091c9411f2bc1ad""",国家自然科学基金,年度报告,2019,*ST麦趣：2019年年度报告（更新后）,002719.SZ,*ST麦趣,制造业,食品制造业,新疆维吾尔自治区,个人,http://vip.stock.finance.sina.com.cn/corp/go.php/vCB_Bulletin/stockid/002719/page_type/ndbg.phtml,,,,第二节 公司简介和主要财务指标,524,,”大会共同主席。黄卫宁先生一直致力于现代烘焙科学交叉生物发酵技术、功能食品配料和食品添加剂领域的高等教学、科学研究和产业化工程开发工作，是食品科学与工程国家级重点学科第一位“太湖学者”，先后承担和参与国家自然科学基金、“863”、“十一五”、“十二五”、国家农业科技成果转化资金等10多项国家与国际科研项目，同时获得发明专利授权30多项，建立多条特种烘焙食品现代化工程生产线；2018年荣获美国AAC,
"""5fab67750091c9411f2bc1ae""",国家自然科学基金,年度报告,2019,华达科技：2019年年度报告,603358.SH,华达科技,制造业,汽车制造业,江苏省,个人,http://vip.stock.finance.sina.com.cn/corp/go.php/vCB_Bulletin/stockid/603358/page_type/ndbg.phtml,,,,第二节 公司简介和主要财务指标,592,,有限公司车间主任、生产部部长、总经理助理等职。现任本公司副总经理。林建平现任同济大学教授、博士生导师、中国模具工业协会冷冲模委员会副主任、机械工业科学技术奖会评专家、上海市科技进步奖和发明奖评审专家、国家自然科学基金评审专家、美国汽车工程学会（SAE）会员、上海模具工业协会技术委员会 主任、汽车模具技术委员会委员、中国机械工程学会高级会员等。陈琴曾任柏木教委财务科长兼总帐会计，目前任职于靖江城中小,
"""5fab67750091c9411f2bc1af""",国家自然科学基金,年度报告,2019,厦门国贸：2019年年度报告,600755.SH,厦门国贸,电力、热力、燃气及水的生产和供应业,批发业,福建省,地方国资委,http://vip.stock.finance.sina.com.cn/corp/go.php/vCB_Bulletin/stockid/600755/page_type/ndbg.phtml,,,,第二节 公司简介和主要财务指标,670,,吴世农现任厦门国贸集团股份有限公司独立董事，厦门大学管理学院教授、博士生导师，曾任厦门大学管理学院院长、副校长，以及全国MBA教育指导委员会副主任委员、国务院学科评议组工商管理学科评议组成员兼召集人、国家自然科学基金委员会委员等。毛付根现任厦门国贸集团股份有限公司独立董事，厦门大学管理学院教授。郑甘澍现任厦门国贸集团股份有限公司独立董事，曾任厦门大学经济学院教授。王燕惠现任厦门国贸集团股份有限公司,
"""5fab67750091c9411f2bc1b0""",国家自然科学基金,年度报告,2019,东软集团：2019年年度报告,600718.SH,东软集团,信息传输、软件和信息技术服务业,软件和信息技术服务业,辽宁省,无实际控制人,http://vip.stock.finance.sina.com.cn/corp/go.php/vCB_Bulletin/stockid/600718/page_type/ndbg.phtml,,,,第二节 公司简介和主要财务指标,816,,，第八、九、十届全国政协委员。刘积仁于1982年获得硕士学位，1986年至1987年在美国国家标准局计算机研究院做博士论文，1987年成为中国第一个计算机应用专业博士，1991年创立东软。刘积仁曾主持国家自然科学基金、国家“863”项目、火炬计划、国家经贸委、科技部、工信部、原冶金部等多项重大课题的研究工作，在计算机网络、多媒体技术、软件工程方面取得了多项科研成果，被国家授予“有突出贡献的中国博士,
"""5fab67750091c9411f2bc1b1""",国家自然科学基金,年度报告,2019,彩虹股份：2019年年度报告,600707.SH,彩虹股份,制造业,计算机、通信和其他电子设备制造业,陕西省,地方国资委,http://vip.stock.finance.sina.com.cn/corp/go.php/vCB_Bulletin/stockid/600707/page_type/ndbg.phtml,,,,第二节 公司简介和主要财务指标,606,,彭俊彪华南理工大学教授，广东省特聘教授。国家科技部“十五”“863”光电子主题专家，国家自然科学基金委信息学部专家。一直从事印刷型有机/高分子发光显示（OLED）新材料和新工艺研究，曾组建“广州新视界光电科技有限公司”，孵化AMOLED前沿产业技术，担任总经理；彭俊彪教授负责的课题组,
"""5fab67750091c9411f2bc1b2""",国家自然科学基金,年度报告,2019,北信源：2019年年度报告,300352.SZ,北信源,信息传输、软件和信息技术服务业,软件和信息技术服务业,北京市,个人,http://vip.stock.finance.sina.com.cn/corp/go.php/vCB_Bulletin/stockid/300352/page_type/ndbg.phtml,,,,第二节 公司简介和主要财务指标,668,高曦，中国国籍，无境外永久居留权，1977年生，硕士。曾任唐山燕山电器有限公司软件开发员，北信源有限董事、副总经理；现任公司董事、副总经理、研发总监，北信源（马来西亚）董事，北京信源匡恩工控安全科技有限公司董事。,胡建斌，中国国籍，无境外永久居留权，1971年生，计算机软件与理论博士。先后主持国家自然科学基金、科技部国际合作重大专项、军口863、总装预研等20余项课题，获得国家科技进步二等奖1项、军队科技进步奖5项，发表SCI/EI检索学术论文60余篇，拥有发明专利2项。曾任北京大学网络和软件安全保障教育部重点实验室副主任。现任公司董事、首席战略官，北京辰信领创信息技术有限公司董事。,李涛，中国国籍，无境外永久居留权，1961年生，博士。华北电力大学经济管理学院会计学教授、河南平高电气股份有限公司独立董事，现任公司独立董事。
"""5fab67750091c9411f2bc1b2""",国家自然科学基金,年度报告,2019,北信源：2019年年度报告,300352.SZ,北信源,信息传输、软件和信息技术服务业,软件和信息技术服务业,北京市,个人,http://vip.stock.finance.sina.com.cn/corp/go.php/vCB_Bulletin/stockid/300352/page_type/ndbg.phtml,,,,第二节 公司简介和主要财务指标,670,李涛，中国国籍，无境外永久居留权，1961年生，博士。华北电力大学经济管理学院会计学教授、河南平高电气股份有限公司独立董事，现任公司独立董事。,齐越，中国国籍，男，1969年生，博士，教授，博士生导师。北京航空航天大学计算机学院工作。美国哈佛大学高级访问学者。主要从事虚拟现实、增强现实等方面研究。主持了国家自然科学基金、国家重点研发计划、国家863计划、国家科技支撑计划等科研项目。在国内外重要学术期刊和会议发表论文80余篇，出版学术著作1部；获中国发明专利授权20余项；获国家科技进步一等奖1项，教育部技术发明一等奖1项。现任公司独立董事。,杨逢柱，中国国籍，无境外永久居留权，1978年生，国际法博士。曾任江西省燕真了商标事务所专员，曾获得北京中医药大学“就业先进个人”，北京中医药大学优秀教师。曾出版《法律基础》、《中医药法学》等文献。现任北京中医药大学法律系主任、副教授、北京北中医国医堂医疗健康管理有限公司董事。现任公司独立董事。
"""5fab67750091c9411f2bc1b4""",国家自然科学基金,年度报告,2019,名臣健康：2019年年度报告,002919.SZ,名臣健康,制造业,化学原料及化学制品制造业,广东省,个人,http://vip.stock.finance.sina.com.cn/corp/go.php/vCB_Bulletin/stockid/002919/page_type/ndbg.phtml,,,,第二节 公司简介和主要财务指标,622,1、陈勤发先生：1968年出生，中国国籍，无境外永久居留权。北京大学光华管理学院EMBA 在读。公司创始人，自2004年至今担任广东省轻工业协会香精香料化妆品洗涤用品专业分会副会长；2008年至今担任中国洗涤用品工业协会常务理事、汕头市工商业联合会常务委员；2010年至今担任中国质量检验协会常务理事；2011年至今担任中国香精香料化妆品工业协会副理事长、广东日化商会常务理事长；2014年至今担任中国口腔清洁护理用品工业协会常务理事，历任汕头市第十三届人大代表、汕头市澄海区第九届政协委员、汕头市澄海区第八届政协常务委员等。现任公司董事长、总经理，名臣销售法定代表人、总经理，嘉晟印务法定代表人、总经理，裕康投资执行董事、法定代表人。     2、许绍壁先生：1962年出生，中国国籍，无境外永久居留权。高中学历，曾任职于澄海县水产公司、澄海县水产制品贸易公司、澄海县食杂品公司。2001年9月起创办嘉晟印务，并担任法定代表人、总经理。2013年1月起加入名臣健康，曾任公司监事，现任公司副董事长，名臣销售监事，嘉晟印务监事。     3、彭小青先生：1970年出生，中国国籍，无境外永久居留权。本科学历，会计师，中国注册会计师。历任湖南雪峰水泥集团有限公司审计负责人、财务负责人，广东正中珠江会计师事务所项目经理、部门副经理等职。2013年9月起加入名臣健康，现任公司董事、副总经理、财务总监。     4、林典希先生：1963年出生，中国国籍，无境外永久居留权。本科学历，政工师。历任汕头大洋集团总经理办公室秘书，广东发展银行汕头分行办公室主任助理、分行党委委员、委员办公室副主任、工会主席、潮阳支行行长、人力资源部总经理，拉芳家化股份有限公司总裁办公室主任、副总经理。2014年10月起加入名臣健康，现任公司董事、副总经理兼总经理办公室主任。     5、蔡建生先生：1976年出生，中国国籍，无境外永久居留权。硕士学历，执业律师。现为广东渠源律师事务所合伙人，广东省律师协会知识产权专业委员会委员、汕头市知识产权专家库成员，汕头仲裁委员会仲裁员。2015年12月起任本公司独立董事。     6、王佩清先生：1967年出生，中国国籍，无境外永久居留权。大专学历，会计师、中国注册会计师、注册税务师、注册资产评估师；2006年1月至12月任广东康元会计师事务所部门经理，2007年1月至11月任大华天诚会计师事务所部门经理，2007年11月至2013年6月任众业达电气股份有限公司财务总监兼董事会秘书（2013 年3月辞去董事会秘书职务，任财务总监），2013年7月至2017年11月任泰斗微电子科技有限公司财务总监，自2017年12月起，任红谷尚品集团股份有限公司副总裁。2015年12月起任本公司独立董事。     7、钟晓明先生：1962年出生，中国国籍，无境外永久居留权。硕士学历，浙江大学天然产物及个人护理专业首席科学家，教授、博导；兼任卫生部、国家食品药品监督管理总局化妆品审评资深专家、化妆品评审委员会主任委员、国家化妆品标准委员会委员、国家药监局化妆品安全风险委员会委员、中国卫生监督协会化妆品科分会常务理事，科技部、卫生部、教,育部、国家自然科学基金专家库专家，华东医药股份有限公司独立董事；历任金陵药业股份有限公司等上市公司独立董事，中国香精香料化妆品协会、广东日化商会专家顾问等职。2015年12月起任本公司独立董事。,（二）监事
"""5fab67750091c9411f2bc1b6""",国家自然科学基金,年度报告,2019,棕榈股份：2019年年度报告,002431.SZ,棕榈股份,电力、热力、燃气及水的生产和供应业,土木工程建筑业,河南省,地方政府,http://vip.stock.finance.sina.com.cn/corp/go.php/vCB_Bulletin/stockid/002431/page_type/ndbg.phtml,,,,第二节 公司简介和主要财务指标,629,王海刚：男，中国国籍，1978年生，中共党员，法学学士，律师。曾任南京栖霞建设股份有限公司法务部副总经理、总经理、总裁助理，棕榈生态城镇发展股份有限公司监事会主席；现任南京栖霞建设股份有限公司副总裁、董事会秘书；南京东方房地产开发有限公司监事；南京栖霞区汇锦农村小额贷款有限公司监事会主席，棕榈生态城镇发展股份有限公司董事。,刘金全：男，中国国籍，1964年生，经济学博士，教授，博导，历任吉林大学商学院院长、数量经济研究中心副主任等职务；现任广州大学经济与统计学院教授，教育部长江学者特聘教授、国家万人计划哲学社会科学领军人才、国家百千万人才工程国家级人选、全国百篇优秀博士论文指导教师、吉林金融研究中心主任、教育部工商管理硕士教学指导委员会委员、国家社会科学基金和国家自然科学基金评审专家，棕榈生态城镇发展股份有限公司独立董事。,胡志勇：男，中国国籍，1965年生，中共党员，博士，会计学教授，博士生导师，博士后合作导师，现任广州大学经济与统计学院MPAcc中心主任。曾任广州大学财务处副处长，广州大学华软软件学院副院长，广州大学松田学院院长，广州大学智慧金财税研究所所长，广东省智慧金财税工程技术研究中心主任，粤港智慧金财税联合创新中心主任。现兼任广东省会计学会常务理事，广州市财政会计学会会长，广州市会计师公会副会长，广东省税务学会理事，广州市审计学会理事，广东省第六届学位委员会会计专业硕士教指委委员，广东省管理会计师协会高校教育委员会副主任委员，广东省正高级会计师专业技术资格评审专家，广
"""5fab67750091c9411f2bc1b6""",国家自然科学基金,年度报告,2019,棕榈股份：2019年年度报告,002431.SZ,棕榈股份,电力、热力、燃气及水的生产和供应业,土木工程建筑业,河南省,地方政府,http://vip.stock.finance.sina.com.cn/corp/go.php/vCB_Bulletin/stockid/002431/page_type/ndbg.phtml,,,,第二节 公司简介和主要财务指标,631,,州市高级会计师专业技术资格评审专家，广州市国资委外部董事专家库专家，国家自然科学基金评委，广东省财政厅会计专家库专家，广东省科技厅专家库专家，曾任粤泰集团股份有限公司、南方风机股份有限公司和中山大学达安基因股份有限公司独立董事，现任威创集团股份有限公司、广州珠江实业开,
"""5fab67750091c9411f2bc1b7""",国家自然科学基金,年度报告,2019,天原集团：2019年年度报告,002386.SZ,天原集团,制造业,化学原料及化学制品制造业,四川省,地方国资委,http://vip.stock.finance.sina.com.cn/corp/go.php/vCB_Bulletin/stockid/002386/page_type/ndbg.phtml,,,,第二节 公司简介和主要财务指标,612,,人计划，四川大学化工之星科技青年人才，四川大学优秀青年基金 ；四川大学化学工程学院长助理; 化学工程与工艺专业实践训练教研室主任;成都市青年联合委员会第十三届委员;九三学社四川大学委员会二支社副主委。国家自然科学基金委专家；四川省科技厅专家；四川省消防总队专家 。    王敏志先生：38岁，法学硕士（涉外经济法方向）、经济学博士。浙江六和律师事务所公司部副主任，税务合规研究中心主任，杭州市律师协会,
"""5fab67750091c9411f2bc1b8""",国家自然科学基金,年度报告,2019,中恒电气：2019年年度报告,002364.SZ,中恒电气,制造业,电气机械及器材制造业,浙江省,个人,http://vip.stock.finance.sina.com.cn/corp/go.php/vCB_Bulletin/stockid/002364/page_type/ndbg.phtml,,,,第二节 公司简介和主要财务指标,506,,通讯事业部经理、中恒电气通讯事业部销售总监、工会主席等职务。并于2007年5月至2010年5月期间担任公司第三届监事会监事，现担任公司董事、副总经理。周庆捷先生，1964年出生，博士学位，曾承担并主持国家自然科学基金项目。曾任保定市博瑞电力自动化有限公司董事长、总经理。现担任公司董事、北京中恒博瑞数字电力科技有限公司董事长。刘洁女士，1981年出生，硕士研究生学历。曾先后就职于浙江华立科技有限公司,
"""5fab67750091c9411f2bc1b9""",国家自然科学基金,年度报告,2019,美年健康：2019年年度报告,002044.SZ,美年健康,卫生和社会工作业,卫生,江苏省,个人,http://vip.stock.finance.sina.com.cn/corp/go.php/vCB_Bulletin/stockid/002044/page_type/ndbg.phtml,,,,第二节 公司简介和主要财务指标,114,在产品创新方面，2019年公司又推出“美年好医生1+X系列”产品，依据疾病诊断“金标准”，聚焦单病种，针对心脑血管、糖尿病、肿瘤高发疾病和消费者的不同健康需求，定制个性化、多样化的慢病及防癌体检套餐，让消费者体验适合个体情况的健康体检、全流程的健康管理及无后顾之忧的健康保障。,（七）参与国家自然科学基金重大项目，助力科研新发现,2019年，美年健康联合新华社中国经济信息社发布了“健康中国·体检大数据糖尿病地图”，以体检指标数据为抓手，通过大数据分析，用地图方式呈现各地区成人糖尿病患病情况。美年研究院在世界糖尿病大会上，报告并展示了多项研究成果，实现科技成果向健康领域转化，为客户的健康管理体验带来更多可能。
"""5fab67750091c9411f2bc1bd""",国家自然科学基金,年度报告,2019,顺利办：2019年年度报告,000606.SZ,顺利办,信息传输、软件和信息技术服务业,互联网和相关服务,青海省,无实际控制人,http://vip.stock.finance.sina.com.cn/corp/go.php/vCB_Bulletin/stockid/000606/page_type/ndbg.phtml,,,,第二节 公司简介和主要财务指标,542,连杰先生，汉族，本科、长江商学院FMBA（在职金融工商管理硕士）在读。曾任平安银行天津分行市场九部对公客户经理。现任顺利办信息服务股份有限公司董事，天津滨海浙商投资集团有限公司副总经理，天津昊娱文化传媒有限公司执行董事，霍尔果斯昊娱文化传媒有限公司执行董事兼总经理，洪晟观通（天津）企业管理咨询有限公司监事。,王爱俭女士，汉族，金融学教授、博士生导师，民建会员。曾任天津财经大学副校长。现任天津财经大学教授博导，中国滨海金融协同创新中心主任，民建中央财政金融委员会副主任，顺利办信息服务股份有限公司独立董事，天津市医药集团有限公司董事。国家社科、国家自然科学基金同行评议专家，天津市劳动模范，天津市五一劳动奖章获得者，享受国务院特殊津贴。,张萱女士，汉族，本科、长江商学院EMBA、清华五道口金融学院EMBA，中国注册会计师、高级会计师。曾任五洲会计师事务所副主任会计师，五联方圆会计师事务所副主任会计师。现任信永中和会计师事务所合伙人，顺利办信息服务股份有限公司、天津劝业场(集团)股份有限公司、苏州兴业材料科技股份有限公司、湖北仰帆控股股份有限公司、福建三钢闽光股份有限公司独立董事。
"""5fab67750091c9411f2bc1be""",国家自然科学基金,年度报告,2019,柳工：2019年年度报告,000528.SZ,柳工,制造业,专用设备制造业,广西壮族自治区,地方国资委,http://vip.stock.finance.sina.com.cn/corp/go.php/vCB_Bulletin/stockid/000528/page_type/ndbg.phtml,,,,第二节  公司简介和主要财务指标,629,,国务院颁发的政府特殊津贴，1997年入围北京跨世纪人才工程，2012年荣获北京市教学名师。先后获得5项部级科研成果奖。主持完成10多项国家和部级科学基金项目及20多项企业咨询项目，其中国家自然科学基金重点项目“国家外汇储备的多元化和国际资产配臵模型”2013年以优秀验收。曾出席两次中国科协组织的“青年科学家论坛”。在《经济研究》、《管理世界》、《经济学季刊》、《金融研究》、《世界经,
"""5fab67750091c9411f2bc1bf""",国家自然科学基金,年度报告,2019,渤海租赁：2019年年度报告,000415.SZ,渤海租赁,租赁和商务服务业,租赁业,新疆维吾尔自治区,其他,http://vip.stock.finance.sina.com.cn/corp/go.php/vCB_Bulletin/stockid/000415/page_type/ndbg.phtml,,,,第二节公司简介和主要财务指标,696,9.独立董事赵慧军女士,女，1964年生，黑龙江省齐齐哈尔人，博士，教授，博士生导师。先后就读于东北师范大学（学士）、北京师范大学（硕士）、俄罗斯国立莫斯科大学（博士）。曾作为访问学者到香港科技大学商学院、俄罗斯圣彼得堡大学管理学院研修组织与人力资源管理。现任首都经济贸易大学工商管理学院教授，兼国家自然科学基金委管理学科研究项目、教育部人文社会科学研究项目通讯评审专家，北京行为科学学会副会长，渤海租赁股份有限公司独立董事。,㈡监事
"""5fab67750091c9411f2bc1c0""",国家自然科学基金,年度报告,2019,星光农机：2019年年度报告,603789.SH,星光农机,制造业,专用设备制造业,浙江省,个人,http://vip.stock.finance.sina.com.cn/corp/go.php/vCB_Bulletin/stockid/603789/page_type/ndbg.phtml,,,,第二节 公司简介和主要财务指标,622,,蒋建东男，1974年11月出生，中国国籍，汉族，中共党员，博士研究生学历，教授，博士生导师。荷兰wageningen 大学访问学者。中国农业机械学会高级会员，浙江省装备制造业智能农机产业技术联盟理事，国家自然科学基金通讯评审专家，浙江省科技计划评审专家、金华市“双龙计划”等项目评审专家。2007年入选浙江省新世纪“151”人才工程第三层次，2013年入选浙江省高等学校中青年学科带头人，2013年入,
"""5fab67750091c9411f2bc1c1""",国家自然科学基金,年度报告,2019,海鸥股份：2019年年度报告,603269.SH,海鸥股份,制造业,通用设备制造业,江苏省,个人,http://vip.stock.finance.sina.com.cn/corp/go.php/vCB_Bulletin/stockid/603269/page_type/ndbg.phtml,,,,第二节 公司简介和主要财务指标,655,,、城市轨道交通学院副院长，2020年4月起任常州大学高层次人才办公室副主任兼人事处副处长、常州大学党委教师工作部副部长，2017年1月至今任海鸥股份独立董事。现兼任江苏省机械工程学会摩擦学委员会委员、国家自然科学基金委员会机械工程学科同行评议专家。许智钧1990年至1996年任台湾安德生股份有限公司业务经理，1996年至2011年任馥盛国际贸易有限公司总经理，2007年5月至2014年11月任亚洲,
"""5fab67750091c9411f2bc1c1""",国家自然科学基金,年度报告,2019,海鸥股份：2019年年度报告,603269.SH,海鸥股份,制造业,通用设备制造业,江苏省,个人,http://vip.stock.finance.sina.com.cn/corp/go.php/vCB_Bulletin/stockid/603269/page_type/ndbg.phtml,,,,第二节 公司简介和主要财务指标,670,,纪微电子股份有限公司独立董事2016年12月刘永宝恐龙园文化旅游集团股份有限公司独立董事2017 年9月9日刘麟常州大学副教授2011年1月刘麟江苏省机械工程学会摩擦学委员会委员2017年1月1日刘麟国家自然科学基金委员会机械工程学科同行评议专家2012年3月1日刘志正常州市金坛金鸥水处理有限公司水处理部经理2003年5月16日吴晓鸣常州南部投资有限公司财务经理2009年8月吴晓鸣常州市华诚常半微,
"""5fab67750091c9411f2bc1c2""",国家自然科学基金,年度报告,2019,格力地产：2019年年度报告,600185.SH,格力地产,房地产业,房地产业,广东省,地方国资委,http://vip.stock.finance.sina.com.cn/corp/go.php/vCB_Bulletin/stockid/600185/page_type/ndbg.phtml,,,,第二节 公司简介和主要财务指标,542,,国庆历任中国人民大学贸易经济系副主任、中国人民大学工商管理学院副院长。现任中国人民大学商学院教授、博士生导师，中国人民大学中国市场营销研究中心主任；兼任中国高校市场学研究会顾问，中国商业史学会副会长，国家自然科学基金委员会管理科学部评审组专家，英国牛津大学国际研究员，泰国正大管理学院兼职教授、博士生导师。2017年12月起任丰润生物科技股份有限公司独立董事，2019年1月起任华致酒行连锁管理股份有,
"""5fab67750091c9411f2bc1c3""",国家自然科学基金,年度报告,2019,宝钢股份：2019年年度报告,600019.SH,宝钢股份,制造业,黑色金属冶炼及压延加工业,上海市,国资委,http://vip.stock.finance.sina.com.cn/corp/go.php/vCB_Bulletin/stockid/600019/page_type/ndbg.phtml,,,,第二节 公司简介和主要财务指标,700,,大学管理学院院长、教授、博士生导师，宝山钢铁股份有限公司独立董事。 陆先生主要从事中国不成熟市场营销、因特网经济、区域经济和企业组织变革等方面的研究。在国内外权威刊物和会议上发表五十余篇论文；主持完成国家自然科学基金重点课题、上海市人民政府重大决策咨询、教育部优秀青年教师资助计划、复旦大学重点社科项目等研究项目；出版有《民主管理》、《重返经济舞台中心---长三角区域经济的融合转型》（合著）、《出奇,
"""5fab67750091c9411f2bc1c4""",国家自然科学基金,年度报告,2019,光韵达：2019年年度报告（更新后）,300227.SZ,光韵达,制造业,计算机、通信和其他电子设备制造业,广东省,个人,http://vip.stock.finance.sina.com.cn/corp/go.php/vCB_Bulletin/stockid/300227/page_type/ndbg.phtml,,,,第二节公司简介和主要财务指标,602,,所长，文澜特聘教授，中南财经政法大学财务部部长，财政部全国会计领军人才，湖北省新世纪高层次人才工程人选（第二层次），中国注册会计师（非执业会员），国家自然科学基金通讯评议专家，《经济研究》等国内外权威期刊匿名审稿专家，国际公共部门会计理事会（IPSASB）咨询顾问委员会（CAG）委员、联合国教科文组织中国特聘财务专家、中国会计学会政府与非营利组,
"""5fab67750091c9411f2bc1c5""",国家自然科学基金,年度报告,2019,力源信息：2019年年度报告,300184.SZ,力源信息,电力、热力、燃气及水的生产和供应业,批发业,湖北省,个人,http://vip.stock.finance.sina.com.cn/corp/go.php/vCB_Bulletin/stockid/300184/page_type/ndbg.phtml,,,,第二节 公司简介和主要财务指标,647,11、刘林青先生,出生于1974年，中国国籍，无境外居留权，博士研究生学历，注册会计师，中共党员。现为武汉大学经济与管理学院教授，企业管理和产业经济学博士生导师，企业战略管理研究所所长，主持国家社科基金重大项目、国家自然科学基金面上项目等多项国家级纵向课题，获得商务部商务发展优秀成果奖一等奖、二等奖等多项省部级奖励，曾任奥特佳、人福医药独立董事、2017年5月起担任本公司独立董事。现任本公司独立董事，武汉大学经济与管理学院教授，湖北三丰智能输送装备股份有限公司独立董事（300276），香港迈博药业有限公司独立董事（02181）。,公司监事简历：
"""5fab67750091c9411f2bc1c7""",国家自然科学基金,年度报告,2019,万里扬：2019年年度报告,002434.SZ,万里扬,制造业,汽车制造业,浙江省,个人,http://vip.stock.finance.sina.com.cn/corp/go.php/vCB_Bulletin/stockid/002434/page_type/ndbg.phtml,,,,,2391,卢颐丰：男，1969年生，汉族，中共党员，法学硕士。历任金华市婺城区人民法院法官；金华市婺城区政法委副书记；金华市婺城区城北街道党工委书记；金华市婺城区财政局局长；金华市婺城区人民政府副区长；金华市城乡发展有限公司董事长兼总经理；世纪龙腾控股集团有限公司副总裁。现任浙江丰畅律师事务所律师。卢颐丰先生在法律事务方面拥有丰富的工作经验。卢颐丰先生已取得深圳证券交易所颁发的独立董事资格证书。现为公司独立董事。,程光明：男，1957年生，汉族，中共党员，博士，教授、博导。历任唐山工程技术学院教师；吉林工业大学机械学院教授；浙江师范大学工学院教授；机械工程学科带头人；浙江师范大学精密机械与智能结构科研团队负责人；浙江师范大学省机械电子工程重点学科负责人等。主要研究方向：机械电子工程，机电液系统设备研究，汽车摩擦材料测试方法与测试设备研制等。承担国家863计划项目、国家自然科学基金项目、教育部重大项目培育资金项目、其他部省级项目20多项。发表学术论文200多篇（其中SCI、EI收录90多篇），获得国家授权专利20多项。程光明先生已取得深圳证券交易所颁发的独立董事资格证书。现为公司独立董事。,刘伟：男，1970年生，汉族，中共党员，本科学历，注册会计师。历任金华市联运
"""5fab67750091c9411f2bc1c8""",国家自然科学基金,年度报告,2019,天邦股份：2019年年度报告,002124.SZ,天邦股份,制造业,农副食品加工业,浙江省,个人,http://vip.stock.finance.sina.com.cn/corp/go.php/vCB_Bulletin/stockid/002124/page_type/ndbg.phtml,,,,第二节 公司简介和主要财务指标,683,,级访问学者。管理科学研究专家。2000年起享受国务院特殊津贴，出版个人专著12部，主编著作和教材31余部，发表文章130余篇，获得省部级以上科研奖10余项，主持了多项国家及省部级以上重大研究项目，包括国家自然科学基金项目、国家发改委科技项目、国家教委社科项目、省政府“十五”、“九五”项目等。兼任天邦股权投资管理有限公司董事、江苏康缘集团有限责任公司董事、江苏三六五网络股份有限公司董事及独立董事、江,
"""5fab67750091c9411f2bc1cb""",国家自然科学基金,年度报告,2019,科沃斯：2019年年度报告,603486.SH,科沃斯,制造业,电气机械及器材制造业,江苏省,个人,http://vip.stock.finance.sina.com.cn/corp/go.php/vCB_Bulletin/stockid/603486/page_type/ndbg.phtml,,,,第二节 公司简介和主要财务指标,572,,奖1项；作为课题负责人承接军口863项目3项、军口973项目1项；作为课题负责人和主要研究人员承接陆军装备部无人驾驶汽车领域的“八五”、“九五”、“十五”和“十一五”的科研项目多项；作为课题负责人承接国家自然科学基金1项，参与多项。在“十三五”期间，担任陆军装备部某无人车项目负责人。现任本公司独立董事。高倩女，1981年7月出生，工商管理硕士学位，中国国籍，无境外永久居留权。2011年毕业于南京大,
"""5fab67750091c9411f2bc1cc""",国家自然科学基金,年度报告,2019,美康生物：2019年年度报告,300439.SZ,美康生物,制造业,医药制造业,浙江省,个人,http://vip.stock.finance.sina.com.cn/corp/go.php/vCB_Bulletin/stockid/300439/page_type/ndbg.phtml,,,,第二节公司简介和主要财务指标,777,,。2007年6月毕业于山西农业大学生物工程专业，2009年6月获得江南大学食品科学专业硕士学位。2009年5月至今就职于本公司，现担任本公司监事、试剂研发副总监。贾江花女士于2007年至2009年参与国家自然科学基金（20436020）生物防腐剂苯乳酸课题中产苯乳酸酶-重组乳酸脱氢酶的研究；2009年至今，主持了K、Na、G6PD、NEFA、P-AMY等多项临床诊断试剂盒的研发以及NEFA试剂盒中,
"""5fab67750091c9411f2bc1ce""",国家自然科学基金,年度报告,2019,张家港行：2019年年度报告,002839.SZ,张家港行,金融业,货币金融服务,江苏省,无实际控制人,http://vip.stock.finance.sina.com.cn/corp/go.php/vCB_Bulletin/stockid/002839/page_type/ndbg.phtml,,,,,398,,院管理科学与工程系副主任、商学院金融与保险学系主任，荣获教育部新世纪优秀人才、南京大学中青年学术带头人称号、江苏省哲学社会科学奖等。在《经济研究》、《管理世界》、《金融研究》等期刊发表文章近百篇，主持国家自然科学基金和社会科学基金项目多项。现任本行独立董事及南京大学工程管理学院和商学院教授、博士生导师。杨钧辉先生1972年4月出生，博士学历，江苏省律师协会理事、苏州市律师协会副会长、苏州市新区社会,
"""5fab67750091c9411f2bc1cf""",国家自然科学基金,年度报告,2019,富煌钢构：2019年年度报告,002743.SZ,富煌钢构,制造业,金属制品业,安徽省,个人,http://vip.stock.finance.sina.com.cn/corp/go.php/vCB_Bulletin/stockid/002743/page_type/ndbg.phtml,,,,第二节 公司简介和主要财务指标,584,,吊车梁疲劳有限元分析及应用》和《CFRP加固H型钢梁数值模拟分析》；参与了省自然科学基金半刚性连接钢框架节点体系的理论分析与实验研究、省自然科学基金钢框架半刚性连接整体性能的拟动力实验研究与理论分析、国家自然科学基金等多项科研项目；同时主持了二十余项安徽省重大工程结构设计和大型工程检测抗震加固项目。目前兼任安徽建筑大学硕导，中建金协钢结构桥梁分会副会长，合肥市装配式建筑专家，巢湖市青年商会会长，2,
"""5fab67750091c9411f2bc1d0""",国家自然科学基金,年度报告,2019,奥佳华：2019年年度报告,002614.SZ,奥佳华,制造业,电气机械及器材制造业,福建省,个人,http://vip.stock.finance.sina.com.cn/corp/go.php/vCB_Bulletin/stockid/002614/page_type/ndbg.phtml,,,,第二节公司简介和主要财务指标,492,9、常小荣：中国国籍，无境外居留权，女，1956 年出生，湖南中医药大学教授、博士生导师。现任公司独立董事。目前还兼任国家中医药管理局经穴-脏腑相关重点研究室主任，湖南省针灸学会会长，中国,针灸学会循证医学专业委员会副主任委员，中国针灸学会灸法专业委员会副主任委员，国家自然科学基金委员会国家自然科学基金课题函审专家。10、杨艳：中国国籍，无境外居留权，女，1976年出生，本科学历。1999年2月加入本公司，现任公司监事会主席、海外市场部业务经理。,11、王宏伟：中国国籍，无境外居留权，男，1976年出生，研究生学历。曾任厦工机械股份有限公司法务主管、万利达集团法务经理。现任公司监事、公司法务部副经理。
"""5fab67750091c9411f2bc1d0""",国家自然科学基金,年度报告,2019,奥佳华：2019年年度报告,002614.SZ,奥佳华,制造业,电气机械及器材制造业,福建省,个人,http://vip.stock.finance.sina.com.cn/corp/go.php/vCB_Bulletin/stockid/002614/page_type/ndbg.phtml,,,,第二节公司简介和主要财务指标,503,,室主任2005年10月15日至今否湖南省针灸学会会长2017年10月20日至今否中国针灸学会循证医学专业委员会副主任委员2009年11月03日至今否灸法专业委员会副主任委员2017年11月12日至今否国家自然科学基金委员会国家自然科学基金课题函审专家2009年12月05日至今否在其他单位任职情况的说明无,
"""5fab67750091c9411f2bc1d1""",国家自然科学基金,年度报告,2019,以岭药业：2019年年度报告,002603.SZ,以岭药业,制造业,医药制造业,河北省,个人,http://vip.stock.finance.sina.com.cn/corp/go.php/vCB_Bulletin/stockid/002603/page_type/ndbg.phtml,,,,第二节公司简介和主要财务指标,105,2、公司所处的行业地位,公司为国家创新型企业，先后承担和完成了两项“973”计划、“863”计划、国家自然科学基金、国家“十五”攻关、“十一五”支撑、“十二五”重大新药创制等三十余项国家、省部级科研项目，荣获六项国家重大科技成果大奖，何梁何利奖及一批省部级奖励，取得国内外发明专利四百余项。,从行业排名情况看，在中国医药工业百强评选中，公司名列“2018年度中国中药工企业TOP100排行榜”第11位。在2019（第36届）全国医药工作信息中心年会上发布的“2018年度中国医药工业百强榜”排名第67位。
"""5fab67750091c9411f2bc1d1""",国家自然科学基金,年度报告,2019,以岭药业：2019年年度报告,002603.SZ,以岭药业,制造业,医药制造业,河北省,个人,http://vip.stock.finance.sina.com.cn/corp/go.php/vCB_Bulletin/stockid/002603/page_type/ndbg.phtml,,,,,1730,,"治疗糖尿病视网膜病变的开发研究项目30,000.129,999.9620,000.16与资产相关国家科技重大专项“重大新药创制”项目50,000.00411,160.00461,160.00与收益相关国家自然科学基金81773990课题50,000.0050,000.00与收益相关半夏泻心汤经典名方研发关键技术研究2,487,400.002,487,400.00与收益相关心钠肽介导M2巨噬细胞分型",
"""5fab67750091c9411f2bc1d3""",国家自然科学基金,年度报告,2019,浙江交科：2019年年度报告,002061.SZ,浙江交科,电力、热力、燃气及水的生产和供应业,土木工程建筑业,浙江省,地方国资委,http://vip.stock.finance.sina.com.cn/corp/go.php/vCB_Bulletin/stockid/002061/page_type/ndbg.phtml,,,,,642,,浙江大学）固定研究人员，浙江省科技厅有机硅科技创新团队核心成员，兼任浙江省粘接技术协会理事长，中国化工学会精细化工专业委员会常务委员，《精细化工》、《粘接》等多家国内外重要学术期刊编委或论文评审人员，国家自然科学基金项目通讯评审专家，科技部中小企业创新基金评审专家，浙江省科技厅氟硅新材料技术创新综合试点专家指导组成员，现任公司独立董事。饶金土：男，1965年3月出生，中国国籍，无境外永久居留权，本,
"""5fab67750091c9411f2bc1d4""",国家自然科学基金,年度报告,2019,祥龙电业：2019年年度报告,600769.SH,祥龙电业,电力、热力、燃气及水的生产和供应业,土木工程建筑业,湖北省,地方政府,http://vip.stock.finance.sina.com.cn/corp/go.php/vCB_Bulletin/stockid/600769/page_type/ndbg.phtml,,,,第二节 公司简介和主要财务指标,535,,徐贤浩历任华中科技大学管理学院生产运作与物流管理系副主任，北京国家自然科学基金委员会管理科学部流动项目主任。现任华中科技大学教授，华中科技大学现代物流与服务科学研究所所长，华中科技大学管理学院生产运作与物流管理系书记，武汉祥龙电业股份有限公司独立董事。廖联凯历任,
"""5fab67750091c9411f2bc1d7""",国家自然科学基金,年度报告,2019,兴业证券：2019年年度报告,601377.SH,兴业证券,金融业,资本市场服务,福建省,地方政府,http://vip.stock.finance.sina.com.cn/corp/go.php/vCB_Bulletin/stockid/601377/page_type/ndbg.phtml,,,,第二节 公司简介和主要财务指标,857,,，兼任中国会计学会副会长、财政部中国会计标准战略委员会委员等。吴世农博士研究生，教授。曾任厦门大学“中国-加拿大MBA教育中心”主任、工商管理学院院长、管理学院常务副院长和院长、研究生院院长、副校长；国家自然科学基金委员会委员、国务院学位委员会学科评议组成员兼召集人、教育部科学技术委员会管理学部的学部委员、全国MBA教育指导委员会副主任委员（1994-2013年）、第一至第五届中国大学生“挑战杯”,
"""5fab67750091c9411f2bc1d8""",国家自然科学基金,年度报告,2019,联环药业：2019年年度报告,600513.SH,联环药业,制造业,医药制造业,江苏省,地方国资委,http://vip.stock.finance.sina.com.cn/corp/go.php/vCB_Bulletin/stockid/600513/page_type/ndbg.phtml,,,,第二节 公司简介和主要财务指标,794,,学教研室主任，教授、博士生导师、学科负责人。现兼任国家药典委员会执行委员（药剂专业主任委员），中国药学会药剂专业副主任委员、理事，江苏省药学会和南京药学会药剂专业主任委员、常务理事；科技部863项目、国家自然科学基金和国际合作等项目审评专家，SFDA和江苏省药品和保健食品审评专家，国家发改委药品价格审评专家等。2015年5月起任公司独立董事。陈莹管理科学与工程（金融工程方向）博士。南京大学工程管理,
"""5fab67750091c9411f2bc1d9""",国家自然科学基金,年度报告,2019,宁沪高速：2019年年度报告,600377.SH,宁沪高速,交通运输、仓储和邮政业,道路运输业,江苏省,地方国资委,http://vip.stock.finance.sina.com.cn/corp/go.php/vCB_Bulletin/stockid/600377/page_type/ndbg.phtml,,,,第二节 公司简介和主要财务指标,697,,会委员、薪酬与考核委员会召集人，1972年生，管理学博士，中国社科院经济研究所博士后，现任南京大学商学院金融与保险学系主任、教授、博士生导师。主要研究方向：资产定价、金融工程与风险管理。先后主持和参与国家自然科学基金项目、国家社科基金项目、教育部人文社科基金项目和中国博士后基金项目共计10余项，在国内外权威期刊上发表学术论文30多篇。兼任江苏宏图高科技股份有限公司独立董事。林先生长期从事金融领域研,
"""5fab67750091c9411f2bc1da""",国家自然科学基金,年度报告,2019,浙江龙盛：2019年年度报告,600352.SH,浙江龙盛,制造业,化学原料及化学制品制造业,浙江省,个人,http://vip.stock.finance.sina.com.cn/corp/go.php/vCB_Bulletin/stockid/600352/page_type/ndbg.phtml,,,,第二节 公司简介和主要财务指标,661,,9日起至今任本公司独立董事。徐金发浙江大学管理学院管理工程学、企业管理学教授、博士生导师；1993年起享受国务院政府特殊津贴。现任杭州市企业联合会、杭州市企业家协会、杭州市工业经济联合会等三会副会长，国家自然科学基金、国家社会科学基金评审专家；浙江省科技厅、杭州市科技局等基金评审专家。2016年4月1日起至今任本公司独立董事。陈显明曾任浙江中国轻纺城集团股份有限公司独立董事、三力士股份有限公司独立,
"""5fab67750091c9411f2bc1db""",国家自然科学基金,年度报告,2019,中科信息：2019年年度报告,300678.SZ,中科信息,信息传输、软件和信息技术服务业,软件和信息技术服务业,四川省,中央国有企业,http://vip.stock.finance.sina.com.cn/corp/go.php/vCB_Bulletin/stockid/300678/page_type/ndbg.phtml,,,,,317,,训领域获得国内外专家和用户的好评及推荐；运用高速机器视觉检测技术的烟箱缺条检测、烟用胶囊检测系统持续优化升级。新产品与技术创新成果应用市场的逐步成长为公司提供了不断的增长驱动力。报告期内，公司还争取到国家自然科学基金、四川省科技厅人工智能重大专项、中科院科技服务网络计划重点项目（STS）、中科院西部之光等18项政府研发资金支持。,
"""5fab67750091c9411f2bc1dc""",国家自然科学基金,年度报告,2019,晶盛机电：2019年年度报告,300316.SZ,晶盛机电,制造业,专用设备制造业,浙江省,个人,http://vip.stock.finance.sina.com.cn/corp/go.php/vCB_Bulletin/stockid/300316/page_type/ndbg.phtml,,,,第二节公司简介和主要财务指标,286,,010年11月至2016年12月任公司董事长，2016年12月至今任公司董事。邱敏秀女士在机械设计、流体传动及控制领域拥有丰富的经验，在电液控制技术研究领域卓有建树，多年来承担与参与电液控制技术领域的国家自然科学基金项目、863项目、国家重大科技专项课题以及省部级科技项目30多项；科研成果曾荣获国家发明二等奖、国家科技进步二等奖等国家级奖3项，省、部级科技一等奖4项，二等奖4项；在核心期刊发表学术,
"""5fab67750091c9411f2bc1dd""",国家自然科学基金,年度报告,2019,冠昊生物：2019年年度报告,300238.SZ,冠昊生物,制造业,专用设备制造业,广东省,个人,http://vip.stock.finance.sina.com.cn/corp/go.php/vCB_Bulletin/stockid/300238/page_type/ndbg.phtml,,,,第二节 公司简介和主要财务指标,588,张永明先生：1972年出生，中国国籍，管理学博士，中欧国际工商学院工商管理硕士。曾任北京兴君士贸易有限责任公司主管；北京东方永嘉财经顾问有限公司副总经理；北京开明智达科技有限责任公司董事长；常熟市汽车饰件股份有限公司董事。现任冠昊生物科技股份有限公司法定代表人、董事长；广东知光生物科技有限公司经理；广州永金源投资有限公司法定代表人、执行董事兼总经理；北京天佑兴业投资有限公司法定代表人、执行董事、经理；奥特佳新能源科技股份有限公司法定代表人、董事长；南京奥特佳祥云冷机有限公司法定代表人、执行董事；南京奥特佳新能源科技有限公司董事；江苏天佑金淦投资有限公司法定代表人、执行董事兼总经理；上海益生源药业有限公司董事；北京世纪天富创业投资中心（有限合伙）执行事务合伙人委派代表；北京长江兴业资产管理有限公司法定代表人、执行董事、经理。徐斌先生：1970年5月出生，美国籍，化学学士、工商管理学硕士，细胞与组织工程博士。现任冠昊生物科技股份有限公司副董事长；兼任广州市美昊生物科技有限公司法定代表人、执行董事；冠昊再生型医用植入器械国家工程实验室有限公司法定代表人、执行董事、经理；北京申佑医学研究有限公司董事；广东冠昊生物医用材料开发有限公司经理；广州聚明生物科技有限公司董事。最近五年，均任职于本公司。郑学宝先生：1964年出生，中国国籍，中医学博士，中国人民大学人力资源管理方向博士后，中医疑难杂症与养生保健专家，广东省科普讲师团专家，广东“十大科学传播达人”提名人。现为广州中医药大学教授、博导、博士后合作导师，广州中医药大学国医堂首席专家、高级中医“治未病”养生保健院首席专家。兼任中国中西医结合学会常委，中国民族医药学会健康科普学会副会长，广东中西医结合学会副会长，广东省健康科普联盟执行主席。孙峰女士：1970年12月出生，中国国籍，本科学历，高级工程师。第二军医大学药学院毕业，曾在原军事医学科学院长期从事标准化管理工作，获得军队科学技术进步奖二等奖3项，军队科学技术进步三等奖5项，中国包装总公司科学技术二等奖1项。现任北京天佑投资有限公司副总经理。,黄健柏先生：1954年出生，中国国籍，中南大学商学院二级教授，博士生导师，兼任中国工业经济学会副会长，中国自然资源学会矿产资源专业委员会主任委员。主持过国家自然科学基金重点项目、国家社科基金重大项目，以及国家电网公司、铜陵有色集团、TCL集团等大型企业的咨询项目；发表论文200余篇，向中央和有关部委提交政策咨询报告多篇。目前兼任湖南省兵器工业集团外部董事、山东恒邦冶炼股份有限公司独立董事、株洲西迪技术公司独立董事。,韩俊梅女士：1963年出生，中国国籍，毕业于西南财经大学。曾任职广东金融学院会计学院（已退休）担任会计学教授，会计学院原党总支书记，管理学生工作15余年；曾供职于中国人民银行广州分行，担任中央电视大学《金融会计》课程主讲教师，曾被中国金融教育基金会评为“全国优秀教师”。现担任《会计原理》、《金融会计》本科课程、担任国际金融理财师（AFP）及国际财资管理师（CTP）讲师、 全国十佳金融理财师。曾任新会农村商业银行独立董事，中国太平洋财产保险公司广东分公司专家组成员，佛山市科技金融协会特聘专家组成员。曾多次在国内《浙江金融》、《南方金融》、《人大金融》等杂志上发表论文近30篇，主编国家十一五规划教材《商业银行会计》，参编《欧元创世纪》、《外汇银行会计》等5部书籍。廖文义先生：1962年出生，中国国籍，经济学硕士研究生学历，湖南大学金融专业。曾在湖南大学和广东金融学院担任助教、讲师和副教授、科研处处长、副校长，中国人民银行广东省分行办公室主任、人行广州分行营业管理部副主任、人行东莞分行副行长、人行阳江分行行长、外管局长、中国银监会阳江分局筹备组组长，广东银监局城巿商业银行监管处处长、广西银监局副局长、党委委员（副厅级）；广东南粤银行总行副行长（行长级）、执行董事等职务。现任深圳前海大数金融服务有限公司党委副书记、大数新金融研究院执行院长；桂林银行独立董事（风险与关联交易管理委员会主任、薪酬与提名委员会主任、战略发展委员会委员）；广东鹤山农商银行独立董事(风险与关联交易管理委员会主任）；广东恒健控股有限公司外部董事。不仅有在金融院校、人民银行宏观调控部门、中国银保监会银行监管部门、商业银行业务经营管理和大型国企资本运作平台、金融科技大数据风险管理的工作经历，而且有着金融行业丰富的理论和实践经验。刘亚娟女士：1968年12月出生，中国共产党党员，中欧国际工商学院硕士学位。中国化学制药行业协会政策法规专业委员会副主任委员；中国医药创新促进会药物临床试验学术组委员；中华医学事务CMAC委员会委员。1990年至1996年任河南省安阳市第一制药厂制药管理工程师；1997年至2012年在西安杨森制药有限责任公司，历任销售经理、市场发展资深经理、市场部经理和市场部副总监等；2012年至2020年在青岛黄海制药有限责任公司担任副总经理、副总裁/学术中心总经理；2018年至2020年1月在青岛黄海医药经营有限公司担任董事长、总经理；2019年至2020年1月在青岛海济生物医药有限公司担任董事、副总经理。
"""5fab67750091c9411f2bc1de""",国家自然科学基金,年度报告,2019,天津磁卡：2019年年度报告,600800.SH,天津磁卡,制造业,化学原料及化学制品制造业,天津市,地方国资委,http://vip.stock.finance.sina.com.cn/corp/go.php/vCB_Bulletin/stockid/600800/page_type/ndbg.phtml,,,,第二节 公司简介和主要财务指标,479,,等职务，曾任天津商学院（现为天津商业大学）会计系副主任。中国重要审计学专家入选者，在《会计研究》等专业学术刊物发表学术论文100余篇，出版专著、合著等50余部；主持完成国家自然科学基金等国家级项目3项，主持或参研教育部、审计署、财政部、天津市社科等省部级科研项目多项；获天津市社会科学优秀成果一等奖、二等奖等奖项多项。柳士明男，1973年出生，中共党员，毕业于天津财经,
"""5fab67750091c9411f2bc1df""",国家自然科学基金,年度报告,2019,三安光电：2019年年度报告,600703.SH,三安光电,制造业,计算机、通信和其他电子设备制造业,湖北省,个人,http://vip.stock.finance.sina.com.cn/corp/go.php/vCB_Bulletin/stockid/600703/page_type/ndbg.phtml,,,,第二节 公司简介和主要财务指标,612,,、院长助理。现任厦门大学管理学院副教授，瑞科际再生能源股份有限公司、中国福纺控股有限公司、本公司独立董事。康俊勇男，博士，曾任国营8472厂技术员、厦门厦大祺丰激光科技有限公司董事。现任厦门大学教授、国家自然科学基金委员会专家评审组专家，中国光学学会和中国真空学会理事、福建省光电行业协会副理事长、本公司独立董事。方崇品男，硕士，高级会计师，注册会计师。曾任职于福建省三钢（集团）有限责任公司财务处会,
"""5fab67750091c9411f2bc1e0""",国家自然科学基金,年度报告,2019,立华股份：2019年年度报告,300761.SZ,立华股份,农、林、牧、渔业,畜牧业,江苏省,个人,http://vip.stock.finance.sina.com.cn/corp/go.php/vCB_Bulletin/stockid/300761/page_type/ndbg.phtml,,,,,674,,管理方向）博士，南京大学会计学博士后。曾任许继电气股份有限公司管理人员、无锡市口岸管理办公室挂职副主任、南京市白下区发改局挂职副局长。现任南京航空航天大学会计学教授、博士生导师、立华股份独立董事。兼任国家自然科学基金,
"""5fab67750091c9411f2bc1e0""",国家自然科学基金,年度报告,2019,立华股份：2019年年度报告,300761.SZ,立华股份,农、林、牧、渔业,畜牧业,江苏省,个人,http://vip.stock.finance.sina.com.cn/corp/go.php/vCB_Bulletin/stockid/300761/page_type/ndbg.phtml,,,,,686,,伙人否杨宁中国农业大学教授是杨宁世界家禽学会主席否杨宁中国畜牧兽医学会动物遗传育种学分会理事长否李华南京大学副教授是李华远大产业控股股份有限公司独立董事否赵湘莲南京航空航天大学教授、博士生导师是赵湘莲国家自然科学基金项目和国家社会科学基金项目评审和成果鉴定专家否赵湘莲教育部学位与研究生教育发展中心评审专家否赵湘莲中国民建江苏省科教委员会副主任否赵湘莲中国会计学会财务管理专家委员会委员否赵湘莲江苏省,
"""5fab67750091c9411f2bc1e1""",国家自然科学基金,年度报告,2019,岱勒新材：2019年年度报告,300700.SZ,岱勒新材,制造业,非金属矿物制品业,湖南省,个人,http://vip.stock.finance.sina.com.cn/corp/go.php/vCB_Bulletin/stockid/300700/page_type/ndbg.phtml,,,,第二节 公司简介和主要财务指标,516,,光电器件及应用教育部重点实验室，2008年1月被评为副教授。2010年，在美国爱荷华州立大学能源部重点实验室Ameslaboratory进行为期1年的交流访问。2019年1月晋升为教授。已主持完成二项国家自然科学基金青年基金“复合型超常材料及其微波吸收特性研究”和“复合型微结构材料电光特性的调控机理和制备方法研究”。获得1项国防专利授权和2项国家专利，在IEEE、Applied Physics L,
"""5fab67750091c9411f2bc1e2""",国家自然科学基金,年度报告,2019,金银河：2019年年度报告,300619.SZ,金银河,制造业,专用设备制造业,广东省,个人,http://vip.stock.finance.sina.com.cn/corp/go.php/vCB_Bulletin/stockid/300619/page_type/ndbg.phtml,,,,第二节 公司简介和主要财务指标,675,曹永军先生，中国国籍，无境外永久居留权，1981年2月出生，硕士研究生学历。2006年7月至2006年12月任本田汽车中国有限公司工程师，2007年1月至今任广东省智能制造研究所教授级高工、研究生导师、学术委员会委员，2015年12月至今任华南智能机器人创新研究院理事、执行副院长。担任广东省智能制造研究所学术委员会委员，广东省机器人与装备柔性智能控制工程技术中心主任，广东省自动化与系统集成标委会委员，中国机械工程学会高性能传动与智能装备专委会委员，中国机电一体化技术协会制造执行系统分会委员、本公司独立董事。,黄延禄先生，中国国籍，无境外永久居留权，1972年11月出生，博士研究生学历。2006.5上海交通大学博士后出站并进入华南理工大学任教。现任华南理工大学副教授、机械与汽车工程学院机械电子工程系副主任。国家自然科学基金及广东省科技计划项目评议专家、本公司独立董事。,2、监事会成员
"""5fab67750091c9411f2bc1e3""",国家自然科学基金,年度报告,2019,赢合科技：2019年年度报告,300457.SZ,赢合科技,制造业,专用设备制造业,广东省,地方国资委,http://vip.stock.finance.sina.com.cn/corp/go.php/vCB_Bulletin/stockid/300457/page_type/ndbg.phtml,,,,第二节 公司简介和主要财务指标,738,戈黎红女士（董事），汉族，中国籍，无境外永久居留权，1973年出生；上海交通大学硕士毕业。曾任上海新华控制技术集团科技有限公司副总经理、总经理助理、市场部总监。在流程自动控制、工控市场营销、企业管理等领域经验丰富；现就职于上海电气自动化集团，任市场销售部部长。2020年1月至今，担任本公司董事。王晋先生（董事、董事会秘书），1980年出生，西安交通大学本科、硕士毕业，2008年7月至2011年3月任职九富投资咨询（深圳）有限公司，曾任项目经理、项目总监；2011年3月至2017年1月任职TCL集团股份有限公司董事会办公室IR经理、总监；2017年1月加入深圳市赢合科技股份有限公司，担任董事会办公室主任、总裁办主任；2017年3月15日至今担任公司董事会秘书，2017年7月至今担任公司董事。,余爱水先生（独立董事），汉族，1966年出生，理学博士，复旦大学教授、博士生导师，上海市“浦江人才计划”获得者，中国电池协会常务理事，中国颗粒学会赢创奖获得者。1993年加入复旦大学；先后在日本岩手大学、新加坡材料工程研究所、美国Oklahoma大学从事锂电池研究工作；获得多项国家自然科学基金、863计划、973计划、上海市重点基金项目等资助，近年来在国际学术期刊上发表论文150余篇，授权和申请发明专利40余项。2020年1月至今，担任本公司独立董事。,杨博先生（独立董事），汉族，中国籍，1980年出生，工学博士，上海交通大学教授，博士生导师、上海自动化学会常务理事。2010年加入上海交通大学，研究领域包括智能制造、能源互联网的优化运行与控制、无线网络资源分配，主持多项国家自然科学基金项目，在相关领域已发表论文140余篇。2020年1月至今，担任本公司独立董事。
"""5fab67750091c9411f2bc1e3""",国家自然科学基金,年度报告,2019,赢合科技：2019年年度报告,300457.SZ,赢合科技,制造业,专用设备制造业,广东省,地方国资委,http://vip.stock.finance.sina.com.cn/corp/go.php/vCB_Bulletin/stockid/300457/page_type/ndbg.phtml,,,,第二节 公司简介和主要财务指标,739,余爱水先生（独立董事），汉族，1966年出生，理学博士，复旦大学教授、博士生导师，上海市“浦江人才计划”获得者，中国电池协会常务理事，中国颗粒学会赢创奖获得者。1993年加入复旦大学；先后在日本岩手大学、新加坡材料工程研究所、美国Oklahoma大学从事锂电池研究工作；获得多项国家自然科学基金、863计划、973计划、上海市重点基金项目等资助，近年来在国际学术期刊上发表论文150余篇，授权和申请发明专利40余项。2020年1月至今，担任本公司独立董事。,杨博先生（独立董事），汉族，中国籍，1980年出生，工学博士，上海交通大学教授，博士生导师、上海自动化学会常务理事。2010年加入上海交通大学，研究领域包括智能制造、能源互联网的优化运行与控制、无线网络资源分配，主持多项国家自然科学基金项目，在相关领域已发表论文140余篇。2020年1月至今，担任本公司独立董事。,章卫东先生（独立董事），1963年出生，中共党员，华中科技大学管理学博士学位，武汉大学经济与管理学院工商管理（财务管理方向）博士后。现任江西财经大学会计学院教授、博士生导师；国务院特殊津贴获得者，财政部管理咨询专家，江西省“赣鄱英才555工程”人选，江西省“新世纪百千万人才工程”人选，江西省中青年学科带头人，中国注册会计师协会执业鉴定委员会委员，中国商业会计学会常务理事兼学术部副主任，江西省注册会计师协会常务理事，江西省审计学会常务理事。曾担任江西铜业、正邦科技、洪都航空、洪城水业、爱施徳等公司独立董事。2020年1月至今，担任本公司独立董事。
"""5fab67750091c9411f2bc1e5""",国家自然科学基金,年度报告,2019,康惠制药：2019年年度报告,603139.SH,康惠制药,制造业,医药制造业,陕西省,个人,http://vip.stock.finance.sina.com.cn/corp/go.php/vCB_Bulletin/stockid/603139/page_type/ndbg.phtml,,,,第二节 公司简介和主要财务指标,706,,独立董事。张喜德男，1951年生，中国国籍，无境外永久居留权，毕业于陕西中医学院，硕士研究生学历，教授；曾任陕西中医学院科研处副处长、处长、陕西中医学院杂志社社长、主编，已于2011年9月退休；曾兼任国家自然科学基金课题评审专家、国家中医药管理局科研三级实验室评审专家、中华中医药学会科学技术奖评审专家、陕西省中医药管理局科研项目审评专家、陕西省科技期刊审读评优专家、陕西省中医药学会常务理事、陕西省,
"""5fab67750091c9411f2bc1e6""",国家自然科学基金,年度报告,2019,爱尔眼科：2019年年度报告,300015.SZ,爱尔眼科,卫生和社会工作业,卫生,湖南省,个人,http://vip.stock.finance.sina.com.cn/corp/go.php/vCB_Bulletin/stockid/300015/page_type/ndbg.phtml,,,,第二节 公司简介和主要财务指标,617,杨智宽先生，1964年12月出生，博士学历、博士研究生导师，历任中山眼科中心视光学系副主任及验配中心副总经理、复旦大学眼耳鼻喉医院汾阳视听公司总经理、中南大学爱尔眼科学院副院长。现任爱尔眼科集团视光及小儿眼科事业部总监、湖南爱尔视光研究所所长、爱尔眼科医院集团视光学组组长、爱尔眼科医院集团学术委员会副主任委员。社会兼职：中,华医学会眼科学分会视光学组副组长、中国医师协会眼科医师分会视光专委会副主任委员、国家卫计委产业管理协会视光分会副会长、中国医促会视觉健康分会副主任委员、湖南省视光学会会长、卫计委近视眼重点实验室学术委员会委员、中华眼视光杂志及视觉科学杂志编委、国家自然科学基金评审专家、教育部学位中心博士研究生论文评审专家、南昌大学及温州医科大学研究生兼职导师。现任本公司副总经理兼视光事业部总监。王丽华女士，1974年5月出生，本科，历任爱尔眼科集团总裁办副主任、人力资源部经理。现任本公司副总经理兼人力资源中心总监。,在股东单位任职情况
"""5fab67750091c9411f2bc1e7""",国家自然科学基金,年度报告,2019,佰仁医疗：2019年年度报告,688198.SH,佰仁医疗,制造业,专用设备制造业,北京市,个人,http://vip.stock.finance.sina.com.cn/corp/go.php/vCB_Bulletin/stockid/688198/page_type/ndbg.phtml,,,,第二节 公司简介和主要财务指标,728,,员；2001年起回国创业，曾任佰仁思生物董事长；2005年起任佰仁医疗董事长，现任公司董事长、总经理，致力于人工生物心脏瓣膜的产业化。金磊先生作为课题负责人承担并完成“人工生物心脏瓣膜抗钙化的研究”的国家自然科学基金项目，于1997年“新型牛心包瓣的研制与临床应用”项目荣获国家技术发明三等奖；2014年“人工心脏瓣膜成形环的研制与产业化”项目获北京市政府颁发的“北京市科学技术奖三等奖”；2014年,
"""5fab67750091c9411f2bc1e8""",国家自然科学基金,年度报告,2019,东宝生物：2019年年度报告,300239.SZ,东宝生物,制造业,医药制造业,内蒙古自治区,个人,http://vip.stock.finance.sina.com.cn/corp/go.php/vCB_Bulletin/stockid/300239/page_type/ndbg.phtml,,,,第二节公司简介和主要财务指标,597,王大宏先生，1964 年7月出生，大学学历，毕业于清华大学化工系，中国国籍，无境外永久居留权。王大宏先生曾任北京市化工研究院工程师、北京亚都生物科技公司总工程师、养生堂（北京）公司副总经理、烟台绿叶制药集团公司品牌经理、北京纽海尔斯商贸有限公司总经理、威海百合生物技术股份有限公司独立董事，现任中国保健协会市场工作委员会秘书长，庶正康讯（北京）商务咨询有限公司董事总经理，北京中卫康桥信息技术有限公司总经理、潜江永安药业股份有限公司独立董事、山东好当家海洋发展股份有限公司独立董事、西王食品股份有限公司独立董事、铂氏科技（北京）有限公司监事，是我国营养健康产业知名学者、国家级课题负责人。,哈斯阿古拉先生，1961年7月生，中国国籍，无境外永久居留权，博士，毕业于内蒙古大学。曾任：内蒙古农业大学助教、内蒙古大学助教、讲师、副教授。现任：内蒙古大学教授、博士生导师、内蒙古自治区牧草与特色作物生物技术重点实验室主任。现任社会兼职：中国农业生物技术学会第五届理事会常务理事。曾主持完成国家自然科学基金、国家农业科技成果转化资金、国家转基因植物研究与产业化专项等多项国家级项目和多项内蒙古自治区项目。在国内外学术期刊上发表论文60余篇。曾获内蒙古自治区科学技术进步奖二等奖、内蒙古青年科技奖、2012年度内蒙古自治区“草原英才”荣誉称号。,"俞有光先生，1955年3月出生，中国国籍，无境外永久居留权，大专学历，毕业于内蒙古轻工业学校，注册会计师。曾任内蒙古伊泰煤炭股份有限公司独立董事，现任内蒙古中天华正会计师事务所副所长、内蒙古自治区注册会计师协会常务理事。拥有27年的财务及会计经验。1981年7月至1985年11月，于内蒙古轻工业学校任教;1985年11月至1999年9月于包头审计局工作;1999年9月起在内蒙古中天华正会计师事务所任副所长职务至今。1981年毕业于内蒙古轻工业学校工业会计专业大专班,获大专学历，1994年通过注册会计师全国考试，2000年获得注册会计师执业资格，2002年获得高级审计师资格。"
"""5fab67750091c9411f2bc1e9""",国家自然科学基金,年度报告,2019,北纬科技：2019年年度报告,002148.SZ,北纬科技,信息传输、软件和信息技术服务业,软件和信息技术服务业,北京市,个人,http://vip.stock.finance.sina.com.cn/corp/go.php/vCB_Bulletin/stockid/002148/page_type/ndbg.phtml,,,,第二节 公司简介和主要财务指标,488,,傅乐民，男，1963年出生，硕士学位。1997年至今任公司总经理，为公司主要创始人。曾参与国家自然科学基金项目及“七五”攻关项目课题的研究工作。其担任开发和推广主要负责人的“HOPE—126大型寻呼网络系统”荣获第一届中国国际通信设备技术展览会产品金奖。现任公司董事长兼总经理。许建国，男，,
"""5fab67750091c9411f2bc1e9""",国家自然科学基金,年度报告,2019,北纬科技：2019年年度报告,002148.SZ,北纬科技,信息传输、软件和信息技术服务业,软件和信息技术服务业,北京市,个人,http://vip.stock.finance.sina.com.cn/corp/go.php/vCB_Bulletin/stockid/002148/page_type/ndbg.phtml,,,,第二节 公司简介和主要财务指标,492,,傅乐民，男，1963年出生，硕士学位。1997年至今任公司总经理，为公司主要创始人。曾参与国家自然科学基金项目及“七五”攻关项目课题的研究工作。其担任开发和推广主要负责人的“HOPE—126大型寻呼网络系统”荣获第一届中国国际通信设备技术展览会产品金奖。现任公司董事长兼总经理。张军，男，1,
"""5fab67750091c9411f2bc1ea""",国家自然科学基金,年度报告,2019,吉鑫科技：2019年年度报告,601218.SH,吉鑫科技,制造业,专用设备制造业,江苏省,个人,http://vip.stock.finance.sina.com.cn/corp/go.php/vCB_Bulletin/stockid/601218/page_type/ndbg.phtml,,,,第二节 公司简介和主要财务指标,545,,理事长；同时兼任南京公用发展股份有限公司独立董事。2014年10月至今，担任公司独立董事。李东先生长期从事企业战略管理及商业模式研究，曾获第四届蒋一苇企业管理奖、宝钢教育奖，作为项目负责人先后主持三项国家自然科学基金项目以及数十项省部及企业咨询课题，先后出版《企业价值战略》、《商业模式原理》、《商业模式构建》等专著。戚啸艳现任东南大学经济管理学院会计系教授、硕士生导师，中国会计学会会员，兼任东南大,
"""5fab67750091c9411f2bc1eb""",国家自然科学基金,年度报告,2019,钢研纳克：2019年年度报告,300797.SZ,钢研纳克,科学研究和技术服务业,专业技术服务业,北京市,国资委,http://vip.stock.finance.sina.com.cn/corp/go.php/vCB_Bulletin/stockid/300797/page_type/ndbg.phtml,,,,第二节 公司简介和主要财务指标,113,公司及子公司承担了多个行业协会或组织要职，在行业内具有较高的地位。在第三方检测服务领域，公司为中国新材料测试评价联盟发起单位与副理事长单位、北京材料分析测试服务联盟发起单位、中关村材料试验技术联盟（CSTM）理事单位等；在检测分析仪器领域，公司为中国分析测试协会常务理事单位、中国仪器仪表行业协会分析仪器分会理事单位等；在能力验证服务领域，公司为CNAS实验室专门委员会能力验证专业委员会秘书处、CUPT能力验证联盟理事长单位等。同时，在标准物质/标准样品领域，公司拥有全国钢标准化技术委员会钢铁及合金化学成分测定分技术委员会主任委员1人、秘书长1人。,公司充分发挥自身的技术研发实力，聚焦于检测领域的国家战略需求，承担了科技部、工信部、国家发改委、国家自然科学基金委员会等大量国家重大课题的攻坚任务，进而不断提升公司主营服务或产品的技术水平，保持技术领先性与创新性。,二、主要资产重大变化情况
"""5fab67750091c9411f2bc1ed""",国家自然科学基金,年度报告,2019,飞鹿股份：2019年年度报告,300665.SZ,飞鹿股份,制造业,化学原料及化学制品制造业,湖南省,个人,http://vip.stock.finance.sina.com.cn/corp/go.php/vCB_Bulletin/stockid/300665/page_type/ndbg.phtml,,,,第二节公司简介和主要财务指标,686,,经济与管理学院会计系教授、博士生导师，现任武汉大学经济与管理学院会计系主任。入选财政部全国会计领军人才（学术类）、武汉大学珞珈青年学者；兼任武汉市会计学会常务理事、武汉市高级会计师资格评审委员会委员、国家自然科学基金和国家社会科学基金同行评议专家；2015年12月至今，任公司独立董事。2018年6月至今任株洲华锐精密工具股份有限公司独立董事，2019年11月至今任长江证券股份有限公司独立董事。,
"""5fab67750091c9411f2bc1ee""",国家自然科学基金,年度报告,2019,普利制药：2019年年度报告,300630.SZ,普利制药,制造业,医药制造业,海南省,个人,http://vip.stock.finance.sina.com.cn/corp/go.php/vCB_Bulletin/stockid/300630/page_type/ndbg.phtml,,,,第二节公司简介和主要财务指标,577,张海燕 女士，中国国籍，无境外永久居留权，1971年出生，博士。现任公司独立董事。1997年至1999年，任清华大学经济管理会计系助教，2000年至2009年，任清华大学经济管理会计系讲师，2010年至今任清华大学经济管理会计系副教授。2016年7月至今任杭州康奋威科技股份有限公司独立董事。2017年2月至今北京神州绿盟信息安全科技股份公司独立董事。2016年3月至今任公司独立董事。,陈亚东 先生，1970年生，男，中国药科大学药物化学专业博士研究生毕业，现中国药科大学药物化学专业、药学信息学专业博士生导师，教授。曾获江苏省“青蓝工程”优秀青年骨干教师，江苏省 “青蓝工程”中青年学术带头人。美国密歇根大学（University of Michigan， Ann Arbor）医学院综合癌症中心访问学者。主持和参与了多项国家自然科学基金、国家重大科技专项“重大新药创制”等科研项目。2015年课题组课题组成功发现1.1类抗肿瘤临床候选新药，目前正在美国进行I期临床。,樊德珠 女士，中国国籍，无境外永久居留权，1966年出生，汉族，浙江上虞人，研究生学历，高级律师。1996年7月—1997年12月任杭州民生财团、浙江中大控股集团有限公司总裁办经理。1998年1月—2005年4月任浙江钱江律师事务所合伙人、律师。2005年5月至今任浙江锦丰律师事务所合伙人、主任律师。现任浙江锦丰律师事务所主任， 浙江省律协常务理事、浙江省律协对外交流委员会副主任、杭州市第十三届人大代表、杭州市人大城建环保委专委、杭州仲裁委员会仲裁员。
"""5fab67750091c9411f2bc1ef""",国家自然科学基金,年度报告,2019,新劲刚：2019年年度报告,300629.SZ,新劲刚,制造业,金属制品业,广东省,个人,http://vip.stock.finance.sina.com.cn/corp/go.php/vCB_Bulletin/stockid/300629/page_type/ndbg.phtml,,,,,448,,工工程博士。曾任华南理工大学分析测试中心主任、硕士研究生导师，广东工业大学教授、实验研究中心主任，现任华南理工大学材料科学与工程学院教授、硕士研究生导师。兼任中国机械工程学会失效分析分会失效分析专家，国家自然科学基金通讯评审专家，《硬质合金》编辑委员会委员，广东省材料研究学会理事，广东省X射线衍射学会委员，广东省理化检验学会委员，广州地区大型科学仪器协作共用网技术专家。曾先后主持或主要参与国家自然,
"""5fab67750091c9411f2bc1ef""",国家自然科学基金,年度报告,2019,新劲刚：2019年年度报告,300629.SZ,新劲刚,制造业,金属制品业,广东省,个人,http://vip.stock.finance.sina.com.cn/corp/go.php/vCB_Bulletin/stockid/300629/page_type/ndbg.phtml,,,,,449,,8、吴明娒先生：1963年9月出生，中国国籍，无境外永久居留权，中国科学院长春应用化学研究所无机固态材料化学理学博士，吉林大学无机水热合成开放实验室博士后。曾担任国家自然科学基金评审会评审专家，广东省科技计划项目重大专项、战略性新型产业项目评审专家，光电材料与技术国家重点实验室固定研究人员。现任中山大学化学与化学工程学院教授、无机化学、材料物理与化学学科博士点,
"""5fab67750091c9411f2bc1ef""",国家自然科学基金,年度报告,2019,新劲刚：2019年年度报告,300629.SZ,新劲刚,制造业,金属制品业,广东省,个人,http://vip.stock.finance.sina.com.cn/corp/go.php/vCB_Bulletin/stockid/300629/page_type/ndbg.phtml,,,,,451,9、刘湘云先生：1969年7月出生，中国国籍，无境外永久居留权，中共党员，金融学（财务投资）教授、博士后，现任广东财经大学创业教育学院院长、广州科技金融协同创新研究院院长、广财大佛山金融科技产业协同创新研究院院长，广州市重大项目行政论证专家（财务投资），清远市政府顾问。曾任湖南衡阳南岳油泵油嘴有限责任公司财务会计管理人员、中国高校金融工程学会常务理事、广东金融学会理事兼学术委员。2018年6月任众诚汽车保险股份公司独立董事。2018年7月至今任公司独立董事。,10、刘平安先生：1969年11月出生，中国国籍，无境外永久居留权，中共党员，吉林大学材料科学系凝聚态物理专业硕士，曾任广东省测试分析研究所助理研究员，现任华南理工大学材料科学与工程学院副教授，广东省X射线衍射专业委员会委员兼学术秘书，广东省材料学会会员。近年来在国内外著名刊物上发表论文超过60余篇，其中10余篇被SCI、EI收录，出版专著《X射线衍射分析原理与应用》。曾先后参与多个国家自然科学基金项目、广东省省部产学研项目、广东省重点攻关项目、广东省财政技术创新专项资金项目等十多项科研项目。2009年至今任公司企业科技特派员，2012年7月至今任公司监事会主席。,11、肖春元女士：1978年7月出生，中国国籍，无境外永久居留权，大专学历。曾先后任职于祁东县白地市农技站、广东东莞常平基石（KCL）电子厂。2003年3月至2013年，担任广东新劲刚新材料科技股份有限公司车间副主任、营销管理部经
"""5fab67750091c9411f2bc1f1""",国家自然科学基金,年度报告,2019,大西洋：2019年年度报告摘要,600558.SH,大西洋,制造业,金属制品业,四川省,地方国资委,http://vip.stock.finance.sina.com.cn/corp/go.php/vCB_Bulletin/stockid/600558/page_type/ndbg.phtml,,,,第二节 公司简介和主要财务指标,161,二是针对重点工程、重点项目以及高铁、海洋工程、桥梁等使用方向，加强耐辐射、抗腐蚀、高强度、高纯净度焊接材料的技术研发，不断提高高附加值、高技术含量产品比重，助推公司产品结构的调整与优化，提升公司产品的配套销售能力和盈利能力。,三是有序推进国家重点科研项目研究和产业化工作。继续深化与重点企业、高校、科研院所的技术合作与交流，积极推动“产学研用”协同创新，开展了国家电投项目、国家能源局后补助项目、国家自然科学基金项目、国家工信部高技术船舶项目等技术攻关工作，提升公司核心竞争力。,4.深化企业内部管理和改革，提高企业运营质效
"""5fab67750091c9411f2bc1f2""",国家自然科学基金,年度报告,2019,龙源技术：2019年年度报告（更新后）,300105.SZ,龙源技术,制造业,电气机械及器材制造业,山东省,国资委,http://vip.stock.finance.sina.com.cn/corp/go.php/vCB_Bulletin/stockid/300105/page_type/ndbg.phtml,,,,第二节公司简介和主要财务指标,105,,台。报告期内，“山东省煤粉燃烧工程技术研究中心”被山东省科技厅评为“优秀”等级，并被授予“省级示范工程技术研究中心”，公司进入省知识产权保护重点联系单位库。对外合作方面，公司与国内大学联合申报项目获批国家自然科学基金重点项目，并与国外高校联合申报国际科技合作项目。公司重视知识产权保护，报告期内，公司新增授权专利33项，其中发明专利7项，另有128项专利申请正在审查中。报告期末，公司拥有授权专利31,
"""5fab67750091c9411f2bc1f2""",国家自然科学基金,年度报告,2019,龙源技术：2019年年度报告（更新后）,300105.SZ,龙源技术,制造业,电气机械及器材制造业,山东省,国资委,http://vip.stock.finance.sina.com.cn/corp/go.php/vCB_Bulletin/stockid/300105/page_type/ndbg.phtml,,,,第二节公司简介和主要财务指标,125,,是强化关键核心技术攻关。在科技立项方面，报告期末，公司在研项目13项，其中国家级项目2项，国家能源集团内项目8项，全年完成项目验收共10项。公司与哈尔滨工程大学、山东大学联合申报的船舶动力废气技术获批国家自然科学基金重点项目；与华北电力大学、清华大学、丹麦大学等联合申报的电热泵供热技术获批国际科技合作项目；国家重点研发计划“超低NOx煤粉燃烧技术”项目顺利通过中期检查，公司组织完成了东胜电厂330,
"""5fab67750091c9411f2bc1f2""",国家自然科学基金,年度报告,2019,龙源技术：2019年年度报告（更新后）,300105.SZ,龙源技术,制造业,电气机械及器材制造业,山东省,国资委,http://vip.stock.finance.sina.com.cn/corp/go.php/vCB_Bulletin/stockid/300105/page_type/ndbg.phtml,,,,第二节公司简介和主要财务指标,191,,方面，公司的“山东省煤粉燃烧工程技术研究中心”被山东省科技厅评为“优秀”等级，并被授予“省级示范工程技术研究中心”，公司进入省知识产权保护重点联系单位库。对外合作方面，公司与国内大学联合申报的项目获批国家自然科学基金重点项目，并与国外高校联合申报国际科技合作项目。公司重视知识产权保护，报告期内，公司新增授权专利33项，其中发明专利7项，另有128项专利申请正在审查中。报告期末，公司拥有授权专利31,
"""5fab67750091c9411f2bc1f3""",国家自然科学基金,年度报告,2019,亿纬锂能：2019年年度报告,300014.SZ,亿纬锂能,制造业,电气机械及器材制造业,广东省,个人,http://vip.stock.finance.sina.com.cn/corp/go.php/vCB_Bulletin/stockid/300014/page_type/ndbg.phtml,,,,第二节 公司简介和主要财务指标,636,刘建华董事、总裁武汉大学精细化工专业毕业，清华大学EMBA研修，获得英国威尔士大学MBA学位，中欧国际商学院EMBA毕业。2001年5月至今，就职于惠州亿纬锂能股份有限公司，现任公司第五届董事会董事、总裁。艾新平董事武汉大学化学与分子科学院教授、博士生导师， 先后于武汉大学化学学院物理化学专业获得学士、硕士和博士学位。现任湖北省化学电源材料与技术重点实验室主任，国家科技部新能源汽车重大专项指南专家与总体组动力电池责任专家，惠州亿纬锂能股份有限公司第五届董事会董事，长期从事电化学能源材料与技术的研究，主要研究领域包括锂离子电池正负极材料、安全性技术，以及高比能锂-硫电池二次电池，提出并发展了电压敏感隔膜、热敏感电极、热敏感材料等安全性新技术，,主持国家“973”项目课题、国家自然科学基金以及国家“863”计划项目多项，在国内外学术刊物上发表论文100余篇，曾获国家技术发明二等奖1项、省部级一等奖2项。,袁华刚
"""5fab67750091c9411f2bc1f4""",国家自然科学基金,年度报告,2019,天准科技：2019年年度报告,688003.SH,天准科技,制造业,专用设备制造业,江苏省,个人,http://vip.stock.finance.sina.com.cn/corp/go.php/vCB_Bulletin/stockid/688003/page_type/ndbg.phtml,,,,第二节 公司简介和主要财务指标,208,2.团队优势,公司实际控制人徐一华先生在北京理工大学获得博士学位，曾就职于微软亚洲研究院，为人工智能、机器视觉领域专家。徐一华先生在历年科研与创业生涯中，曾参与多项国家自然科学基金、国家863计划、国家重大科技专项，2016年获评第二批“国家万人计划”科技创业领军人才，2018年获评江苏省有突出贡献中青年专家。徐一华在人工智能、机器视觉领域有丰富的科研和产品开发管理经验多年来一直专注于机器视觉技术研究及产品开发。,以徐一华、杨聪、蔡雄飞、温延培等为核心的公司经营管理团队多年来专注于机器视觉领域的研究开发、生产、销售与财务等工作，精通技术，熟悉市场，自公司成立以来一直保持稳定状态。稳定、优秀的核心团队为公司的竞争力奠定了良好的基础。
"""5fab67750091c9411f2bc1f5""",国家自然科学基金,年度报告,2019,千禾味业：2019年年度报告,603027.SH,千禾味业,制造业,食品制造业,四川省,个人,http://vip.stock.finance.sina.com.cn/corp/go.php/vCB_Bulletin/stockid/603027/page_type/ndbg.phtml,,,,第二节 公司简介和主要财务指标,639,,霖2016年5月加入千禾味业食品股份有限公司，任公司证券事务代表。 2016年10月26日起任公司董事会秘书，现任公司董事会秘书。李江涛2009年9月起任西南财经大学会计学院教授，2013年3月至今在国家自然科学基金委员会任职。现任四川菊乐食品股份有限公司独立董事，,
"""5fab67750091c9411f2bc1f5""",国家自然科学基金,年度报告,2019,千禾味业：2019年年度报告,603027.SH,千禾味业,制造业,食品制造业,四川省,个人,http://vip.stock.finance.sina.com.cn/corp/go.php/vCB_Bulletin/stockid/603027/page_type/ndbg.phtml,,,,第二节 公司简介和主要财务指标,656,,限公司董事2016年12月/车振明四川天味食品集团股份有限公司独立董事2016年5月/李江涛四川菊乐食品股份有限公司独立董事2017年5月/李江涛天安财产保险股份有限公司独立董事2018年7月/李江涛国家自然科学基金委员会教授2019年/崔霞中共四川省委省直机关党校副教授2010年/在其他单位任职情况的说明无,
"""5fab67750091c9411f2bc1f6""",国家自然科学基金,年度报告,2019,宏大爆破：2019年年度报告,002683.SZ,宏大爆破,采矿业,开采辅助活动,广东省,地方政府,http://vip.stock.finance.sina.com.cn/corp/go.php/vCB_Bulletin/stockid/002683/page_type/ndbg.phtml,,,,第二节公司简介和主要财务指标,572,郑明钗，男，1963年1月生，采矿工程师，一级建造师，高中毕业。1998年8月至2019年6月任福建省新华都工程有限责任公司董事长、总经理。现任福建省新华都工程有限责任公司董事长，2019年5月起宏大爆破有限公司（即宏大爆破工程集团）董事长。2017年5月起任本公司董事。,邱冠周先生，男，1949年2月出生，工学博士，中国工程院院士。1978年到1987年就读于中南工业大学获硕士、博士学位；1987年至1992年期间任中南工业大学矿物工程系副系主任、系主任、教授、副校长；1992年至2010年任中南大学副校长、教授；现为中南大学教授。国家自然科学基金创新体学术带头人和国家重点基础研究规划发展项目（973项目）生物冶金项目首席科学家，同时兼任中国颗粒协议常务理事，中国矿业学会常务理事，中国有色金属学会理事常务，教育部科学技术委员会材料学部副主任，国际生物湿法冶金学术委员会委员。2019年12月起任公司独立董事。,吴宝林先生，男，1963年12月出生，哈尔滨工业大学博士，研究员，享受国务院特殊津贴专家。1985 年毕业于东南大学，1985年至2016年期间曾先后担任中国航天二院副院长、七院院长、四院院长、中国航天科工集团公司总助级科技委副主任等职务。担任二院副院长时，参与完成了红旗某型防空导弹武器系统的定型试验工作，主持完成了该防空导弹武器系统的批生产工作。期间，担任红旗另一型号的改进研制和批生产总指挥，完成了该型号的研制、定型和批生产任务；担任四院院长时，主持完成了东风系列两个型号的定型试验任务，主持完成两型国家重点武器系统的立项工作，曾荣获中国航天科集团公司专项任务特等奖、航天基金奖等多项荣誉。现任南昌嘉捷天剑新材料有限公司、江西嘉捷信达新材料科技有限公司及江西信达航科新材料科技有限公司董事长。同时兼任中国信息协会军民融合专业委员会主任。2019年12月起任公司独立董事。
"""5fab67750091c9411f2bc1f7""",国家自然科学基金,年度报告,2019,金新农：2019年年度报告,002548.SZ,金新农,制造业,农副食品加工业,广东省,无实际控制人,http://vip.stock.finance.sina.com.cn/corp/go.php/vCB_Bulletin/stockid/002548/page_type/ndbg.phtml,,,,第二节 公司简介和主要财务指标,613,,事会主席。陈芳洲先生，公司监事。男，1987年10月出生，汉族，无境外永久居留权，中共党员，毕业于华中农业大学预防兽医专业，农学博士，博士期间在美国明尼苏达大学联合培养一年，国家留学基金，博士后基金，国家自然科学基金（青年科技基金项目）获得者。现任武汉爱猪生物科技有限公司法定代表人及执行董事、武汉科泰农方管理咨询有限公司法定代表人及执行董事、深圳市金新农科技股份有限公司养殖板块研究院院长兼生产技术,
"""5fab67750091c9411f2bc1f8""",国家自然科学基金,年度报告,2019,兴化股份：2019年年度报告,002109.SZ,兴化股份,制造业,化学原料及化学制品制造业,陕西省,地方国资委,http://vip.stock.finance.sina.com.cn/corp/go.php/vCB_Bulletin/stockid/002109/page_type/ndbg.phtml,,,,第二节公司简介和主要财务指标,500,（副处）、生产部副部长、合成车间主任。现任兴化股份董事、副总经理，兴化化工董事、副总经理，兴化集团董事。,淡勇先生，汉族，中国国籍，1961年7月出生，西北大学化工学院教授研究生导师。化工机械专业工学学士，化学工程专业工学硕士，结构工程专业工学博士。国家自然科学基金委员会通讯评审专家，教育部学位中心学位论文通讯评议专家，西北大学学术委员会委员，陕西省化工学会委员过程装备分会副主任，西安市质量技术监督局专家组成员，西安市安全生产委员会安全生产专家组成员，陕西省特种设备协会常务理事，西安市特种设备协会副理长。现任兴化股份独立董事。,徐秉惠先生，汉族，中国国籍，1960年2月出生，香港理工大学毕业、工商管理硕士，中国资深注册会计师，非执业评估师、税务师。陕西省国资委绩效评价专家、陕西财经职业技术学院聘为客座教授、陕西省注册会计师协会风险控制委员会委员。现任信永中和会计师事务所西安分所审计合伙人，兴化股份独立董事。
"""5fab67750091c9411f2bc1fa""",国家自然科学基金,年度报告,2019,新华传媒：2019年年度报告,600825.SH,新华传媒,文化、体育和娱乐业,新闻和出版业,上海市,地方国资委,http://vip.stock.finance.sina.com.cn/corp/go.php/vCB_Bulletin/stockid/600825/page_type/ndbg.phtml,,,,第二节 公司简介和主要财务指标,732,,事。王悦先后在香港理工大学、中欧国际工商学院担任研究助理，2012年至2013年赴美国伊利诺伊斯大学香槟分校，在会计系齐默尔曼研究中心做访问学者。曾发表国际顶级期刊论文两篇，国内权威期刊论文数篇，主持国家自然科学基金课题两项，参与国家级课题四项，参与省部级课题四项。研究成果获国际奖项一项，省部级奖项三项。2009年至今在上海财经大学会计学院担任副教授、博士生导师、会计与财务研究院研究员。现开设本科,
"""5fab67750091c9411f2bc1fb""",国家自然科学基金,年度报告,2019,华凯创意：2019年年度报告,300592.SZ,华凯创意,文化、体育和娱乐业,文化艺术业,湖南省,个人,http://vip.stock.finance.sina.com.cn/corp/go.php/vCB_Bulletin/stockid/300592/page_type/ndbg.phtml,,,,第二节 公司简介和主要财务指标,640,,境外永久居留权，中共党员，研究生学历。享受国务院政府特殊津贴专家，中南大学二级教授、博士生导师、中南大学商学院原教授委员会主任委员，国家一级重点学科管理科学与工程学科及应用经济学学科的主要学术带头人，国家自然科学基金、国家社会科学基金和国家博士点基金同行评审专家及科技成果奖评委；教育部国家级规划教材主编；全国大学生创新创业大赛金奖指导教师；获国家社会科学基金重点项目和国家自然科学基金项目等17项国,
"""5fab67750091c9411f2bc1fc""",国家自然科学基金,年度报告,2019,奥特佳：2019年年度报告,002239.SZ,奥特佳,制造业,汽车制造业,江苏省,个人,http://vip.stock.finance.sina.com.cn/corp/go.php/vCB_Bulletin/stockid/002239/page_type/ndbg.phtml,,,,,225,刘德旺先生，1969年出生，中国国籍。中南财经政法大学毕业，本科学历，中国注册会计师。历任珠海市祥乐医疗器械有限公司担任副总经理、广东省湛江农垦实业集团公司财务部、广东省农垦总局企管处、交通银行珠海分行。自2018年5月起历任冠昊生物科技股份有限公司副总经理及财务负责人、总经理。现任本公司董事。,邓超先生，1965年10月出生，中国国籍，管理学博士。1991年3月起在中南大学任教，历任讲师、副教授、教授、博士生导师。曾主持国家自然科学基金、国家科技部软科学基金、教育部留学回国人员基金等项目及各类横向项目20余项。于2008年9月获得上海证券交易所颁发的独立董事资格证书，曾任株洲千金药业股份有限公司、湘邮科技股份有限公司及湖南郴电国际发展股份有限公司、湖南科力远新能源股份有限公司等公司独立董事。现任中南大学商学院金融系主任、本公司独立董事。,邹志文先生，1967年3月出生，中国国籍。中国人民大学本科毕业，中欧国际商学院MBA，注册会计师。历任国家航空航天工业部财务司副主任科员、主任科员，中国华联国际贸易公司财务部副经理、经理，中国华联国际贸易公司广东分公司副总经理，广东华联通国际运输代理有限公司深圳公司总经理，北京中润华会计师事务所合伙人、博天环境集团股份有限公司独立董事，北方华创科技集团股份有限公司独立董事。现任北京兴华会计师事务所高级合伙人，北京中润兴华工程造价咨询有限公司董事长，北京理工大学会计系硕士生导师，航天信息股份有限公司独立董事、长沙银行股份有限公司独立董事、北京国科环宇科技股份有限公司、青岛云路现金材料技术股份有限公司及本公司独立董事。
"""5fab67750091c9411f2bc1fd""",国家自然科学基金,年度报告,2019,原尚股份：2019年年度报告（修订版）,603813.SH,原尚股份,交通运输、仓储和邮政业,道路运输业,广东省,个人,http://vip.stock.finance.sina.com.cn/corp/go.php/vCB_Bulletin/stockid/603813/page_type/ndbg.phtml,,,,第二节 公司简介和主要财务指标,582,,商学院财务系做高级访问学者。2012年12月调入暨南大学管理学院会计系工作至今。现任暨南大学管理学院会计系教授，副系主任，暨南大学管理学院会计硕士（MPAcc）教育中心主任，广州市注册会计师协会理事，国家自然科学基金委通讯评审专家，教育部学位办通讯评审专家。同时兼任佛山市海天调味食品股份有限公司、广州广哈通信股份有限公司、广东新宝电器股份有限公司及广东燕塘乳业股份有限公司独立董事。詹苏香詹苏香女士,
"""5fab67750091c9411f2bc1ff""",国家自然科学基金,年度报告,2019,西安饮食：2019年年度报告,000721.SZ,西安饮食,住宿和餐饮业,餐饮业,陕西省,地方政府,http://vip.stock.finance.sina.com.cn/corp/go.php/vCB_Bulletin/stockid/000721/page_type/ndbg.phtml,,,,第二节 公司简介和主要财务指标,473,独立董事：王周户先生，法学博士，西北政法大学教授，博士生导师。1983年8月参加工作。1983年8月至今，先后任西北政法大学助教、讲师、副教授、教授、系主任、院长等职，主要从事行政法学与行政诉讼法学教学与研究工作。兼任中国法学会行政法学会副会长，陕西省法学会行政法学研究会会长。担任陕西省决策咨询委员会委员，陕西省人大常委会立法咨询员，陕西省人民政府行政复议应诉专家咨询员和陕西省高级人民法院、陕西省人民检察院等单位专家咨询员。2013年5月至今任陕西金叶（000812）独立董事；2019年9月至今任天和防务（300397）独立董事。,独立董事：李成先生，经济学博士。1974年2月参加工作。1997年6月—2017年5月，先后任陕西财经学院、西安交通大学经济与金融学院金融系主任；2017年6月至今，任西安交通大学经济与金融学院二级教授，博士生导师，博士后合作导师；2013年12月至今任陕鼓动力（601369）独立董事；2015年12月至今任天地源（600665）外部监事；2017年10月至今任博通股份（600455）独立董事。现兼任西安市人民政府决资委委员，中国国际金融学会常务理事，陕西金融学会副秘书长，西安金融学会副会长，新华社特聘经济专家，国家社会科学基金通讯评审专家，国家自然科学基金通讯评审专家等职。,纪委书记、监事会主席：马小利女士，法律硕士，高级政工师、经济师。1995年8月参加工作。2007年6月—2012年9月，任西安旅游股份有限公司办公室主任；2012年9月—2016年3月，任西安旅游集团有限责任公司党群工作主管、监察室副主任；2016年3月至今，任公司纪委书记、监事会主席，负责公司纪检监察、监事会及行政管理等工作。
"""5fab67750091c9411f2bc200""",国家自然科学基金,年度报告,2019,北矿科技：2019年年度报告,600980.SH,北矿科技,制造业,计算机、通信和其他电子设备制造业,北京市,国资委,http://vip.stock.finance.sina.com.cn/corp/go.php/vCB_Bulletin/stockid/600980/page_type/ndbg.phtml,,,,第二节 公司简介和主要财务指标,111,,京市高新技术企业、中关村高新技术企业、北京市企业技术中心、北京市专利示范单位、北京市设计创新中心、高端矿山装备制造北京市国际科技合作基地等。北矿机电先后承担了包括国家“863”计划、国家科技支撑计划、国家自然科学基金及工信部、发改委、北京市等数十项重大科技项目，多项技术达到国际领先或先进水平，产品在国际矿冶装备市场的占有率稳步攀升，尤其是大型浮选装备系统在国内矿山行业占据主导地位，在国际市场也占有,
"""5fab67750091c9411f2bc201""",国家自然科学基金,年度报告,2019,金钼股份：2019年年度报告,601958.SH,金钼股份,采矿业,有色金属矿采选业,陕西省,地方国资委,http://vip.stock.finance.sina.com.cn/corp/go.php/vCB_Bulletin/stockid/601958/page_type/ndbg.phtml,,,,第二节 公司简介和主要财务指标,550,,，博士研究生导师。曾任西安北方秦川集团有限公司财经秘书，陕西财经学院会计系讲师；现任西安交通大学管理学院会计学教授、美国哈佛大学商学院PCMPCL项目成员、英国利兹大学国际银行与金融研究所客座研究员、国家自然科学基金项目通讯评审专家、教育部留学回国人员科研启动基金评审专家、《中国会计评论》杂志理事会委员、陕西财务成本研究会会长、陕西会计学会常务理事，金堆城钼业股份有限公司、隆基绿能科技股份有限公司,
"""5fab67790091c9411f2bc202""",国家自然科学基金,年度报告,2019,长盈精密：2019年年度报告,300115.SZ,长盈精密,制造业,计算机、通信和其他电子设备制造业,广东省,个人,http://vip.stock.finance.sina.com.cn/corp/go.php/vCB_Bulletin/stockid/300115/page_type/ndbg.phtml,,,,,0,,，1964年出生，中国国籍，教授、博士生导师。美国ASU博士后，湖南大 学博士。历任湖南大学教授、博士生导师、副院长。现任国际IEEE高级会员、深圳大学教授、博士生导师、 智能电网研究所所长、科技部和国家自然科学基金委以及国家教委等科技项目评审专家、国际IEEE和IET 等期刊论文评审专家、中国电机工程学会城市供电专委会委员、《电力系统保护与控制》杂志编委。兼任 深圳科士达科技股份有限公司独立董事,
"""5fab67790091c9411f2bc203""",国家自然科学基金,年度报告,2019,轴研科技：2019年年度报告,002046.SZ,轴研科技,制造业,通用设备制造业,河南省,国资委,http://vip.stock.finance.sina.com.cn/corp/go.php/vCB_Bulletin/stockid/002046/page_type/ndbg.phtml,,,,,1672,,"高纯陶瓷部件精细化加工及应用验证238，000.0055,000.00237,254.7755,745.23与收益相关国家自然科学基金项目210,000.00157,500.0082,235.53285,264.47与收益相关弹性箔片高速空气轴承的稳定性研究50,000.0050,000.00与收益相关服役过程中聚脲",
"""5fab67790091c9411f2bc203""",国家自然科学基金,年度报告,2019,轴研科技：2019年年度报告,002046.SZ,轴研科技,制造业,通用设备制造业,河南省,国资委,http://vip.stock.finance.sina.com.cn/corp/go.php/vCB_Bulletin/stockid/002046/page_type/ndbg.phtml,,,,,1847,,"4.77个税手续费返还101,927.07其他收益101,927.07递延收益项目-超高速精密机床主轴轴承控形控性精度稳定性批产制造技术2,520,000.00其他收益96,188.95递延收益项目-国家自然科学基金项目210,000.00其他收益82,235.53递延收益项目-高性能滚动轴承数字化设计分析系统合作研究项目3,610,000.00其他收益递延收益项目-高档数控机床精密轴承产品升级及",
"""5fab67790091c9411f2bc204""",国家自然科学基金,年度报告,2019,佳都科技：2019年年度报告,600728.SH,佳都科技,信息传输、软件和信息技术服务业,软件和信息技术服务业,广东省,个人,http://vip.stock.finance.sina.com.cn/corp/go.php/vCB_Bulletin/stockid/600728/page_type/ndbg.phtml,,,,第二节 公司简介和主要财务指标,682,,省安防协会人工智能专委会主任。广东省图像图形学会理事长(第四、五届)。中国生物识别产业技术创新战略联盟常务理事。IEEE高级会员。主要研究领域为计算机视觉、生物特征识别、模式识别和机器学习。已主持承担国家自然科学基金与广东联合重点项目1项，科技部科技支撑课题1项，国家自然科学基金项目5项、广东省前沿与关键技术创新专项等，获得广东省自然科学一等奖（2018年，排名1）、广州市科学技术奖励一等奖（20,
"""5fab67790091c9411f2bc205""",国家自然科学基金,年度报告,2019,裕兴股份：2019年年度报告,300305.SZ,裕兴股份,制造业,橡胶和塑料制品业,江苏省,个人,http://vip.stock.finance.sina.com.cn/corp/go.php/vCB_Bulletin/stockid/300305/page_type/ndbg.phtml,,,,第二节 公司简介和主要财务指标,480,彭懋先生，1974年出生，中国国籍，无境外永久居留权，浙江大学博士学位，副教授。2001年9月起就职于浙江大学高,分子系，从事高分子材料及复合材料的科研和教学工作；主持和参与国家自然科学基金及省部级科研项目8项；在国内外专业期刊发表学术论文60余篇，获得授权的国家发明专利14项。现任浙江省塑料工程学会秘书长。2014年12月至今任裕兴股份独立董事。,戴伟忠先生，1965年出生，中国国籍，无境外永久居留权，本科学历，中国注册会计师。1986年7月至1989年7月上海立信会计高等专科学校（现更名为上海立信会计学院）审计系任教；1989年7月至1998年12月常州会计师事务所工作，先后任审计助理、项目经理、高级经理、所长助理、副所长；1999年1月至2001年12月常州正大会计师事务所有限公司工作，任发起人，副主任会计师；2002年1月至2013年12月江苏公证会计师事务所有限公司（后更名为江苏公证天业会计师事务所有限公司）工作，先后任副主任会计师，常州分所副所长、常务副主任会计师，常州分所所长；2014年1月起至今江苏公证天业会计师事务所（特殊普通合伙）工作，任管理合伙人，常州分所所长。2015年6月至今任裕兴股份独立董事。
"""5fab67790091c9411f2bc206""",国家自然科学基金,年度报告,2019,大禹节水：2019年年度报告,300021.SZ,大禹节水,制造业,橡胶和塑料制品业,甘肃省,个人,http://vip.stock.finance.sina.com.cn/corp/go.php/vCB_Bulletin/stockid/300021/page_type/ndbg.phtml,,,,第二节 公司简介和主要财务指标,508,,育部重点实验室学术委员会委员、中国农业大学硕士研究生导师、宁夏回族自治区人民政府特聘专家及水利部东北四省区节水增粮行动、大型灌区节水改造等项目专家。龚时宏承担完成国家科技支撑计划课题、863计划课题、国家自然科学基金、国家“948”、国家农业科技成果转化资金等30余项；发表论文100余篇；已获得发明专利11项，其中第1发明人2项、第2发明人6项；主持及参加编写国家、行业、地方标准17项，其中作为主,
"""5fab67790091c9411f2bc207""",国家自然科学基金,年度报告,2019,雅化集团：2019年年度报告,002497.SZ,雅化集团,制造业,化学原料及化学制品制造业,四川省,个人,http://vip.stock.finance.sina.com.cn/corp/go.php/vCB_Bulletin/stockid/002497/page_type/ndbg.phtml,,,,,2653,,团有限公司外部董事。在《管理世界》、《会计研究》、《审计研究》、《光明日报》（理论版）等报刊发表论文500多篇，出版《所有者财务论》、《公司财务战略》等著作27本；主持完成国家社科基金1 项，主持完成国家自然科学基金项目2项；获得省部级科研奖7项。并被授予“教育部新世纪优秀人才”、“四川省有突出贡献的优秀专家”、“四川省做出突出贡献的博士学位获得者”等光荣称号。,
"""5fab67790091c9411f2bc209""",国家自然科学基金,年度报告,2019,荣晟环保：2019年年度报告,603165.SH,荣晟环保,制造业,造纸及纸制品业,浙江省,个人,http://vip.stock.finance.sina.com.cn/corp/go.php/vCB_Bulletin/stockid/603165/page_type/ndbg.phtml,,,,第二节 公司简介和主要财务指标,620,,，现任公司董事。褚芳红历任公司营销部经理、总监、公司监事；现任公司营销部总监兼公司董事。阮永平华东理工大学商学院会计学系系主任、教授、博导，会计专业硕士学位（MPAcc）负责人，商学院教授委员会委员，国家自然科学基金同行评议专家，国家创新基金财务评审专家，公司独立董事。目前，同时兼任姚记扑克（002605）、中远海能（600026）的独立董事。郭志仁杭州市节能协会常务理事，杭州市节能协会和浙江省热,
"""5fab67790091c9411f2bc20a""",国家自然科学基金,年度报告,2019,湖南海利：2019年年度报告,600731.SH,湖南海利,制造业,化学原料及化学制品制造业,湖南省,地方国资委,http://vip.stock.finance.sina.com.cn/corp/go.php/vCB_Bulletin/stockid/600731/page_type/ndbg.phtml,,,,第二节 公司简介和主要财务指标,2289,,"关科技发展计划（创新平台与人才计划）项目经费500,000.00与收益相关科研设备购置专项资金407,564.94407,564.94与资产相关工业转型升级专项资金的通知400,000.00与收益相关国家自然科学基金390,000.00与收益相关2018年电降费减负奖励款352,300.00与收益相关甲基硫菌灵项目1,151,820.00304,560.00与资产相关",
"""5fab67790091c9411f2bc20b""",国家自然科学基金,年度报告,2019,首创股份：2019年年度报告,600008.SH,首创股份,电力、热力、燃气及水的生产和供应业,水的生产和供应业,北京市,地方国资委,http://vip.stock.finance.sina.com.cn/corp/go.php/vCB_Bulletin/stockid/600008/page_type/ndbg.phtml,,,,第二节 公司简介和主要财务指标,757,,，任本公司独立董事。刘  俏博士。曾任职于麦肯锡公司、香港大学，并在香港大学获终身教职，曾任中国证监会第十七届发行审核委员会委员。现任北京大学光华管理学院院长、金融学教授、博士生导师；曾于2013年获国家自然科学基金杰出青年，并于2014年获教育部长江学者特聘教授；中信建投证券股份有限公司独立董事，正恒国际控股有限公司独立董事，招商银行股份有限公司独立董事。截至报告披露日，任本公司独立董事。杨,
"""5fab67790091c9411f2bc20c""",国家自然科学基金,年度报告,2019,国风塑业：2019年年度报告,000859.SZ,国风塑业,制造业,橡胶和塑料制品业,安徽省,地方国资委,http://vip.stock.finance.sina.com.cn/corp/go.php/vCB_Bulletin/stockid/000859/page_type/ndbg.phtml,,,,第二节 公司简介和主要财务指标,488,姚禄仕，男，1962年出生，教授，博士学位，中共党员，具有上市公司独立董事资格证书。1985年7月至今在合肥工业大学管理学院会计系任教。现任合肥工业大学管理学院教授，东鹏饮料(集团)股份有限公司独立董事，安徽新安银行股份有限公司独立董事，安徽省股权服务集团有限责任公司独立董事，安徽实华工程技术股份有限公司独立董事，安徽天立泰科技股份有限公司独立董事，本公司独立董事。,李良彬，男，1972年8月出生，博士，教授，博士生导师，中国科学技术大学国家同步辐射实验室、高分子材料系和中国科学院软物质化学重点实验室双聘教授；“国家杰出青年基金”获得者，中国科学院“引进海外杰出人才”，入选“教育部新世纪优秀人才支持计划”；国家自然科学基金委工程与材料学部第14届评审专家；国家同步辐射实验室学术委员会委员；中国工程物理研究院中子物理重点实验室学术委员会委员。现任安徽铜峰电子股份有限公司独立董事，本公司独立董事。,余经林，男，1964年出生，硕士学位，副教授，中共党员，具有上市公司独立董事资格证书。1985年至今在安徽大学法学院任教。现任安徽大学法学院副教授，安徽皖大律师事务所兼职律师，本公司独立董事。
"""5fab67790091c9411f2bc20d""",国家自然科学基金,年度报告,2019,ST抚钢：2019年年度报告（修订稿）,600399.SH,ST抚钢,制造业,黑色金属冶炼及压延加工业,辽宁省,个人,http://vip.stock.finance.sina.com.cn/corp/go.php/vCB_Bulletin/stockid/600399/page_type/ndbg.phtml,,,,第二节 公司简介和主要财务指标,578,,学与工程专业管理学博士学位。负责主持国家社科基金项目、国家软科学项目、教育部人文社科项目、省社科项目、中央基本科研业务费项目等多项课题；参与的政府和企业课题多项。在中国软科学、系统管理学报、管理评论等国家自然科学基金委员会管理科学部认定的重要期刊发表多篇文章。现任大连理工大学经济管理学院副教授，抚顺特殊钢股份有限公司独立董事。杜 欣杜欣先生，1982年5月出生，曾任东北特殊钢集团股份有限公司总经理,
"""5fab67790091c9411f2bc20e""",国家自然科学基金,年度报告,2019,恒丰纸业：2019年年度报告,600356.SH,恒丰纸业,制造业,造纸及纸制品业,黑龙江省,地方国资委,http://vip.stock.finance.sina.com.cn/corp/go.php/vCB_Bulletin/stockid/600356/page_type/ndbg.phtml,,,,第二节 公司简介和主要财务指标,483,,理助理兼设备能动部部长，牡丹江恒丰纸业股份有限公司副总经理，现任牡丹江恒丰纸业股份有限公司董事。钱学仁曾任高等学校林科学科林产化工专业教学指导委员会委员、第四届ISETPP学术委员会委员、2010年度国家自然科学基金特邀评审专家。现兼任中国造纸杂志社编委、《生物质化学工程》杂志编委、《造纸科学与技术》杂志编委、《Paper and Biomaterials》杂志编委、黑龙江省造纸学会常务理事兼学术,
"""5fab67790091c9411f2bc210""",国家自然科学基金,年度报告,2019,西部超导：2019年年度报告,688122.SH,西部超导,制造业,有色金属冶炼及压延加工业,陕西省,地方政府,http://vip.stock.finance.sina.com.cn/corp/go.php/vCB_Bulletin/stockid/688122/page_type/ndbg.phtml,,,,第二节 公司简介和主要财务指标,767,,、博士生导师，现任公司独立董事，主要研究领域为公司治理、技术创新、企业战略等。杨建君先生先后担任西安MBA学会副理事长、西安市政府专家咨询团特聘专家、陕西省改革发展研究会理事、陕西省商贸市场商会理事、国家自然科学基金通讯评审人、《改革》杂志学术委员会委员、中国区域科学协会丝绸之路经济带专业委员会委员、中国管理现代化研究会技术创新委员会委员等。杨建君先生主持过3项国家自然科学基金、6项省部级科学基金,
"""5fab67790091c9411f2bc213""",国家自然科学基金,年度报告,2019,广深铁路：2019年年度报告,601333.SH,广深铁路,交通运输、仓储和邮政业,铁路运输业,广东省,中央国有企业,http://vip.stock.finance.sina.com.cn/corp/go.php/vCB_Bulletin/stockid/601333/page_type/ndbg.phtml,,,,,444,,有限公司（一家于上海证券交易所上市的公司，股份代号为600132）董事、总经理。贾建民男，1957年8月出生，现任本公司独立非执行董事，研究生学历，美国德克萨斯大学（奥斯汀）商学院博士学位。贾先生曾任国家自然科学基金委管理科学部专家咨询委员会委员，全国MBA教育指导委员会委员，美国营销科学学会（MSI）学术董事等职务，现任香港中文大学工商管理学院市场学系教授和系主任、教育部“长江学者讲座教授”。王,
"""5fab67790091c9411f2bc214""",国家自然科学基金,年度报告,2019,中铝国际：2019年年度报告,601068.SH,中铝国际,电力、热力、燃气及水的生产和供应业,土木工程建筑业,北京市,国资委,http://vip.stock.finance.sina.com.cn/corp/go.php/vCB_Bulletin/stockid/601068/page_type/ndbg.phtml,,,,,966,务部综合处业务经理、会计核算处副经理、预算分析处副经理，中国铝业中州分公司财务部副经理（主持工作），中国铝业财务部会计核算处副经理（主持工作）、综合管理处经理，中国铝业香港有限公司财务总监，本公司总法律顾问等职务。张先生目前还兼任中铝财务有限责任公司董事。,独立非执行董事桂卫华先生：69岁，现任本公司独立非执行董事，董事会薪酬委员会委员及主席，提名委员会委员、战略委员会委员。教授，硕士研究生。桂先生现为中国工程院院士，国家自然科学基金创新研究群体学术带头人，有色冶金自动化教育部工程研究中心主任，中南大学信息科学与工程学院控制工程研究所所长，中南大学教授、博士生导师。桂先生同时兼任长沙伍华科技开发有限公司董事。,张鸿光先生：52岁，现任本公司独立非执行董事，董事会审核委员会委员及主席。美国注册会计师协会会员、美国特许金融分析师学会特许金融分析师，硕士研究生。曾任普华永道交易服务部╱审计部经理，BotoCompanyLimited（宝途集团）首席财务官，佳兆业集团控股有限公司首席财务官、公司秘书及联席授权代表。
"""5fab67790091c9411f2bc215""",国家自然科学基金,年度报告,2019,华北制药：2019年年度报告,600812.SH,华北制药,制造业,医药制造业,河北省,地方国资委,http://vip.stock.finance.sina.com.cn/corp/go.php/vCB_Bulletin/stockid/600812/page_type/ndbg.phtml,,,,第二节 公司简介和主要财务指标,716,,京大学法学院，副教授； 2014年9月至今任北京飞利信科技股份有限公司独立董事；2014年12月至2019年5月任公司独立董事。李江涛2009年9月至今任西南财经大学会计学院教授， 2013年3月至今国家自然科学基金委员会管理科学部综合处借调。现任千禾味业食品股份有限公司独立董事，四川菊乐食品股份有限公司独立董事，天安财产保险股份有限公司独立董事；2014年12月至2019年5月任公司独立董事。潘,
"""5fab67790091c9411f2bc216""",国家自然科学基金,年度报告,2019,云煤能源：2019年年度报告,600792.SH,云煤能源,制造业,石油加工、炼焦及核燃料加工业,云南省,地方国资委,http://vip.stock.finance.sina.com.cn/corp/go.php/vCB_Bulletin/stockid/600792/page_type/ndbg.phtml,,,,第二节 公司简介和主要财务指标,668,,族，1964年11月出生，云南富源人，经济学博士；云南财经大学金融研究院教授、博士研究生导师。曾先后担任云南财经大学金融研究所副院长、金融学院院长。曾获云南省哲学社会科学优秀成果奖二等奖两项，主持完成国家自然科学基金课题、云南省社科基金重点课题和其他决策咨询课程10多项，在国内学术刊物发表学术论文50余篇，出版学术专著2部。多次获得云南财经大学“优秀教师”等荣誉称号；2013年11月至2019年1,
"""5fab67790091c9411f2bc218""",国家自然科学基金,年度报告,2019,中航电子：2019年年度报告,600372.SH,中航电子,制造业,铁路、船舶、航空航天和其它运输设备制造业,北京市,国资委,http://vip.stock.finance.sina.com.cn/corp/go.php/vCB_Bulletin/stockid/600372/page_type/ndbg.phtml,,,,第二节 公司简介和主要财务指标,571,,商学院院长、北京工商大学科学技术处处长。现任本公司独立董事。熊华钢北京航空航天大学电子信息工程学院教授、博士生导师。研究方向为通信网络理论与技术、航空电子信息综合、超宽带通信、电子系统综合测试等。主持国家自然科学基金、国防预先研究、支撑技术等各类项目数十项，发表论文80余篇，专利10余项，出版著作2部，获省部级科研成果多项。已培养博士和硕士研究生50余名。现任本公司独立董事。张金昌历任首钢总公司计,
"""5fab67790091c9411f2bc219""",国家自然科学基金,年度报告,2019,永清环保：2019年年度报告,300187.SZ,永清环保,水利、环境和公共设施管理业,生态保护和环境治理业,湖南省,个人,http://vip.stock.finance.sina.com.cn/corp/go.php/vCB_Bulletin/stockid/300187/page_type/ndbg.phtml,,,,第二节 公司简介和主要财务指标,594,,司，先后任实验室副主任，环境修复研究所副所长、所长，研究院副院长职务；2018年10月至今，任永清环保股份有限公司环境修复事业部修复技术中心副院长职务。刘代欢先生现主持湖南省青年基金项目1项，先后参与国家自然科学基金、国家重点基础研究发展计划、国家重点研发计划、中科院科技专项、省重点研发计划等多个国家和省级课题研究。申请专利30多项，发表论文20多篇。参与农田修复市场项目技术指导10多个，2019,
"""5fab67790091c9411f2bc21a""",国家自然科学基金,年度报告,2019,江苏神通：2019年年度报告,002438.SZ,江苏神通,制造业,通用设备制造业,江苏省,个人,http://vip.stock.finance.sina.com.cn/corp/go.php/vCB_Bulletin/stockid/002438/page_type/ndbg.phtml,,,,第二节 公司简介和主要财务指标,648,,华大学经济管理学院应用经济系完成博士后研究，2008年8月加入经管学院管理科学与工程系，2011年12月晋升为副教授，2014年10月获得长聘（Tenure），是教育部长江学者青年学者（2016年）、国家自然科学基金优秀青年基金（2012年）和中国管理学青年奖（2014年）的获得者。现任公司独立董事。,
"""5fab67790091c9411f2bc21b""",国家自然科学基金,年度报告,2019,红旗连锁：2019年年度报告,002697.SZ,红旗连锁,电力、热力、燃气及水的生产和供应业,零售业,四川省,个人,http://vip.stock.finance.sina.com.cn/corp/go.php/vCB_Bulletin/stockid/002697/page_type/ndbg.phtml,,,,第二节公司简介和主要财务指标,447,事，百佳永辉董事。2001年8月加入福州永辉超市有限公司，曾任重庆永辉超市有限公司总经理助理、总经理，永辉超市股份有限公司副总裁。,5. 曹麒麟先生，中国国籍，无境外永久居留权，1973年12月出生，博士，副教授。主持、主研国家自然科学基金、国家社,科基金、教育部人文社科基金、四川省哲社项目、四川省软科学研究等科研项目16项。现于四川大学商学院任教。
"""5fab67790091c9411f2bc21c""",国家自然科学基金,年度报告,2019,中信建投：2019年年度报告,601066.SH,中信建投,金融业,资本市场服务,北京市,无实际控制人,http://vip.stock.finance.sina.com.cn/corp/go.php/vCB_Bulletin/stockid/601066/page_type/ndbg.phtml,,,,第二节 公司简介和主要财务指标,1016,,学士学位，于1994年4月自中国人民银行金融研究所（现中国清华大学五道口金融学院）取得国际金融学经济学硕士学位，于2000年6月自美国加州大学洛杉矶分校取得经济学博士学位。刘先生于2013年12月获得国家自然科学基金杰出青年奖，于2014年12月获教育部长江学者特聘教授称号。李士华李士华先生，1959年11月生，监事会主席。李先生于2005年11月加入本公司，自2014年4月起担任监事会主席，并自,
"""5fab67790091c9411f2bc21d""",国家自然科学基金,年度报告,2019,国电南自：2019年年度报告,600268.SH,国电南自,制造业,电气机械及器材制造业,江苏省,国资委,http://vip.stock.finance.sina.com.cn/corp/go.php/vCB_Bulletin/stockid/600268/page_type/ndbg.phtml,,,,第二节 公司简介和主要财务指标,681,,价和应急管理，长期从事电力系统运行与控制、电网自动化等领域的研究工作，并承担了国家智能电网战略研究和技术应用的多项课题，主持并完成3项国家“863”项目，2项国家自然科学基金项目及1项国家支撑计划项目，国电南京自动化股份有限公司第五届、第六届、第七届董事会独立董事，华北电力大学电气与电子工程学院教授，博士生导师，中电联电力需求侧管理专家指导委员会委员，科技,
"""5fab67790091c9411f2bc21e""",国家自然科学基金,年度报告,2019,科新机电：2019年年度报告,300092.SZ,科新机电,制造业,专用设备制造业,四川省,个人,http://vip.stock.finance.sina.com.cn/corp/go.php/vCB_Bulletin/stockid/300092/page_type/ndbg.phtml,,,,第二节公司简介和主要财务指标,676,,计学院副院长、教授、博士生导师。兼任中国会计学会基础理论专业委员会委员、中国中青年财务成本分会理事、《管理会计》杂志理事、中国实证会计研究会理事，《会计研究》、《金融研究》与《南开管理评论》审稿人以及国家自然科学基金通讯评议人。在《经济研究》、ChinaJournal of Accounting Research、《金融研究》、《会计研究》、《审计研究》等重要刊物发表多篇专业论文，承担国家自然科学,
"""5fab67790091c9411f2bc220""",国家自然科学基金,年度报告,2019,数字认证：2019年年度报告摘要,300579.SZ,数字认证,信息传输、软件和信息技术服务业,软件和信息技术服务业,北京市,地方国资委,http://vip.stock.finance.sina.com.cn/corp/go.php/vCB_Bulletin/stockid/300579/page_type/ndbg.phtml,,,,第二节 公司简介和主要财务指标,97,,可信身份管理技术研究参与“亿级规模网络身份管理与服务系统技术”某涉密项目参与3项课题2019年工业互联网创新发展工程工业互联网标识解析节点接入认证系统项目参与“工业互联网标识解析节点接入认证系统项目”国家自然科学基金项目国家自然科学基金项目“边缘计算安全关键技术研究”参与“边缘计算安全关键技术研究”,
"""5fab67790091c9411f2bc222""",国家自然科学基金,年度报告,2019,顺发恒业：2019年年度报告,000631.SZ,顺发恒业,房地产业,房地产业,吉林省,个人,http://vip.stock.finance.sina.com.cn/corp/go.php/vCB_Bulletin/stockid/000631/page_type/ndbg.phtml,,,,第二节 公司简介和主要财务指标,522,,教授，2009年入选国家百千万人才工程，2014年入选教育部长江学者。现任《清华管理评论》执行主编，《创新与演化经济学评论》主编，《管理工程学报》副主编，《科学学研究》、《科研管理》等杂志的编委，主持国家自然科学基金项目（含重大国际合作）、国家社会科学基金项目、教育部科技委重大专项、教育部高等教育改革重大专项负责人。其主要成果获得中国高校科技进步一等奖、教育部人文社会科学优秀成果二等奖、浙江省哲学,
"""5fab67790091c9411f2bc223""",国家自然科学基金,年度报告,2019,基蛋生物：2019年年度报告,603387.SH,基蛋生物,制造业,医药制造业,江苏省,个人,http://vip.stock.finance.sina.com.cn/corp/go.php/vCB_Bulletin/stockid/603387/page_type/ndbg.phtml,,,,第二节 公司简介和主要财务指标,707,,伙企业（有限合伙）执行事务合伙人、南京中大生物信息研究院有限公司董事、本公司独立董事等职务。李翔李翔先生，中国国籍，无境外居留权，1977年生，管理学博士(会计学专业)。南京财经大学会计学院教授，主持国家自然科学基金、教育部人文社会科学以及财政部重点科研项目等多项研究课题。现任南京艾睿斯拓企业管理咨询有限公司执行董事、南京深睿想企业管理咨询中心（普通合伙）执行事务合伙人、江苏省农垦农业发展股份有限,
"""5fab67790091c9411f2bc224""",国家自然科学基金,年度报告,2019,火炬电子：2019年年度报告,603678.SH,火炬电子,制造业,计算机、通信和其他电子设备制造业,福建省,个人,http://vip.stock.finance.sina.com.cn/corp/go.php/vCB_Bulletin/stockid/603678/page_type/ndbg.phtml,,,,第二节 公司简介和主要财务指标,694,,材料系学士、硕士，英国 Leeds 大学博士，意大利 Modena 大学、法国 ENSCI 工业陶瓷研究院访问学者。作为技术负责人和课题负责人承担了国家“十五”、“十一五”、“十二五”重点项目，负责了国家自然科学基金、教育部优秀年轻教师基金、教育部骨干教师基金、国家 863 科技计划、国家高科技火炬计划青年基金、福建省陶瓷重大专项、福建省重大科技项目、福建省重点课题等 20 多项省部级以上的基金课,
"""5fab67790091c9411f2bc21f""",国家自然科学基金,年度报告,2019,山推股份：2019年年度报告,000680.SZ,山推股份,制造业,专用设备制造业,山东省,地方国资委,http://vip.stock.finance.sina.com.cn/corp/go.php/vCB_Bulletin/stockid/000680/page_type/ndbg.phtml,,,,,611,魏相圣先生，54岁，大学文化，高级工程师，本公司职工董事、党委副书记、副总经理、纪委书记、工会主席。1987年7月在潍柴参加工作。历任潍坊柴油机厂200厂技术装备科科长、副厂长、厂长、党支部书记；潍坊柴油机厂增压器厂副厂长、厂长；潍坊柴油机厂质量部党支部副书记、副部长、部长、质量体系办公室主任；潍坊潍柴道依茨柴油机有限公司常务副总经理、总质量师；潍坊柴油机厂动力成套设备厂副厂长；潍柴动力股份有限公司615厂副厂长；潍柴动力股份有限公司一号工厂厂长；株洲湘火炬火花塞有限责任公司党委副书记、党委书记、纪委书记、副总经理、常务副总经理；山东重工集团有限公司新旧动能转换项目办公室副主任。现任本公司职工董事、党委副书记、副总经理、纪委书记、工会主席，山推投资有限公司董事，中国机械政研会第一届专家委员会成员，济宁市总工会第十八届委员会常务委员。具有丰富的生产制造、质量管理、企业文化建设及党群工作管理经验。,陈  敏女士，65岁，博士研究生学历，博士学位，会计学教授，博士生导师，本公司独立董事。曾任人民银行天津分行河北区办事处信贷员，天津财经学院会计系教授、博士生导师，天津亿利达集团财务顾问，天津房信集团财务顾问，天津名泰克有限公司外方董事，天津天财会计师事务所项目经理，天津吉威会计师事务所顾问。现任北京国家会计学院二级教授，国家自然科学基金项目通讯评审专家，国家学位中心评审专家，天津财经大学特聘教授，兼任中源协和细胞基因工程股份有限公司独立董事、本公司独立董事。,王金星先生，55岁，大学本科学历，拖拉机设计专业，高级工程师。曾任国家工程机械质量监督检验中心检验技术部部长。现任中国工程机械工业协会副秘书长，本公司独立董事。
