_id,policyTitle,sourceType,sourceYear,title,stockCode,stockName,parentIndustry,industry,provinces,actualControllerType,link,actualParticipated,specificProjects,subsidyAmounts,comment,location,codedBy,sinaTitle,section,length,docLink,mentionPrevious,mention,mentionNext
"""601b900f35b23ba031137dc8""",一带一路（19年之前）,年度报告,2014,超华科技：2014年年度报告（更新后）,002288.SZ,超华科技,制造业,计算机、通信和其他电子设备制造业,广东省,个人,http://vip.stock.finance.sina.com.cn/corp/go.php/vCB_Bulletin/stockid/002288/page_type/ndbg.phtml,,,,,0,,超华科技：2014年年度报告,,2,https://vip.stock.finance.sina.com.cn//corp/view/vCB_AllBulletinDetail.php?stockid=002288&id=4352219,销售和市场开发方面     公司将继续加强和巩固客户关系管理，聚焦优质大客户实现市场分布有效改善。公司持续注重内部强化产品开发和技术 提升，打造产业链一站式服务平台，实现综合产品供应优势，同时强化与客人互动，在设计、计划、生产等领域充分协同， 参与、配合客户进行项目研发或产品设计，努力成为其供应链中重要一环，从而提升客户忠诚度。继续通过公共及自有的先 进IT系统工具，为业务活动严格管理业务行为和过程，实现业务活动全面掌控和有效的风险防控。公司将继续壮大大客户开 发、服务、管理团队，深挖已有客户的潜力资源，加大力度开发汽车中控，智能照明，显示背光，智能安防、智能手机及工             ,                                                    广东超华科技股份有限公司 2014 年年度报告全文 业4.0等行业客户，通过引入热点行业客户，有效提升订单数量和毛利水平。在巩固华南地区、华东地区市场优势的同时， 积极展开多渠道合作，整合借力行业协会，贸易团体等资源，进一步扩大影响，实现市场有效扩张。着眼未来，凭借自身产 业链纵横优势，积极参与一带一路战略，实现业务版图的迅速拓展。     2、研发方面     公司将积极推进新技术和新产品的研发工作，紧追行业领先技术，以超薄电子铜箔、特种绝缘纸、高频/高速电路板及 覆铜箔板、挠性线路板等电子基材系列产品及其加工新技术与装备研发为主题，与企业目前生产紧密结合，提高公司产品生 产技术水平和产品层次，强化核心技术，提高公司核心竞争能力。     2015年，随着募集资金投资建设的研发中心建设,项目的完成，其将成为公司发展的新引擎，通过加强与高校和科研院所 的合作力度，加速促进产学研合作，扩展产品线，孵化新产品、新技术，寻求变革机遇。     3、管理方面     2015年，公司着重以降本增效为核心，全面推行精细化管理。一是全面执行预算管理，围绕年初目标任务，扎实做好各 项预算指标的细化分解，防范资金风险，有效盘活存量资金；二是与企业管理咨询机构合作在单面线路板事业部率先推行阿 米巴经营模式，通过确立与市场挂钩的部门核算制度、培养具有经营者意识的人才和实现全员共同参与经营的理念，突破现 有管理瓶颈，提升业绩。在该模式取得良好效果后，公司会将其复制推行到各事业部及子公司。三是健全绩效
"""601b9837031af7a1feeab6c2""",一带一路（19年之前）,年度报告,2014,渤海租赁：2014年年度报告,000415.SZ,渤海租赁,租赁和商务服务业,租赁业,新疆维吾尔自治区,其他,http://vip.stock.finance.sina.com.cn/corp/go.php/vCB_Bulletin/stockid/000415/page_type/ndbg.phtml,,,,,0,,渤海租赁股份有限公司2014年年度报告,,2,https://vip.stock.finance.sina.com.cn//corp/view/vCB_AllBulletinDetail.php?stockid=000415&id=1763859,".00      少数股东权益影响额（税后）           51,453,000.00    38,459,000.00       6,349,000.00 合计                                     102,780,000.00   447,250,000.00    411,037,000.00            -- 对公司根据《公开发行证券的公司信息披露解释性公告第 1 号——非经常性损益》定义界定的非经常性损益项目，以及把 《公开发行证券的公司信息披露解释性公告第 1 号——非经常性损益》中列举的非经常性损益项目界定为经常性损益的项 目，",应说明原因 □ 适用 √ 不适用 公司报告期不存在将根据《公开发行证券的公司信息披露解释性公告第 1 号——非经常性损益》定义、列举的非经常性损 益项目界定为经常性损益的项目的情形。 9                                         第四节 董事会报告 一、概述      2014年，全球经济复苏依旧艰难曲折；国内经济增长平稳，新一届政府推进中国经济进入新常态，以一带一路、自贸 区为代表的新型经济发展模式将逐步优化调整国内经济产业结构并将显著增强人民币国际化进程，而租赁业是国家宏观调 控和产业升级的有效助推器。      2014年是公司快速实现全球化发展战略的一年，公司在境内以天津自贸区、皖江城市带、横琴新区、前海经济特区等 国家重点扶持的经济特区为中心，境外以香港、新加坡、美国为中心的全球租赁产业布局。董事会全年持续推进租赁产业 并购，通过一系列卓有成,效的资本运作项目圆满推进公司由内至外的“蜕变”。      报告期内，公司继续围绕集装箱租赁、飞机租赁、基础设施租赁拓展业务，同时积极开拓医疗设备租赁、新能源汽车 租赁等市场；通过兼并收购进一步强化公司在集装箱租赁领域的市场份额，不断打造公司的核心竞争力。截至2014年12月 31日，公司总资产667亿元，净资产97.89亿元。2014年度公司实现营业收入68.52 亿元，同比增长7.46%；实现营业利润 12.34亿元，同比减少14.99%；实现归属于母公司净利润9.13亿元。 二、主营业务分析 1、概述 公司回顾总结前期披露的发展战略和经营计划在报告期内的进展情况      1.境外资产整
"""601b9837031af7a1feeab6b5""",一带一路（19年之前）,年度报告,2014,浙富控股：2014年年度报告,002266.SZ,浙富控股,水利、环境和公共设施管理业,生态保护和环境治理业,浙江省,个人,http://vip.stock.finance.sina.com.cn/corp/go.php/vCB_Bulletin/stockid/002266/page_type/ndbg.phtml,,,,,0,,浙富控股集团股份有限公司2014年年度报告,,2,https://vip.stock.finance.sina.com.cn//corp/view/vCB_AllBulletinDetail.php?stockid=002266&id=1759095,公司 2014 年年度报告全文                                       第四节 董事会报告 一、概述     2014年起，中国经济全面进入“新常态”，经济增速趋缓，由高速增长转向中高速，经济结构进行调整优化升级，全年 经济平稳运行。在节能减排的压力下，随着节能环保升级为国家支柱产业，核电项目正式启动，水电行业开始回暖。在此政 策背景和行业形势下，公司在各方面业务取得了突破。     报告期内，公司努力践行“大能源+互联网等新兴领域投资”发展战略，核电业务取得了重大突破，水电业务在“一带 一路”沿线国家屡获重大订单，高起点进入了节能行业，成功收购浙江格睿能源,"动力科技有限公司，在文化传媒行业,收购 了梦响强音文化传播（上海）有限公司40%的股权，顺利完成了第二次非公开增发，以公司持有的上海二三四五网络科技股 份有限公司股权参与上海海隆软件股份有限公司重组。     1、为应对近年来国内水电设备市场需求下降的趋势，与激烈的行业竞争现状，公司逐步将水电业务扩展至海外，并取 得了积极的成果。累计获取三个重大海外水电订单，分别来自于乌干达、老挝和土耳其，属于“一带一路”沿线国家。     2、控股子公司四川华都核设备制造有限公司（以下简称“华都公司”）喜获核电订单，标志着公司真正成为核一级部 件设计制造商。     报告期内，国内核电建设正式重启，控股子公司华都公司凭借卓越的产品质量和竞争力，一举拿下国内国外两个控制棒 驱动机构订单。这不仅是核电业务质的突破，也让公司在核电行业站稳脚跟，成为核一级部件的主要供应商。     2014年11月26日，华都","公司与中国核工业集团公司（以下简称“中核集团”）全资子公司中国中原对外工程有限公司在 上海以独家议标方式签署了《控制棒驱动机构设备订货合同》。合同总金额：25,776.00万元人民币。该合同系华都公司首 次承接的大型商用核电站关键设备制造合同，标志着华都公司跨入核一级产品的批量化生产阶段，并成为“华龙一号”核电 控制棒驱动机构供货的先行者。     2014年12月30日，华都公司与中国核动力研究设计院（以下简称“核动力院”）在四川省都江堰市以独家议标方式正式 签署了《福建福清核电项目5、6号机组控制棒驱动机构（CRDM）设备供货合同》，确定由华都公司为国内核电站建设首次采 用“华龙一号”核电"
"""601b9837031af7a1feeab6d7""",一带一路（19年之前）,年度报告,2014,--：2014年年度报告,300186.SZ,--,,,,无实际控制人,http://vip.stock.finance.sina.com.cn/corp/go.php/vCB_Bulletin/stockid/300186/page_type/ndbg.phtml,,,,,0,,广东大华农动物保健品股份有限公司2014年年度报告,,2,https://vip.stock.finance.sina.com.cn//corp/view/vCB_AllBulletinDetail.php?stockid=300186&id=1757692,募投及超募项目相继投产产生效益。公司现 已形成新项目风险评估机制，并拥有发展新项目的丰富经验，具备一定抗风险的能力。     4、海洋产业发展风险     海洋产业前景广阔，但发展深海养殖风险比畜禽养殖、淡水养殖更大，主要有三大风险：（1）技术风 险：比如育种技术、网箱抗风浪技术、疾病防控技术、养殖无标准化体系等；（2）自然风险：有台风、 风暴潮、赤潮、溢油、浒苔爆发等自然风险；（3）市场风险：不是刚需食品，可选择性强。     为降低以上风险，报告期内，公司围绕海洋产业发展需求储备技术资源，与黄海水产研究所就“南海 鱼类繁育体系建设及产业化示范”合作签署协议，以南海鱼类繁育技术、病害防控、健,康养殖为合作切入 点，逐步开展紧密的、全方位的产学研合作；与华南农业大学再牵手在海洋产业进行全面合作，促使海洋 育种、工厂化养殖、防疫技术、鱼饲料开发、食品加工、生态养殖技术等方面的高新技术成果在公司转化 和推广应用；与美国迈阿密大学海洋与气象科学学院进行技术合作交流，以应用国际先进技术进一步降低 海洋产业技术和自然风险。此外，公司还与珠海市万山区管理委员会签署战略合作协议打通产业链，加入 国家“一带一路”蓝色海洋经济发展浪潮，实现“陆-岛-海”统筹开发，降低了海洋产业市场风险。通过以上 合作，公司海洋产业总体达到了风险可控。                                                   广东大华农动物保健品股份有限公司 2014 年年度报告全文                                    第四节 董事会报告 一、管理层讨论与,"分析 1、报告期内主要业务回顾     2014年，公司以“积极调整业务，稳中求进”为总基调，以“强化经营管理、夯实百亿基础”为工作主线， 在新的政治经济环境下，积极适应畜牧业升级转型。克服H7N9流感等公共卫生事件带来的巨大冲击，各 项经营工作有序推进；实现了海洋产业良好开局，形成了“一高一大”的产业格局，为打造百亿企业奠定了 管理和产业基础。     报告期内，公司实现营业收入101,804.80万元，较上年减少5.46%；利润总额13,646.58万元，较上年减 少48.19%；归属于上市公司普通股股东的净利润11,098.28万元，较上年减少47.53%；截至2014年12月31 日，"
"""601b9837031af7a1feeab6e6""",一带一路（19年之前）,年度报告,2014,金螳螂：2014年年度报告,002081.SZ,金螳螂,电力、热力、燃气及水的生产和供应业,建筑装饰和其他建筑业,江苏省,个人,http://vip.stock.finance.sina.com.cn/corp/go.php/vCB_Bulletin/stockid/002081/page_type/ndbg.phtml,,,,,0,,苏州金螳螂建筑装饰股份有限公司2014年年度报告,,2,https://vip.stock.finance.sina.com.cn//corp/view/vCB_AllBulletinDetail.php?stockid=002081&id=1756268,，已连续 18 年获得全球酒店室内设计公司第一名， 设计了广州四季酒店、沈阳君悦酒店、巴库火焰塔费尔蒙特酒店及瑞士格斯塔德阿尔皮纳酒 店等一系列经典酒店设计项目，同时，HBA 扩展服务范围，新设餐饮设计、艺术品设计等多 个分支机构。HBA 在中国内地的市场拓展进一步加快，除了上海工作室外，还在北京、广州 新设了工作室。在国内高端酒店市场，HBA 以良好的设计品质赢得了客户的认同，市场占有 率较高。公司设计师团队对国内规范、施工做法、造价控制等方面的丰富经验，可以帮助业 主找到最合适的道路来实现 HBA 的设计效果，已形成 HBA 初步设计，再由公司进行施工图 设计的良好合作机制。同时，随着越来,越多的中国开发商走向海外，公司与开发商客户的良 好合作关系，也将成为 HBA 拓展海外市场的利器。     在国内业务保持稳定增长的前提下，公司积极尝试向海外扩张。近年来，公司积极开拓 海外市场，已完成施工老挝万象亚欧峰会官邸别墅室内装修工程，在建巴哈马瑰丽酒店项目， 获得了业主的好评，积攒了海外项目的经验。2014 年末，公司以香港为平台，在澳门、俄罗 斯建立了建筑装饰业务平台，将充分把握国家“一带一路”发展战略机遇，通过 HBA 国际化 平台和与国内大型总承包商建立的战略合作关系，积极拓展海外业务，持续推进国际化之路。     第七、打造公司金融平台，资本运作助力业务发展     2014 年，公司设立了全资子公司金螳螂资管。该公司的成立，标志着金螳螂“金融的翅 膀”的雏形形成。公司通过金螳螂资管专业化团队运作资金，在风险可控的前提下，为客户 提供金融服务，既有利于利用社会资金来帮助客,户解决融资问题，最终锁定装饰业务，又增 强了装饰工程资金回收的保障，保证了公司经营性现金流。报告期内，金螳螂资管已试点投 资一个项目，通过运作公司闲置资金为公司带来了装饰业务订单、战略合作客户等资源，并                                                  苏州金螳螂建筑装饰股份有限公司 2014 年年度报告全文 且使闲置资金的收益大幅提高。未来，金螳螂资管将围绕装饰产业链继续开展投资、融资活 动，通过实业投资、股权投资、资本投资等方式充分利用公司的闲置资金并引导社会资金流 向，以发挥资金对业务的撬动作用，吸引有发展前景的潜在优质客户，促进公司业务的
"""601b9837031af7a1feeab6e7""",一带一路（19年之前）,年度报告,2014,宝鹰股份：2014年年度报告摘要,002047.SZ,宝鹰股份,电力、热力、燃气及水的生产和供应业,建筑装饰和其他建筑业,广东省,地方国资委,http://vip.stock.finance.sina.com.cn/corp/go.php/vCB_Bulletin/stockid/002047/page_type/ndbg.phtml,,,,,0,,深圳市宝鹰建设控股集团股份有限公司2014年年度报告,,2,https://vip.stock.finance.sina.com.cn//corp/view/vCB_AllBulletinDetail.php?stockid=002047&id=1753876,、转型升级”和“以内源性增长促进外延式的发展，以外延式发展巩固内源性 增长”两大发展战略与经营计划，深入推动公司综合建筑装饰装修工程设计及施工主营业务健康发展，公 司业绩持续增长、知名度持续增高、团队执行力持续增强，在确保实现重组上市盈利承诺的基础上，努力 实现了更大的营业收入与净利润增长；公司积极利用资本市场平台和企业运营平台，努力塑造良好的资本 市场形象，大胆有效实施收购兼并及对外扩张计划，寻求新的业务增长点和利润贡献点，凭借科学清晰的 发展战略与经营计划，以及快速落地的判断力与执行力，公司整体资产质量、盈利能力和抗风险能力已得 到显著提升，公司的发展潜力及投资价值逐渐得到市场认可。   ,"  经审计，截止2014年12月31日，公司实现营业总收入538,246.48万元，较上年同期增长44.43%；实现 营业利润36,655.85万元，较上年同期增长24.83%；实现利润总额36,851.33万元，较上年同期增长25.09%； 归属于上市公司股东的净利润26,878.99万元，较上年同期增长22.23%。报告期内，公司围绕董事会战略部 署着重开展了以下工作：       1、紧跟“一带一路”国家战略，快速布局海外市场     报告期，宝鹰建设斥资20,655万元收购了在经营海外工程市场方面具有丰富运营经验和业务资源积累 的中建南方51%股权，有助于公司对海外工程业务快速进行有效布局，缩短公司战略进军海外市场的时间， 降低开拓海外市场的风险，迅速获取经营海外市场的各种重要资源。2014年9月，宝鹰建设与熊氏集团（一 家总部设于印度尼西亚的大型跨国企业集团，其实际控制人为著名华","人华侨领袖熊德龙（TED SIOENG） 先生）共同于雅加达设立印尼宝鹰建设有限公司（英文名称：Indonesia Bauing Construction Ltd.），主要在 印尼开展建设项目总承包业务，包括但不限于建设项目咨询、规划、设计、施工、装饰等业务。印尼宝鹰 的成立高度契合国家主席习近平提出的构建“一带一路”经济带的战略构想，并已经得到了印尼总统府、国 会及印尼各地方领导人的大力支持。2015年3月，印尼宝鹰与印尼柯世模有限公司签署了《柯世模有限公 司拉图蔓腾\""钻石\""综合楼项目建筑装饰工程总承包合同》, 该项目总金额为16,130万美元。       2、大力开拓国内市场业务  "
"""601b9837031af7a1feeab6e7""",一带一路（19年之前）,年度报告,2014,宝鹰股份：2014年年度报告摘要,002047.SZ,宝鹰股份,电力、热力、燃气及水的生产和供应业,建筑装饰和其他建筑业,广东省,地方国资委,http://vip.stock.finance.sina.com.cn/corp/go.php/vCB_Bulletin/stockid/002047/page_type/ndbg.phtml,,,,,0,,深圳市宝鹰建设控股集团股份有限公司2014年年度报告,,2,https://vip.stock.finance.sina.com.cn//corp/view/vCB_AllBulletinDetail.php?stockid=002047&id=1753876,"；实现 营业利润36,655.85万元，较上年同期增长24.83%；实现利润总额36,851.33万元，较上年同期增长25.09%； 归属于上市公司股东的净利润26,878.99万元，较上年同期增长22.23%。报告期内，公司围绕董事会战略部 署着重开展了以下工作：       1、紧跟“一带一路”国家战略，快速布局海外市场     报告期，宝鹰建设斥资20,655万元收购了在经营海外工程市场方面具有丰富运营经验和业务资源积累 的中建南方51%股权，有助于公司对海外工程业务快速进行有效布局，缩短公司战略进军海外市场的时间， 降低开拓海外市场的风险，迅速获取经营海外市场的各种重要资源。2014年","9月，宝鹰建设与熊氏集团（一 家总部设于印度尼西亚的大型跨国企业集团，其实际控制人为著名华人华侨领袖熊德龙（TED SIOENG） 先生）共同于雅加达设立印尼宝鹰建设有限公司（英文名称：Indonesia Bauing Construction Ltd.），主要在 印尼开展建设项目总承包业务，包括但不限于建设项目咨询、规划、设计、施工、装饰等业务。印尼宝鹰 的成立高度契合国家主席习近平提出的构建“一带一路”经济带的战略构想，并已经得到了印尼总统府、国 会及印尼各地方领导人的大力支持。2015年3月，印尼宝鹰与印尼柯世模有限公司签署了《柯世模有限公 司拉图蔓腾\""钻石\""综合楼项目建筑装饰工程总承包合同》, 该项目总金额为16,130万美元。       2、大力开拓国内市场业务       报告期，公司进一步巩固和扩大业已形成的市场知名度和市场占有率，抓住建筑装饰市场持续高速增 长的有利时",机，通过整合配套资质、进一步完善营销网络、深入推进公司知名品牌和特色经营战略实施、 努力开发和培育高端客户等举措，持续提升本公司的品牌影响力，扩大市场占有率。       （1）整合配套资质，提供综合解决方案及承建管理服务       报告期内，公司在确保主业发展的同时，整合幕墙、门窗、智能化、消防、机电设备、钢结构的资源 配置，挖掘配套资质的巨大市场潜力，与主业资质形成良性互动，共同发展，为客户提供更完善、更优质、 更高效的建筑装饰工程设计施工综合解决方案及承建管理服务，为公司创造新的业绩和利润增长点。       （2）进一步完善营销网络       公司实施“立足深圳、面向全国、走向世界
"""601b9838031af7a1feeab704""",一带一路（19年之前）,年度报告,2014,捷成股份：2014年年度报告摘要,300182.SZ,捷成股份,文化、体育和娱乐业,广播、电视、电影和影视录音制作业,北京市,个人,http://vip.stock.finance.sina.com.cn/corp/go.php/vCB_Bulletin/stockid/300182/page_type/ndbg.phtml,,,,,0,,北京捷成世纪科技股份有限公司2014年年度报告,,2,https://vip.stock.finance.sina.com.cn//corp/view/vCB_AllBulletinDetail.php?stockid=300182&id=1748718,信，极地信息、捷成优联、华晨影视、中传广视设计院、博威康、 安信华科技和中映高清等公司，显著增强了在广播电视系统音视频技术工程领域的全面服务能力，能够提供从广播电视工艺 流程设计开始，到演播室灯光和音视频工程、转播车设计和工程实施、3G/4G传输、卫星收录、全媒体素材生成采集、媒体 资产管理、高清内容制作、内容播出（发布）、业务全流程控制和广电信息安全等级保护的各类综合技术系统，目前公司已 经完成音视频技术领域的全面布局，成为国内唯一能够为广播电台、电视台和有线网络公司提供一站式音视频技术解决方案 的服务商。     随着公司在音视频技术领域市场地位和竞争优势日益显著，公司在继续横向完善产业链,的同时开始向产业链纵向延伸， 积极向音视频领域的内容制作及发行业务拓展。除了参与有线网络公司的双向化技术改造，也帮助它们实施构建新的增值服 务平台。     公司在2013年底与广西电视台共同投资设立了广西影捷文化发展有限责任公司，持股比例49%，广西影捷不仅仅是一家 策划、代理、制作、发行各类影视内容的影视制作公司，它的控股股东广西电视台也要求它承担面向东南亚各国的节目内容 版权交易，成为国家“一带一路”大战略中影视文化交流的重要组成部分。2014年初，公司考虑到新媒体视频的快速发展，新 媒体视频运营开始步入正版化时代，特别是有线网络双向改造之后，视频点播等双向互动新业态不断涌现，影视版权整合运 营体现出广泛的客户需求和市场潜力，鉴于公司拥有常年积累的丰富的客户和渠道资源，在充分把握市场动态、回应公司现 有客户需求的基础上，                                ,                               北京捷成世纪科技股份有限公司 2014 年年度报告全文     2014年初，公司参股华视网聚（常州）文化传媒有限公司，持股比例20%，开始布局影视内容版权服务。华视网聚是一 家主营视频传媒技术的推广与服务、视频版权分销及运营的公司，其核心团队拥有丰富的视频版权分销及运营经验，在行业 内具有深厚的资源和良好的客户渠道。华视网聚业务模式系从出品方（如中影、华谊、央视等）购买影视新媒体版权，经过 整合运营，销售给各个门户网站、视频分享网站、视频客户端网站、广电有线网络互动点播等下游播放平台或者与之共同运 营。通过与华视网聚合作，公司丰富
"""601b9838031af7a1feeab700""",一带一路（19年之前）,年度报告,2014,中铁装配：2014年年度报告摘要,300374.SZ,中铁装配,制造业,非金属矿物制品业,北京市,国资委,http://vip.stock.finance.sina.com.cn/corp/go.php/vCB_Bulletin/stockid/300374/page_type/ndbg.phtml,,,,,0,,北京恒通创新赛木科技股份有限公司2014年年度报告,,2,https://vip.stock.finance.sina.com.cn//corp/view/vCB_AllBulletinDetail.php?stockid=300374&id=1747708,          北京恒通创新赛木科技股份有限公司 2014 年年度报告全文 品、新技术和新的解决方案不断涌现，如果公司不能在技术领域中保持持续创新能力，而同行业企业通过 持续创新并开发出性价比更优的墙体材料，则可能会导致公司处于竞争劣势，对公司的业绩造成不利影响。     九、汇率风险     虽然2014年公司来自海外市场的收入占比不高，但随着来自海外市场的收入将逐步增加，公司以外币 结算的产品出口收入存在因人民币升值导致汇兑损失的风险。                                                   北京恒通创新赛木科技股份有限公司 2014 年年度,"报告全文                                   第四节 董事会报告 一、管理层讨论与分析 1、报告期内主要业务回顾     2014年，全球经济复苏跌宕曲折，我国经济处于结构调整期，呈现新常态，下行压力持续加大。面对 复杂严峻的经济形势，公司管理层按照年初董事会制订的经营计划，从提升内在竞争力入手，以客户需求 为导向，充分利用新型工业化、城镇化释放出来的国内市场空间和一带一路国家战略规划带来的国际市场 机遇，公司主营业务继续保持了良好的发展势头。报告期内，公司实现营业收入41,529.00万元，比上年同 期增长16.80%，实现净利润6,219.51万元，比上年同期增长0.72%，归属于母公司的净利润为6,232.41万元， 比上年同期增长1.57%。     报告期内，公司在董事会的领导下，在以下几项主要工作上取得了新的进展：     1、继续完善营销体系建",设，市场范围进一步扩大     公司进一步明确了自身定位，突出自身特色，加强品牌建设与营销，着力提高产品市场竞争力，提升 服务质量，增强开拓市场的内在能力。报告期内，公司在以生产基地为中心完善直销体系建设的同时，引 入第三方服务，积极推进经销商网络建设，新签约经销商6家。公司积极跟进国家一带一路经济战略，借 助新疆作为丝绸之路经济带核心地区的区位优势，以新疆基地为中心，继续巩固和扩大新疆市场，至2014 年末，新疆市场已经覆盖了乌苏市、奎屯市、奇台县、昭苏县、塔城市、特克斯县、和丰县、托里县、和 布克赛尔蒙古自治县、吐鲁番市、洛浦县、昌吉州等。以北京基地为中心，公司新开拓了秦皇岛、威海、 邯郸
"""601b9838031af7a1feeab700""",一带一路（19年之前）,年度报告,2014,中铁装配：2014年年度报告摘要,300374.SZ,中铁装配,制造业,非金属矿物制品业,北京市,国资委,http://vip.stock.finance.sina.com.cn/corp/go.php/vCB_Bulletin/stockid/300374/page_type/ndbg.phtml,,,,,0,,北京恒通创新赛木科技股份有限公司2014年年度报告,,2,https://vip.stock.finance.sina.com.cn//corp/view/vCB_AllBulletinDetail.php?stockid=300374&id=1747708,"事会报告 一、管理层讨论与分析 1、报告期内主要业务回顾     2014年，全球经济复苏跌宕曲折，我国经济处于结构调整期，呈现新常态，下行压力持续加大。面对 复杂严峻的经济形势，公司管理层按照年初董事会制订的经营计划，从提升内在竞争力入手，以客户需求 为导向，充分利用新型工业化、城镇化释放出来的国内市场空间和一带一路国家战略规划带来的国际市场 机遇，公司主营业务继续保持了良好的发展势头。报告期内，公司实现营业收入41,529.00万元，比上年同 期增长16.80%，实现净利润6,219.51万元，比上年同期增长0.72%，归属于母公司的净利润为6,232.41万元， 比上年同期增长1.57%",。     报告期内，公司在董事会的领导下，在以下几项主要工作上取得了新的进展：     1、继续完善营销体系建设，市场范围进一步扩大     公司进一步明确了自身定位，突出自身特色，加强品牌建设与营销，着力提高产品市场竞争力，提升 服务质量，增强开拓市场的内在能力。报告期内，公司在以生产基地为中心完善直销体系建设的同时，引 入第三方服务，积极推进经销商网络建设，新签约经销商6家。公司积极跟进国家一带一路经济战略，借 助新疆作为丝绸之路经济带核心地区的区位优势，以新疆基地为中心，继续巩固和扩大新疆市场，至2014 年末，新疆市场已经覆盖了乌苏市、奎屯市、奇台县、昭苏县、塔城市、特克斯县、和丰县、托里县、和 布克赛尔蒙古自治县、吐鲁番市、洛浦县、昌吉州等。以北京基地为中心，公司新开拓了秦皇岛、威海、 邯郸、青岛等国内市场和毛里求斯、菲律宾等国际市场。为进一步提高海外市场对公司产品的认知度，公, 司增加了海外市场样板房投入，并加快海外目标市场的材料准入认证，为公司下一步海外市场业务拓展奠 定基础，2014年，公司已在巴西、新西兰、加拿大、马来西亚完成或开始建设样板房，并完成澳大利亚及 俄罗斯的材料准入认证，巴西的材料准入认证正在办理中。此外，公司抓住新型城镇化建设市场机遇，在 新农村建设、景区旅游休闲建筑等方面都取得了新的突破。     2、生产基地建设进展顺利     为了进一步完善生产基地布局，公司在2014年相继启动了北京市房山区窦店基地建设和新疆吐鲁番生 产基地建设，报告期内，新疆吐鲁番基地已经建成投产，北京市房山区窦店基地完成基础设施建设投资 6138.64万元。这两个基地
"""601b9838031af7a1feeab700""",一带一路（19年之前）,年度报告,2014,中铁装配：2014年年度报告摘要,300374.SZ,中铁装配,制造业,非金属矿物制品业,北京市,国资委,http://vip.stock.finance.sina.com.cn/corp/go.php/vCB_Bulletin/stockid/300374/page_type/ndbg.phtml,,,,,0,,北京恒通创新赛木科技股份有限公司2014年年度报告,,2,https://vip.stock.finance.sina.com.cn//corp/view/vCB_AllBulletinDetail.php?stockid=300374&id=1747708,、菲律宾等国际市场。为进一步提高海外市场对公司产品的认知度，公 司增加了海外市场样板房投入，并加快海外目标市场的材料准入认证，为公司下一步海外市场业务拓展奠 定基础，2014年，公司已在巴西、新西兰、加拿大、马来西亚完成或开始建设样板房，并完成澳大利亚及 俄罗斯的材料准入认证，巴西的材料准入认证正在办理中。此外，公司抓住新型城镇化建设市场机遇，在 新农村建设、景区旅游休闲建筑等方面都取得了新的突破。     2、生产基地建设进展顺利     为了进一步完善生产基地布局，公司在2014年相继启动了北京市房山区窦店基地建设和新疆吐鲁番生 产基地建设，报告期内，新疆吐鲁番基地已经建成投产，北京市房山,区窦店基地完成基础设施建设投资 6138.64万元。这两个基地建设完成后，将进一步完善公司“一中心，多基地”的生产布局，不仅进一步强化                                                 北京恒通创新赛木科技股份有限公司 2014 年年度报告全文 北京作为公司管理中心、研发中心、生产中心和物流中心的作用，而且有利于巩固和扩大新疆市场，并增 强公司响应国家一带一路经济发展战略的能力，为进军中亚和欧洲市场创造条件。     3、研发和创新能力进一步提高     公司的产品研发主要集中在两个方向：一是进一步完善现有产品的工艺和配方，提高产品的性价比； 二是大力加强新产品的研发，进一步完善产品体系。报告期内，公司通过优化工艺和配方，提高了隔声、 耐火性能，增强了产品的市场竞争力。在提高现有产品性价比的基础上，公司加大投入开发新的产品，开 发出一体化墙板，,并对无机墙板和智能墙板开展预研工作。报告期内，公司通过专利产业化带动技术进步， 依靠专利技术储备增强发展后劲，新获得国家专利11项，研发队伍和创新能力得到了进一步加强。     4、管理能力进一步提高，团队结构得到优化     公司以建设自动办公信息管理平台为契机，全面梳理和完善了管理流程，进一步完善了内控制度，提 高了管理效率。2014年初，公司组织中层领导岗位竞聘工作，一些德才兼备、业绩突出的青年人才脱颖而 出，充实到中层领导岗位，管理团队人才结构进一步优化，初步建立健全了科学合理的人才梯队，为公司 长远持续快速发展提供了坚实的人才组织保证。 2、报告期内主要经营情况 （1）主营业务分析 
"""601b9838031af7a1feeab73a""",一带一路（19年之前）,年度报告,2014,中利集团：2014年年度报告,002309.SZ,中利集团,制造业,电气机械及器材制造业,江苏省,个人,http://vip.stock.finance.sina.com.cn/corp/go.php/vCB_Bulletin/stockid/002309/page_type/ndbg.phtml,,,,,0,,中利科技集团股份有限公司2014年年度报告,,2,https://vip.stock.finance.sina.com.cn//corp/view/vCB_AllBulletinDetail.php?stockid=002309&id=1733366,通信产业链向上游延伸投资兴建的光纤预制棒项目，在2014年已完成了部分运营商投标工作。为公司光纤及 预制棒的业务发展奠定了良好的基础。      参股公司中利电子的特种电子设备也在市场中崭露头脚，实现了在报告期内对公司的利润贡献，为公司朝技术型、轻 资产高附加值方向转型进行了较好探索。      光伏业务坚持采取以开发建设转让光伏电站为主、组件销售为辅的经营策略。公司选取价格较高、盈利能力较好，回 款条件较好的订单进行组件销售，对于盈利水平低的订单不予以承接，有利于提升制造环节盈利水平。光伏电站领域，全年 国内外共完成391MW光伏电站的并网销售。通过连续三年的大规模光伏电站的开发建设并成功转,让，公司已在国内光伏行 业内树立了良好的市场形象，累计装机总量名列前茅，并创立了“中利腾晖”品牌。光伏业务已成为公司盈利的主要来源。 2、以技术优势带动产业发展：       2014年公司借助已有的平台建设优势，加速技术管理升级，全面导入PLM创新管理体系。实现技术创新管理的信息 化、精细化、并结合研发管理体系，将技术研发和市场需求更加紧密结合。      在线缆业务方面，公司在“宽带中国”、“一带一路”、新电改政策的推动下，除在传统通信领域不断巩固现有市场，重 点开拓射频同轴电缆和光器件、海洋工程用电缆系列、矿用电缆系列，新能源用电缆系列、合金电力缆和光纤预制棒系列， 持续提升横向产品线和纵向产业链的整合优势。公司参与起草《电动汽车充电用电缆》、《通信电缆光缆用无卤低烟阻燃材 料》等业内标准，以及参与制定《电缆和光缆燃烧性能分析》和《电线电缆用无卤低烟阻燃电缆料》等国家标准；研发并通 ,过铝合金导体交联聚乙烯绝缘联锁铠装电力电缆、带温控开关的电源线插头、易识别光缆、超柔耐铅酸电池电缆等67个重点 高新产品的认证；并获得国家火炬计划高新技术企业、江苏省重点实验室、江苏省创新能力建设项目等多项荣誉。    在光伏业务方面，公司仍将以降低光伏组件生产成本、提高转换率为核心，加强技术研发和科技创新能力，注重互联网 技术对于光伏电站的管理效应，使光伏电站整体质量水平处于同行业领先地位；同时加大国内、外光伏电站的开发建设规模， 加大与主流光伏电站运营商的合作力度和深度，按照风险可控的原则，稳步推进市场的布局。力争2015年达到国内、外光伏 电站并网1GW的目标。针对此中利腾晖已建有江苏省
"""601b9838031af7a1feeab707""",一带一路（19年之前）,年度报告,2014,国脉科技：2014年年度报告,002093.SZ,国脉科技,信息传输、软件和信息技术服务业,软件和信息技术服务业,福建省,个人,http://vip.stock.finance.sina.com.cn/corp/go.php/vCB_Bulletin/stockid/002093/page_type/ndbg.phtml,,,,,0,,国脉科技股份有限公司2014年年度报告,,2,https://vip.stock.finance.sina.com.cn//corp/view/vCB_AllBulletinDetail.php?stockid=002093&id=1749291,泰讯信息科技有限公司 国脉香港                  指   国脉科技（香港）有限公司 上海圣桥                  指   上海圣桥信息科技有限公司 国脉圣桥                  指   福建国脉圣桥网络科技有限公司 国脉集团                  指   福建国脉集团有限公司 厦门国际银行              指   厦门国际银行股份有限公司 华福基金                  指   华福基金管理有限责任公司 工商银行                  指   中国工商银行股份有限公司 中国普天              ,    指   中国普天信息产业股份有限公司 致同所                    指   致同会计师事务所（特殊普通合伙）                                提供固定电话、移动电话和互联网接入的通信服务公司 。这里主要 电信运营商                指                                指中国电信、中国移动、中国联通。 一带一路                  指   “丝绸之路经济带”和“21 世纪海上丝绸之路”的简称                                Internet Protocol，即网络之间互连的协议，也就是为计算机网络相互 IP                        指                                连接进行通信而设计的协议。 IT,                        指   Information Technology，信息技术 CT                        指   Communication Technology，通信技术                                Information Communication Technology，是信息技术与通信技术相融 ICT                       指                                合而形成的一个新的概念和新的技术领域 OTT                      
"""601b9838031af7a1feeab707""",一带一路（19年之前）,年度报告,2014,国脉科技：2014年年度报告,002093.SZ,国脉科技,信息传输、软件和信息技术服务业,软件和信息技术服务业,福建省,个人,http://vip.stock.finance.sina.com.cn/corp/go.php/vCB_Bulletin/stockid/002093/page_type/ndbg.phtml,,,,,0,,国脉科技股份有限公司2014年年度报告,,2,https://vip.stock.finance.sina.com.cn//corp/view/vCB_AllBulletinDetail.php?stockid=002093&id=1749291,务如下 ：     一、电信外包服务及多元的ICT综合服务业务     电信外包服务业务是公司目前的主营业务，是公司近年赖以转型和发展的基础。公司具有长期为运营商及其他行业客户 提供维护服务积累的丰富经验和技术基础，根据行业客户自身特点，公司与运营商的合作，向行业客户提供符合其行业特性 和需求的ICT综合解决方案，业务向教育、医疗、城市管理等领域的ICT服务延伸。公司已从技术服务提供商演进为ICT综合 服务提供商。     二、教育、培训业务     教育、培训业务是公司重点发展的业务内容。2014年，公司加强对海峡学院的建设，拟将其设立为本科层次高等学院， 更名为“福州理工学院”，未来定位于,适应我国产业互联网及中国（福建）自由贸易试验区发展需求，以高等学历教育和在 线应用技术教育为两翼的亲产业应用技术型大学。     三、物联网、大数据等业务     近年来，公司围绕ICT核心设备（如高端路由、交换，海量存储、数据交换机、数据服务器、网络安全等），加大研发 项目的投入，通过引进、消化吸收再创新，为公司物联网长期发展战略打下良好基础。     四、产业园服务     2014年，公布“一带一路”的战略定位和发展目标，支持福建建设21世纪海上丝绸之路，福建被定位为“21世纪海上丝 绸之路经济带核心区”。国脉科学园位于福州自贸区核心地带，通过学术交流中心、院士之家、开放实验室、研发中心等配 套服务设施，形成一个功能完善的产、学、研综合体，可助力福建“一带一路”的建设。                                                          ,"              国脉科技股份有限公司 2014 年年度报告全文 二、主营业务分析 1、概述     2014年度公司完成营业收入46,028.19万元，同比增长20.23%；归属于母公司所有者的净利润5,461.78万元，同比下降 -49.64%。截止2014年12月31日，公司总资产241,083.04万元，较期初增加5.89%；归属于母公司所有者权益为 130,223.95 万元，同比增长3.12%。     营业收入增长主要是公司经过近几年的发展，已由专业CT技术服务供应商发展成为提供ICT多元服务的综合服务商，延 伸了业务的广度与深度，本年度公司加大了对ICT行业的技术、产"
"""601b9839031af7a1feeab76d""",一带一路（19年之前）,年度报告,2014,*ST新光：2014年年度报告,002147.SZ,*ST新光,房地产业,房地产业,安徽省,个人,http://vip.stock.finance.sina.com.cn/corp/go.php/vCB_Bulletin/stockid/002147/page_type/ndbg.phtml,,,,,0,,马鞍山方圆回转支承股份有限公司2014年年度报告,,2,https://vip.stock.finance.sina.com.cn//corp/view/vCB_AllBulletinDetail.php?stockid=002147&id=1724910,  释义                  释义项   指                                 释义内容 报告期                    指   2014 年 1 月 1 日至 2014 年 12 月 31 日 本公司/公司/母公司        指   马鞍山方圆回转支承股份有限公司 《公司法》                指   《中华人民共和国公司法》 《证券法》                指   《中华人民共和国证券法》 会计师事务所              指   瑞华会计师事务所（特殊普通合伙） 《公司章程》            ,  指   《马鞍山方圆回转支承股份有限公司章程》                                        马鞍山方圆回转支承股份有限公司 2014 年年度报告全文                             重大风险提示     2015 年，中央政府将持续推进改革以激发市场活力，实施稳步增长的经济 发展战略，构建全方位对外开放新格局，推进“丝绸之路”经济带，“一带一路” 战略，这将为我国工程机械行业发展带来机遇。但公司存在产品及行业竞争风 险、原材料价格波动风险、产品及研发技术风险以及人才需求的风险等，敬请 投资者注意风险。详见本报告“第四节董事会报告（八）公司未来发展展望”。                                                                 马鞍山方圆回转支承股份有限公司 2014 年年度,报告全文                                            第二节 公司简介 一、公司信息 股票简称                  方圆支承                                股票代码 股票上市证券交易所        深圳证券交易所 公司的中文名称            马鞍山方圆回转支承股份有限公司 公司的中文简称            方圆支承 公司的外文名称（如有）    Maanshan Fangyuan Slewing Ring CO.，Ltd. 公司的外文名称缩写（如有）Fangyuan Slewing Ring
"""601b9839031af7a1feeab788""",一带一路（19年之前）,年度报告,2014,瑞丰高材：2014年年度报告,300243.SZ,瑞丰高材,制造业,化学原料及化学制品制造业,山东省,个人,http://vip.stock.finance.sina.com.cn/corp/go.php/vCB_Bulletin/stockid/300243/page_type/ndbg.phtml,,,,,0,,山东瑞丰高分子材料股份有限公司2014年年度报告,,2,https://vip.stock.finance.sina.com.cn//corp/view/vCB_AllBulletinDetail.php?stockid=300243&id=1716676," 发生失火、爆炸等安全事故，影响公司的生产经营，并可能造成较大的经济损失，进而对公司正常生产经 营产生较大的不利影响。     7、非公开发行股票的风险     2015年4月12日，公司发布了《2015年非公开发行A股股票预案》及相关材料，拟非公开发行股份不超 过198,412,698股，募集资金不超过15亿元投资建设商业保理项目，通过向产业链金融服务的业务延伸，将 提高公司的盈利能力和综合竞争力，对公司的未来可持续发展具有重要意义。     该次非公开发行详细请查看公司在巨潮资讯网上披露的公开信息，该次非公开发行股份也存在诸多风 险，公司已披露在本次非公开发行股份的信息披露材料里，请广大投","资者注意投资风险。                                                    山东瑞丰高分子材料股份有限公司 2014 年年度报告全文                                     第四节 董事会报告 一、管理层讨论与分析 1、报告期内主要业务回顾     2014年，在我国全面深化改革，经济社会发展迈入新常态，党中央全面推进“一带一路”建设的背景下， 公司把握时代脉搏，克服了化工制造业竞争激烈，下游客户产能相对过剩的不利因素，着眼于产品的转型 升级，生产过程的节能减排，生产工艺的自动化集约化，将产品研发放在至关重要的位置，产品的销售则 瞄准高端市场，进入消费领域，摆脱了因房地产行业低迷而带来的影响。     报告期，公司实现营业总收入845,520,036.68元，同比增长11.44%；实现营业利润45,578,395",".92元，同 比增长 28.19% ；实现利润总额 47,499,456.49 元，同比增长 26.69% ；实现归属于上市公司股东的净利润 34,933,102.22元，同比增长23.84%。     报告期业绩增长的原因及报告期主要开展的工作：     （一）调整了产品结构，产品品质大幅提升     1、ACR加工助剂和抗冲改性剂产品随着发泡板、木塑、建筑模板等的应用范围拓宽而用量增加，超 高分子量PVC加工助剂的用量也稳步增长，ACR产品在透明制品领域的应用也取得重要突破；     2、MBS抗冲改性剂产品的品质在报告期取得重大突破，在抗冲击强度、透明度等指标上达到国际先 进水平，且产品"
"""601b9839031af7a1feeab767""",一带一路（19年之前）,年度报告,2014,华鹏飞：2014年年度报告,300350.SZ,华鹏飞,信息传输、软件和信息技术服务业,软件和信息技术服务业,广东省,个人,http://vip.stock.finance.sina.com.cn/corp/go.php/vCB_Bulletin/stockid/300350/page_type/ndbg.phtml,,,,,0,,深圳市华鹏飞现代物流股份有限公司2014年年度报告,,2,https://vip.stock.finance.sina.com.cn//corp/view/vCB_AllBulletinDetail.php?stockid=300350&id=1722112,良好的政策环 境。 2）物流业整体增长趋稳，与居民消费相关的物流需求增长快速。        据中国物流与采购联合会相关统计数据显示：2014 年全年社会物流总额预计超过 210 万亿元，同比增长 8%左右；物流业增加值超过 3.4 万亿元，同比增长 9%左右。2014 年物 流产业增速较 2013 年增速小幅放缓，与消费直接相关的电商物流、冷链物流等消费品物流 需求保持快速增长。 3）技术驱动，平台整合、产业融合，经营模式变革创新。        技术不断推动行业变革，信息化、机械化、自动化、智能化装备进入快速发展期。市场 集中度稳步提升，市场集约的趋势进一步显现。             ,                                  深圳市华鹏飞现代物流股份有限公司 2014 年年度报告     2014 年，物流业与制造业、商贸业、金融业等“多业联动”，产业合作层次从运输、仓 储、配送业务向集中采购、订单管理、流通加工、物流金融、售后维修、仓配一体化等高附 加值增值业务、个性化创新服务拓展延伸。 4）互联互通、一体化发展，区域物流进一步优化。     随着“一带一路”战略受到全球瞩目，基础设施互联互通取得明显成效。国家物流大通 道建设开始起步，区域物流通道网络布局进一步优化。     伴随着产业结构调整和居民消费升级步伐不断加快，我国物流业发展空间越来越广阔， 迫切要求物流企业加快建立规模化、现代化物流服务体系，及更加完善、便捷、高效、安全 的物流配送体系，通过流程优化、效率提升和模式创新主动融入产业物流供应链，建立与产 业联动的协同发展关系，开拓现,代物流业的新天地。 （2）主营业务简介     公司是主要为国内电子信息产业领域客户提供专业物流服务的提供商，通过嵌入客户生 产、采购、分销及逆向等内部业务流程，提供“一体化、一站式、个性化”的综合物流整体解 决方案。同时，根据客户需求，提供包括方案设计、运输、仓储、装卸、配送与信息处理等 各项服务，以及基于综合物流服务的配送中心外包管理、供应商管理库存、流通加工等其他 增值物流服务。     公司在坚持稳健发展第三方综合物流服务业务的基础上，向物流产业链上、下游纵向延 伸，着力打造“大物流”战略，逐步构建一体化供应链生态圈，实现物流、信息流和资金流 三流合一。 （3）报告期经营情况回顾   
"""601b9839031af7a1feeab79f""",一带一路（19年之前）,年度报告,2014,科泰电源：2014年年度报告（已取消）,300153.SZ,科泰电源,制造业,电气机械及器材制造业,上海市,个人,http://vip.stock.finance.sina.com.cn/corp/go.php/vCB_Bulletin/stockid/300153/page_type/ndbg.phtml,,,,,0,,上海科泰电源股份有限公司2014年年度报告(已取消),,2,https://vip.stock.finance.sina.com.cn//corp/view/vCB_AllBulletinDetail.php?stockid=300153&id=1713510,"                            3,125,381.36       561,994.22        23,557.41         -- 对公司根据《公开发行证券的公司信息披露解释性公告第 1 号——非经常性损益》定义界定的非经常性损益项目，以及把《公 开发行证券的公司信息披露解释性公告第 1 号——非经常性损益》中列举的非经常性损益项目界定为经常性损益的项目，应 说明原因 □ 适用 √ 不适用 公司报告期不存在将根据《公开发行证券的公司信息披露解释性公告第 1 号——非经常性损益》定义、列举的非经常性损益 项目界定为经常性损益的项目的情形。 四、重大风险提示", 1、行业依存风险     公司在通信等行业的业务占比较高。通信行业的产业政策及相关工程项目投入进度直接影响公司业务发展；客户公司的 固定资产投资将影响设备需求量，采购模式的变化也在一定程度上影响公司的营业收入、毛利率、应收账款周转率等财务指 标。如果公司不能及时适应和应对客户在投资、营运模式、采购模式等方面的重大变化，经营业绩将受到影响。     为此，公司将在保持传统行业优势地位的同时，抓住“一带一路”战略带来的市场机遇，加强与中铁、中水、中交、中电 等海外工程承包商的合作，积极拓展新的行业市场；努力提高产品附加值，提高有偿服务在公司营业收入中的占比。同时， 积极应对公司核心客户在采购供货模式等方面的变化，梳理并进一步完善销售服务及代理商网络，促进业务稳定健康发展。 2、市场竞争风险                                                    ,                上海科泰电源股份有限公司 2014 年年度报告全文        中国经济发展进入新常态，随着国家对产业结构的调整和固定资产投资的放缓，国内市场容量难以大幅增长，导致市场 竞争进一步加剧。部分厂家为求生存，采用低价策略，拉低了整个行业的毛利率水平，可能会对公司的产品获利能力造成影 响。        为此，公司将继续全面推行预算管理，严格控制费用；在稳定国内现有市场的同时，积极拓展海外市场空间，利用新加 坡子公司的地理优势，加强和一带一路沿线国家的沟通合作，争取参与到沿线国家的工程项目中去；加大技术创新和产品研 发力度，加强节能、环保类产品的研发；加强运维服务投
"""601b9839031af7a1feeab79f""",一带一路（19年之前）,年度报告,2014,科泰电源：2014年年度报告（已取消）,300153.SZ,科泰电源,制造业,电气机械及器材制造业,上海市,个人,http://vip.stock.finance.sina.com.cn/corp/go.php/vCB_Bulletin/stockid/300153/page_type/ndbg.phtml,,,,,0,,上海科泰电源股份有限公司2014年年度报告(已取消),,2,https://vip.stock.finance.sina.com.cn//corp/view/vCB_AllBulletinDetail.php?stockid=300153&id=1713510,应和应对客户在投资、营运模式、采购模式等方面的重大变化，经营业绩将受到影响。     为此，公司将在保持传统行业优势地位的同时，抓住“一带一路”战略带来的市场机遇，加强与中铁、中水、中交、中电 等海外工程承包商的合作，积极拓展新的行业市场；努力提高产品附加值，提高有偿服务在公司营业收入中的占比。同时， 积极应对公司核心客户在采购供货模式等方面的变化，梳理并进一步完善销售服务及代理商网络，促进业务稳定健康发展。 2、市场竞争风险                                                                    上海科泰电源股份有限公司 2014, 年年度报告全文        中国经济发展进入新常态，随着国家对产业结构的调整和固定资产投资的放缓，国内市场容量难以大幅增长，导致市场 竞争进一步加剧。部分厂家为求生存，采用低价策略，拉低了整个行业的毛利率水平，可能会对公司的产品获利能力造成影 响。        为此，公司将继续全面推行预算管理，严格控制费用；在稳定国内现有市场的同时，积极拓展海外市场空间，利用新加 坡子公司的地理优势，加强和一带一路沿线国家的沟通合作，争取参与到沿线国家的工程项目中去；加大技术创新和产品研 发力度，加强节能、环保类产品的研发；加强运维服务投入力量，为客户提供更加个性化的产品和服务，提高产品附加值， 以降低行业内激烈竞争对公司利润率造成的影响。                                                                    上海科泰电源股份有限公司 ,2014 年年度报告全文                                         第四节 董事会报告 一、管理层讨论与分析 1、报告期内主要业务回顾     2014年度，中国经济全面向新常态转换。房地产产业结束了长达15年的超级繁荣期，进入调整期，也成为导致2014年经 济下行压力明显增大的主要因素。由之带动投资增长明显下滑，年度GDP增幅为7.4%。全球经济方面，发达经济体运行情 况的分化程度加剧，发展中经济体增长放缓，世界经济复苏进程依旧艰难且曲折。     受到宏观经济的影响，柴油发电机组的市场需求增长低于市场预期，行业内部分厂商前期投资兴建的新生产线陆续投入 
"""601b9839031af7a1feeab78d""",一带一路（19年之前）,年度报告,2014,广田集团：2014年年度报告摘要,002482.SZ,广田集团,电力、热力、燃气及水的生产和供应业,建筑装饰和其他建筑业,广东省,个人,http://vip.stock.finance.sina.com.cn/corp/go.php/vCB_Bulletin/stockid/002482/page_type/ndbg.phtml,,,,,0,,深圳广田装饰集团股份有限公司2014年年度报告,,2,https://vip.stock.finance.sina.com.cn//corp/view/vCB_AllBulletinDetail.php?stockid=002482&id=1717311,",086,302.40      2,789,583.45      2,158,595.42       -- 对公司根据《公开发行证券的公司信息披露解释性公告第 1 号——非经常性损益》定义界定的非经常性损益项目，以及把《公 开发行证券的公司信息披露解释性公告第 1 号——非经常性损益》中列举的非经常性损益项目界定为经常性损益的项目，应 说明原因 □ 适用 √ 不适用 公司报告期不存在将根据《公开发行证券的公司信息披露解释性公告第 1 号——非经常性损益》定义、列举的非经常性损益 项目界定为经常性损益的项目的情形。                                      ",                   深圳广田装饰集团股份有限公司 2014 年年度报告全文                                   第四节 董事会报告 一、概述     2014年，国内固定资产投资和房地产投资步入常态增长阶段。新常态下，建筑装饰行业增速放缓但市 场依然广阔。新型城镇化进程中，机场轨道、文化体育、医疗服务、商业配套等社会民生类建筑装饰项目 需求增大，“一带一路”战略下，海外建筑装饰市场发展潜力凸显。同时，传统建筑装饰行业拥抱移动互联 网实现颠覆性创新已是大势所趋。公司积极践行“平台化转型”战略，深化事业部改革，全力把握“互联网+ 传统产业”机遇，进军互联网家装和智能家居等新兴市场，为公司转型发展奠定了坚实基础。     公司蝉连中国建筑装饰百强企业第三名，荣获《财富》中国500强企业称号，旗下子公司广田设计院 还被评为中国建筑装饰设计机构50强,"企业第三名。全年获得鲁班奖、全国建筑工程装饰奖18项，全国建筑 装饰行业科技示范工程奖18项，全国建筑装饰行业科技创新成果奖16项。优秀的业绩和良好的公司治理也 赢得了资本市场的青睐和广大投资者的认可，2014年公司获评深交所信息披露A等，获得“最佳中小板上市 公司”等诸多奖项，公司的知名度和美誉度在行业和资本市场持续提升。       2014年，公司实现营业收入978,797.03万元，比上年同期增长12.62%；实现营业利润64,000.91万元， 比上年同期增长3.31%；实现归属于上市公司股东的净利润53,654.38万元，比上年同期增长2.6%。 二、主营业务分析 1、概述    "
"""601b9839031af7a1feeab78d""",一带一路（19年之前）,年度报告,2014,广田集团：2014年年度报告摘要,002482.SZ,广田集团,电力、热力、燃气及水的生产和供应业,建筑装饰和其他建筑业,广东省,个人,http://vip.stock.finance.sina.com.cn/corp/go.php/vCB_Bulletin/stockid/002482/page_type/ndbg.phtml,,,,,0,,深圳广田装饰集团股份有限公司2014年年度报告,,2,https://vip.stock.finance.sina.com.cn//corp/view/vCB_AllBulletinDetail.php?stockid=002482&id=1717311,。二是实施“大营销”战略，客户结构单一的情况明显改善。全 年业务拓展情况喜人，新签订单同比增长近5成，大额订单、总承包订单数量明显增多，客户结构单一的 情况显著改善，大体量、高难度项目的承接能力切实提升。2014年当年承接的总承包工程遵义国宾馆、遵 义新城酒店均在极短时间内设计、施工完毕，获得甲方高度评价。三是充分利用产业金融杠杆，夯实公司 总包集成能力。子公司广融基金遵循投资管理伙伴化、投资产品结构化、资金筹措杠杆化 、融资成本市 场化的运作原则，与多家非银金融机构加强业务合作，优选项目投资，发挥了资金杠杆优势，提升了公司 的议价能力和利润水平。四是依托ERP系统加强项目管控，管理效率有效提,升。公司ERP系统顺利上线，除 实现对项目施工进度、资源、成本、收入、资金之全方位管控外，还整合了工程管控258体系核心环节， 实现了项目流程及现场施工管理的信息化、工程施工和部门间协作流程标准化，有效提升了公司管理效率。 五是加强催收回款，经营现金流明显改善。成立了工程结算回款专设机构，认真梳理未结算项目，制定时 间计划，催促回款及结算，公司2014年度经营活动现金流量实现正流入。六是高度重视“一带一路”的机 遇，布局海外市场。先后在澳门、香港设立了子公司，并计划在迪拜设立分公司，逐步布局海外市场。     （2）积极布局互联网家装和智能家居，加大科研投入，切实转型升级     互联网对传统行业的颠覆，以及产业物联网时代的到来，预示着互联网家装和智能家居市场的广阔前 景。在住宅精装修领域，公司不论市场占有率还是产业规模一直稳居行业第一。公司依托已有住宅精装优 势，积极布局互联网家装及其相,关产业链，广纳互联网精英、家装行业专家、工程专家组建互联网家装团                                                     深圳广田装饰集团股份有限公司 2014 年年度报告全文 队，稳步推进线上线下筹备工作。公司深刻认识到数字家庭已经成为新的消费热点，智能家居是互联网影 响下的物联化，市场空间巨大。公司引进智能家居领域高端人才，采用先进的智能控制技术和物联网技术， 以平板和智能终端为控制中心，实现对家电、灯光等家居设备的自动控制，对家庭安防、家居环境、健康 检测、家庭能源的自动管理，智能家居业务已启动良好开端。公司被授予国家数字家庭应用示范产业基
"""601b983b031af7a1feeab7b3""",一带一路（19年之前）,年度报告,2014,众信旅游：2014年年度报告,002707.SZ,众信旅游,租赁和商务服务业,商务服务业,北京市,个人,http://vip.stock.finance.sina.com.cn/corp/go.php/vCB_Bulletin/stockid/002707/page_type/ndbg.phtml,,,,,0,,北京众信国际旅行社股份有限公司2014年年度报告,,2,https://vip.stock.finance.sina.com.cn//corp/view/vCB_AllBulletinDetail.php?stockid=002707&id=1708281,"04       670,256.76       693,619.19              -- 对公司根据《公开发行证券的公司信息披露解释性公告第 1 号——非经常性损益》定义界定的非经常性损益项目，以及把《公 开发行证券的公司信息披露解释性公告第 1 号——非经常性损益》中列举的非经常性损益项目界定为经常性损益的项目，应 说明原因 □ 适用 √ 不适用 公司报告期不存在将根据《公开发行证券的公司信息披露解释性公告第 1 号——非经常性损益》定义、列举的非经常性损益 项目界定为经常性损益的项目的情形。                                          ",         北京众信国际旅行社股份有限公司 2014 年年度报告全文                                    第四节 董事会报告 一、概述     2014年，世界经济复苏依旧艰难曲折，发达经济体经济运行分化加剧，发展中经济体增长放缓。中国 经济呈现出新常态，表现为从高速增长转为中高速增长，经济结构优化升级，增长驱动力正加快由工业主 导向服务业主导转变。伴随着“一带一路”政策的落地，“融合”将成为大国崛起背景下的世界新常态。 货物和资本的流动在根本上带动了人的流动，而出境游作为“人走出去”的第一步，即将迎来新的发展机 遇。今年的出境游行业，受到国家发展旅游政策支持；旅游目的地国家放宽对中国签证政策甚至免签，国 际出行门槛降低，出境游更为便利；航空口岸与国际航班增加；人民币相对欧元等非美元外币升值；旅游 电商的大发展；受此等因素的共同推动，游客出境游意愿非,常强烈，中国内地公民出境游首破1亿人次， 增幅相当显著。游客出境游目的的多样性与出游方式正在发生变化，互联网和移动互联网技术在出境游领 域的深度运用，快速改变着出境游生态环境。在技术与资本的共同推动下，行业新公司、新模式、新创业 点不断涌现，大规模的并购、重组、融资不断出现。市场在渠道、产品与服务、目的地资源等各方面竞争 越演越烈。“走出去”以出境游的发展作为开端，未来将逐步倾向境外综合服务领域。     2014年，董事会与管理层坚持公司发展战略，不断提高公司核心竞争力，面对激烈的市场竞争，充分 运用自身资源与资本市场平台优势，采取内生式增长和外延式扩张并举策略。内生方面，不断丰富产品品 种
"""601b983b031af7a1feeab7ce""",一带一路（19年之前）,年度报告,2014,北新路桥：2014年年度报告,002307.SZ,北新路桥,电力、热力、燃气及水的生产和供应业,土木工程建筑业,新疆维吾尔自治区,地方国资委,http://vip.stock.finance.sina.com.cn/corp/go.php/vCB_Bulletin/stockid/002307/page_type/ndbg.phtml,,,,,0,,新疆北新路桥集团股份有限公司2014年年度报告,,2,https://vip.stock.finance.sina.com.cn//corp/view/vCB_AllBulletinDetail.php?stockid=002307&id=1699724,非经常性损益》定义界定的非经常性损益项目，以及把《公 开发行证券的公司信息披露解释性公告第 1 号——非经常性损益》中列举的非经常性损益项目界定为经常性损益的项目，应 说明原因 □ 适用 √ 不适用 公司报告期不存在将根据《公开发行证券的公司信息披露解释性公告第 1 号——非经常性损益》定义、列举的非经常性损益 项目界定为经常性损益的项目的情形。                                                                新疆北新路桥集团股份有限公司 2014 年年度报告全文                                   ,     第四节 董事会报告 一、概述     2014年，全球经济复苏艰难曲折，增长动力不足，国内经济下行压力持续加大。面对复杂严峻的国际环境和艰巨的改革 任务，我国政府坚持稳中求进的总基调，全面深化改革，保持宏观政策连续性和稳定性，创新宏观调控思路，激发市场活力， 国民经济在新常态下保持平稳运行。我国公路建设投资总体保持稳健增长态势，中西部地区的交通基础设施建设仍有较大发 展空间。国家提出的“一带一路”重大发展战略，将带动国际通道发展和周边国家互联互通建设，为建筑企业的海外市场开拓 及国际化发展带来了新的机遇；受此影响，大型央企及其他众多实力较强的建筑企业加速布局新疆及周边国家市场，区域内 市场竞争进一步加剧。     报告期内，面对国家政策和市场环境的变化，公司冷静分析、积极应对、主动适应新常态。公司全体员工在董事会、经 营层的带领下，坚持年初制定的战略方针及经营目标，攻坚克难，勇于,挑战，有条不紊地推进各项工作。公司致力于路桥建 设主业的转型升级，不断提高技术水平，成功获得公路工程施工总承包特级资质和工程设计公路行业甲级资质；通过加强项 目生产运营管理、安全质量管理和风险控制管理，进一步提高项目管理水平及盈利能力，荣获“全国建筑业先进企业”“中国 对外承包工程AAA级信用企业”等称号；通过完善管理制度、推进信息化建设、加强经营检查及内外部审计，进一步提高管 控能力和精细化管理水平；同时不断优化产业结构，大力发展现代服务业和新型工业产业，促进公司多元化协调发展，努力 提高公司市场竞争力。 二、主营业务分析 1、概述     2014年度公司实现营业收入580，780万元，较
"""601b983c031af7a1feeab81c""",一带一路（19年之前）,年度报告,2014,垒知集团：2014年年度报告摘要,002398.SZ,垒知集团,制造业,化学原料及化学制品制造业,福建省,个人,http://vip.stock.finance.sina.com.cn/corp/go.php/vCB_Bulletin/stockid/002398/page_type/ndbg.phtml,,,,,0,,厦门市建筑科学研究院集团股份有限公司2014年年度报告,,2,https://vip.stock.finance.sina.com.cn//corp/view/vCB_AllBulletinDetail.php?stockid=002398&id=1686494,"常性损益》中列举的非经常性损益项目界定为经常性损益的项目，应 说明原因 √ 适用 □ 不适用              项目               涉及金额（元）                                    原因 理财产品收益                            5,330,283.35                                                       厦门市建筑科学研究院集团股份有限公司 2014 年年度报告全文                                        第四节 董",事会报告 一、概述     2014年国内经济形势依然严峻，经济发展增速继续放缓，全面进入中国经济新常态。在这一年来，经济运行“稳”字当先， 通过宏观调控、结构调整、深化改革等手段，激发经济社会发展，保持经济稳定增长，实现2014年国民生产总值达到63.6万 亿元，比上年增长7.4%。     2015年政府将GDP增长目标定在7%左右，固定资产投资将继续维持稳中略降的态势，预计增长14%左右。“一带一路”、 10万亿元七大类基础设施项目、自贸区建设等项目投资，都将为公司未来的发展带来新契机。     为了适应中国经济发展的新常态，公司将积极创新思维，借助公司的核心竞争力优势，在“稳市场、稳业绩、稳管理” 的基础上，进行“创渠道、创模式、创盈利”的发展战略，以确保公司的可持续发展。 二、主营业务分析 1、概述      公司以良好的资源底蕴、扎实的技术基础、综合的创新理念，在公司“持续学习,，享受健康丰盛人生”核心价值观的引 领下，确立“立足主业，兼顾行业，探索前沿，蓄积创新，紧密横向，推动纵向”的科技工作方针，坚持以“做大做强核心业 务，开发拓展新兴领域”为工作主线，通过跨区域、跨领域的外延式发展，在国内经济增速下滑的2014年，稳扎稳打，保持 平稳、健康的发展态势。       在报告期内，公司实现：       营业收入17.89亿元，较上年同期17.72亿元，增长0.95%；       归属上市公司股东的净利润2.22亿元，较上年同期2.26亿元，下降2.02%；       基本每股收益0.84元，较去年同期0.86元（按2.6364亿股计算），下降2.33%。 公司
"""601b983c031af7a1feeab81c""",一带一路（19年之前）,年度报告,2014,垒知集团：2014年年度报告摘要,002398.SZ,垒知集团,制造业,化学原料及化学制品制造业,福建省,个人,http://vip.stock.finance.sina.com.cn/corp/go.php/vCB_Bulletin/stockid/002398/page_type/ndbg.phtml,,,,,0,,厦门市建筑科学研究院集团股份有限公司2014年年度报告,,2,https://vip.stock.finance.sina.com.cn//corp/view/vCB_AllBulletinDetail.php?stockid=002398&id=1686494,"检验检测行业垄 断和壁垒，国有企业改制重组，鼓励民间主体参与混合所有制改革的契机，审时度势，积极投入，先后与广东省建筑科学研 究院及天津市建筑科学研究院有限公司签署《战略合作协议书》，以强化技术平台、共享科技成果及开拓业务市场为基础， 适时参与混合所有制改革，提升综合技术服务业务的发展空间。     报告期内，公司建研技术事业部建设综合技术服务业务保持基本平稳发展态势，实现营业收入2.40亿元。其中，检测 业务实现营业收入2.09亿元、净利润6,961.72万元，继续保持稳健增长。     二、公司主营外加剂新材料业务，稳步发展，促进产业结构升级     报告期内，公司建研外加剂事业部把握“稳",业绩、控成本、扩渠道、求突破”的工作基调，在国内经济增速下滑时期， 确保营业收入及利润保持平稳发展。     公司建研外加剂事业部继续秉持“科之杰中国，伴您建设中国”的理念，产业基地分布在福建、重庆、贵州、河南、陕 西、浙江、广东、湖南、江苏、江西等地，形成了涵盖长江与黄河流域在内的环状辐射带，实现对全国中心市场的功能辐射， 报告期又新增江西科之杰、江苏分公司，进一步完善科之杰在全国的战略布局。“一带一路”、“自贸区建设”、“轨道交通建 设”等已成为2014年乃至未来几年的投资重点，公司建研外加剂事业部紧抓该发展契机，适时调整业务结构及产品结构，设 立“高铁项目组”、“海外项目组”及“电商项目组”等业务专项小组，打造差异化定制服务，使公司的产品及服务更具针对性。 在稳固原有市场业务的同时，升华企业经营模式，由专注于国内市场的行业领跑者，朝着“主攻国内，兼顾海外，完善布局， 专项专研”的国际,化混凝土外加剂专业提供商的目标迈进。     报告期内，公司建研外加剂事业部（科之杰新材料集团）外加剂新材料业务实现营业收入12.92亿元、净利润1.38亿元。     三、公司秉承“科技创建新家园”的企业理念，确立了“立足主业，兼顾行业，探索前沿，蓄积创新，紧密横向，推动纵 向”的科技工作方针，通过持续“创新机制、创新科技、创新人才”提升公司科技核心竞争力。     公司围绕建设综合技术服务、外加剂新材料二大主营方向，不断加大对研发的投入，及时把握行业技术动向，在绿色建 筑、新型建筑材料、高分子材料技术等一大批创新项目上，开展了一系列的研究、创新和转化，取得良好的社会和经济效益。     报
"""601b983c031af7a1feeab83f""",一带一路（19年之前）,年度报告,2014,雅化集团：2014年年度报告摘要,002497.SZ,雅化集团,制造业,化学原料及化学制品制造业,四川省,个人,http://vip.stock.finance.sina.com.cn/corp/go.php/vCB_Bulletin/stockid/002497/page_type/ndbg.phtml,,,,,0,,四川雅化实业集团股份有限公司2014年年度报告,,2,https://vip.stock.finance.sina.com.cn//corp/view/vCB_AllBulletinDetail.php?stockid=002497&id=1679364,《证券法》等法律法规，认真履行《公司章程》赋予的各项职责，贯彻执行 股东大会的各项决议，紧紧围绕年度经营方针和目标开展各项工作。公司全体董事恪尽职守、勤勉尽责、努力工作，公司经 营业绩持续提升，有效维护了股东的利益。     2014年，中国经济步入新常态。国家宏观经济增长转向中高速，传统产业持续低迷；行业市场化进程加快，民爆产品直 供直销加速推进，市场竞争更加激烈；行业重组整合及产业升级的要求，使企业运行成本和投入不断攀升；民爆产品价格放 开管制，行业盈利空间收窄；诸多困难使公司承受了很大的经营压力。     2014年，公司坚持“以市场为抓手、以利润为目标，坚持创新，抢抓机遇，调整机制，逆,"势求进”的经营方针，通过调整 集团管控机制，强化业务主体独立发展能力，积极应对市场变化，现有业务实现持续增长，市场资源协调整合能力得到提升； 公司稳步推进并购重组，收购内蒙古佳成爆破，扩展内蒙古及其辐射区域民爆市场，推动区域内爆破一体化服务发展；公司 构建多产业发展新格局，收购国理公司剩余股份（尚需证监会核准）和兴晟锂业，进入“民爆”与“锂业”双主业运行新阶段， 努力寻找新的利润增长点；公司顺应“一带一路”发展战略，牵手西色国际，进军澳洲矿山，拓展国际民爆市场；与深圳正威 集团强强联手，继续深耕锂产业链。这一年，公司实现了经营业绩逆势增长，企业向海外扩张的步伐进一步加快。     2014年度，公司实现营业收入145,486.76万元，比2013年度增长13.28%；实现利润总额30,477.26万元，比2013年度增长 3.47%；实现归属于上市公司股东的净利润22,748.32万元，比","2013年度增长2.45%；实现每股收益0.4739元，比2013年度增长 2.44%。     报告期末，公司资产总额为291,093.92万元，较上年末增长4.03%；归属于上市公司股东的所有者权益为216086.6万元， 较上年同期增长4.95%；每股净资产为4.5元，较上年同期增长4.9%。 二、主营业务分析 1、概述     2014年，公司面对国家宏观经济增速放缓、民爆行业市场化进程加快等诸多变化，不断通过调整经营机制，巩固传统销 售市场，积极推进开发终端市场，公司的经营业绩实现逆势增长。     1、2014年，公司实现营业收入145,486.76万元，较2013年度增加17,0"
"""601b983c031af7a1feeab83f""",一带一路（19年之前）,年度报告,2014,雅化集团：2014年年度报告摘要,002497.SZ,雅化集团,制造业,化学原料及化学制品制造业,四川省,个人,http://vip.stock.finance.sina.com.cn/corp/go.php/vCB_Bulletin/stockid/002497/page_type/ndbg.phtml,,,,,0,,四川雅化实业集团股份有限公司2014年年度报告,,2,https://vip.stock.finance.sina.com.cn//corp/view/vCB_AllBulletinDetail.php?stockid=002497&id=1679364,"309.46%。筹资活动产 生的现金净流量减少的主要原因是：公司本年度归还了2013年度取得的中国建设银行伦敦支行短期借款2,450万美元及全资 子公司兴晟锂业并购前向银行借支的3,100万元短期借款；另一方面，公司本年度支付的现金股利较上年度有所增加。 公司回顾总结前期披露的发展战略和经营计划在报告期内的进展情况    2014年公司的工作主要是实现现有业务的持续增长和企业的扩张发展。    2014年，公司实现营业收入145,486.76万元，比2013年度增长13.28%；实现利润总额30,477.26万元，比2013年度增长3.47%； 实现归属于上市公司股东的净利润22,748.32","万元，比2013年度增长2.45%；实现每股收益0.4739元，比2013年度增长2.44%， 实现了现有业务的持续增长。    2014年，公司稳步推进并购重组，收购内蒙古佳成爆破，扩展内蒙古及其辐射区域民爆市场，推动区域内爆破一体化服 务发展；公司构建多产业发展新格局，收购国理公司剩余股份（尚需证监会核准）和兴晟锂业，进入“民爆”与“锂业”双主业 运行新阶段，努力寻找新的利润增长点；公司顺应“一带一路”发展战略，牵手西色国际，进军澳洲矿山，拓展国际民爆市场； 与深圳正威集团强强联手，继续深耕锂产业链。 公司实际经营业绩较曾公开披露过的本年度盈利预测低于或高于 20%以上的差异原因 □ 适用 √ 不适用 2、收入 说明     2014年，公司实现营业收入145,486.76万元，较去年同期增加17,054.88万元，增长13.28%。营业收入增加的主要原因 是：公司积极应对宏观经济增速","放缓的新常态，及时调整营销模式和策略，积极推进开发终端用户市场，使民爆产品销售实 现逆势增长。 公司实物销售收入是否大于劳务收入 √ 是 □ 否        行业分类              项目            单位             2014 年           2013 年           同比增减                     销售量            吨                           147,051            139,276            5.58% 工业炸药            生产量        "
"""601b983c031af7a1feeab816""",一带一路（19年之前）,年度报告,2014,奥克股份：2014年年度报告,300082.SZ,奥克股份,制造业,化学原料及化学制品制造业,辽宁省,个人,http://vip.stock.finance.sina.com.cn/corp/go.php/vCB_Bulletin/stockid/300082/page_type/ndbg.phtml,,,,,0,,辽宁奥克化学股份有限公司2014年年度报告,,2,https://vip.stock.finance.sina.com.cn//corp/view/vCB_AllBulletinDetail.php?stockid=300082&id=1685825,的基础上，公司运用乙烯项目的富余罐容开展乙烯 仓储和贸易等乙烯经营活动，增加盈利点，有效管控公司乙烯及环氧乙烷项目的经营风险，并为进一步开发乙烯衍生精细化 工新材料项目创造条件。     2、市场需求变化风险     公司的聚羧酸减水剂聚醚产品应用于混凝土市场。混凝土市场需求主要受国家基建投资和房地产投资政策的影响。在基 建投资方面，在高铁、机场、公路、地铁、水利、核电、保障房等方面的国家政策直接影响基建投资的规模与进度；在房地 产投资方面，房地产投资的规模与进度受到国内房地产市场景气程度及相关宏观经济政策的影响。这两方面的因素共同决定 了公司聚羧酸减水剂聚醚产品的市场风险和需求的不确定性。公,司在扬州建成的国内技术领先规模最大的5万立低温乙烯储 罐、20万吨环氧乙烷及30万吨环氧乙烷衍生精细化工新材料项目，以及在武汉和南京的生产基地，加上在辽宁、吉林、广东、 山东和四川等地的公司，使得公司环氧衍生精细化工新材料的产能超过了100万吨，这些产能分布在华东、华中、华南和东 北，不仅降低了环氧乙烷资源的单一依赖风险，更贴近了国内主要市场，使得公司可以最大限度降低市场风险，并有效地抓 住我国“一带一路”、长江经济带和京津冀等区域发展建设的战略机遇。     公司的晶硅切割液产品应用于光伏行业的硅片切割环节。晶硅切割液产品的市场需求主要受中国及全球的硅片市场需求 总量影响，光伏产业政策、新增光伏装机规模以及相关技术进步等方面的因素都将导致市场需求发生变化。另外，在市场结 构方面，金刚线切割对钢线切割的替代进程、晶硅切割液新液与回收液的使用比例等因素的变化也将给公司晶硅切割液产品 的市场需,求带来不确定性。     为应对上述市场风险，实现经营业绩的持续增长，公司一方面加强科技创新，促进产品升级换代，持续提高公司产品的 市场竞争能力；另一方面，公司也在积极拓展新的产品，开发环氧乙烷与二氧化碳衍生绿色低碳精细化工新材料等新技术和 新产品，同时，也在积极加速乙烯衍生精细化工新材料产业链的开发与拓展，以进一步应对行业和市场的周期性变化带来的 风险。     3、安全环保政策风险     目前，公司的主要经营领域包括环氧乙烷制造、环氧衍生低碳精细化工新材料制造以及乙烯仓储贸易三个领域。由于乙 烯及环氧乙烷均属于危险化学品，不宜储存、运输，而且在生产环氧乙烷和环氧衍生低碳精细化工新材料的非
"""601b983c031af7a1feeab81f""",一带一路（19年之前）,年度报告,2014,东华科技：2014年年度报告摘要,002140.SZ,东华科技,电力、热力、燃气及水的生产和供应业,土木工程建筑业,安徽省,中央国有企业,http://vip.stock.finance.sina.com.cn/corp/go.php/vCB_Bulletin/stockid/002140/page_type/ndbg.phtml,,,,,0,,东华工程科技股份有限公司2014年年度报告,,2,https://vip.stock.finance.sina.com.cn//corp/view/vCB_AllBulletinDetail.php?stockid=002140&id=1681879,方面，全球经济持续复苏增长，但仍面临较多 的不确定性因素，且经济增长分化的局面继续延续，给拓展国外工程业务带来了压力。国内 方面，国家实施深层次的结构性改革，国民经济从高速转为中高速增长，有利与不利因素并 存。化工市场产能过剩问题依然突出，国家重点化工项目进展缓慢，导致行业下行压力不断 增大，总体效益呈现下降趋势。加之部分上游企业资金压力较大，固定资产投资动力不足， 对合同承揽、项目执行以及风险防范等方面都提出了更高的要求。面对国际政治经济环境的 复杂性和国内经济运行的新常态，董事会以“稳中求进”为发展基调，确立了“抓经营保增 长”的经营思想，强化经营工作，提升经营效果。公司重视加强国内外市场,经营的整体策划， 大力推进公司领导、项目经理、经营和技术人员一体化的经营队伍建设，进一步调整经营模 式和完善经营责任制，坚定不移走差异化发展之路，以应对经营环境、商业模式和技术服务 等方面的新变化和新要求，取得了较好的经营成果，并继续巩固在乙二醇产品市场的领先地 位，成功介入煤制油、煤制烯烃等项目的核心业务，尤其是取得了工程设计综合甲级资质， 为公司生产经营工作提供了更高的平台。公司把握国家推出“一带一路”战略的政策机遇， 加强对国外市场的整体布局和已有市场的深度开发工作，进一步加大了“走出去”力度。2014 年，公司合同签约再创历史新高，新签国内外合同115.30亿元人民币（含全资和控股子公司）， 同比增长43.23%，为以后年度公司的效益提升和持续发展奠定了基础。从区域上看，国内、 国外两个市场齐头并进，国内市场签约89.81亿元，主要涉及煤化工、化工、石化、环境和建 筑等行业，其中煤,化工项目合同额为86.93亿元，占国内合同总额的96.79%；国外市场签约折 合人民币25.49亿元，实现了国外经营的持续化。从产品上看，主要分为总承包、设计、咨询、 监理和项目管理等，其中工程总承包合同额112.60亿元，同比增长47.19%，且总承包项目呈 现出超大型化趋势。设计咨询订单为2.7亿元，同比下降32.50%，表明化工、石化等行业的投 资意向有所减少。但也应该看到，公司年度签约项目相对集中于煤化工产业，在新型煤化工 投资放缓、传统煤化工产能过剩的情况下，如果其他产品不能及时补位，经营工作可能存在 一定的不确定性和复杂性。同时，在工程建设中，超大型化工项目由于涉及面广，往往存在 
"""601b983c031af7a1feeab856""",一带一路（19年之前）,年度报告,2014,森远股份：2014年年度报告,300210.SZ,森远股份,制造业,专用设备制造业,辽宁省,个人,http://vip.stock.finance.sina.com.cn/corp/go.php/vCB_Bulletin/stockid/300210/page_type/ndbg.phtml,,,,,0,,鞍山森远路桥股份有限公司2014年年度报告,,2,https://vip.stock.finance.sina.com.cn//corp/view/vCB_AllBulletinDetail.php?stockid=300210&id=1673389,"地热再生加热机的耙松装置 2014206685099.0 实用新型       2014.11.11 6     护栏抢修车                               201420795410.5   实用新型    2014.12.17     （5）非公开发行募集资金情况     根据中国证监会《创业板上市公司证券发行管理暂行办法》的有关规定，为满足公司业务发展的资金 需求，增强公司资本实力和盈利能力，公司于2014年8月份向中国证监会提交了《非公开发行A股股票预案》， 拟募集资金25,000.00万元，用于“新疆道路养护及除雪产品制造基地建设项目”、“沥青路面再生养护工",程技 术协同创新平台建设项目”、“营销服务中心建设项目”及补充流动资金。公司本次定增就是在政府转型的新 形势下，借助未来十年我国公路养护机械和养护服务快速发展的市场机遇，广泛整合资源、大力开展合资 合作，进行全国范围布点，并为拓展国际市场奠定基础，并逐步使公司从设备制造商向“产品+应用+服务” 的综合提供商转变。     “新疆道路养护及除雪产品制造基地建设项目”，是着眼新疆地域优势、政策优势，“一带一路”前景， 扩大公司主营业务在新疆及周边地区推广。同时，以新疆生产基地为核心，建立辐射中亚、俄罗斯和蒙古 的国际营销网络，实现公司业务外延式发展。     “沥青路面再生养护工程技术协同创新平台建设项目”是为业已成立或即将成立的众多合资合作公司搭 建服务保障平台，参与公路及城市道路等投资、建设、养护和运营。同时，将具有节能、环保、资源循环 利用、成本低、效率高的再生养护新工艺在全国推广开来，,以此推动公司主营业务发展，提高公司在公路 再生工程技术领域的行业地位。     “营销服务中心建设项目”是在全国各地建立10个营销服务中心，在提升公司优势地区的售后服务能力 的同时，进一步拓展公司在其他地区的销售能力，提高公司在全国的业务覆盖范围和品牌影响力，为公司 未来实现国际化发展战略奠定基础。     综上，本次非公开发行，是在中国经济进入新常态形势下，以政府职能转型、投融资体制改革为背景， 在充分评估市场风险因素后，公司董事会做出的战略决策。本次非公开发行成功，募投项目顺利实施，能 极大促进公司业务发展方式转型升级，使公司发展迈向新的台阶。截至本年度报告披露日，项目尚在证监 会审核中。
"""601b983c031af7a1feeab86b""",一带一路（19年之前）,年度报告,2014,广电运通：2014年年度报告,002152.SZ,广电运通,制造业,通用设备制造业,广东省,地方国资委,http://vip.stock.finance.sina.com.cn/corp/go.php/vCB_Bulletin/stockid/002152/page_type/ndbg.phtml,,,,,0,,广州广电运通金融电子股份有限公司2014年年度报告,,2,https://vip.stock.finance.sina.com.cn//corp/view/vCB_AllBulletinDetail.php?stockid=002152&id=1670645,"外取得科威特土耳其银行150台订单给VTM 带来了增长空间；海外市场继续深化系统布局，实施重点市场、重点投入、重点突破的市场策略，各项业务稳步推进；AFC 模块产品的推广策略得到市场的鉴证，核心模块全面突破地铁市场，纸币识别模块中标广州地铁6条线，公司AFC整机和核心 模块在高铁、地铁市场上的应用进一步扩大，并在系统集成、零售等新市场开拓上进行了一些尝试。服务业方面，随着公司 销售量的增加及深圳银通服务规模的增大，设备维护收入比上年同期大幅增长；金融外包服务业务拓展成效显著,广州穗通 已成为公司金融外包服务的行业标杆，深圳银通的金融外包服务业务在全国布局的进度加快，公司金融武装押运业务的全国 ",布局也已展开。 公司实际经营业绩较曾公开披露过的本年度盈利预测低于或高于 20%以上的差异原因 □ 适用 √ 不适用 2、收入     报告期内，在国内经济面临结构转型升级、增速持续放缓和行业竞争加剧且普遍受到移动互联网金融冲击的形势下，公 司营业收入保持稳健增长态势。公司国内 ATM 设备年度销量连续 7 年位居中国 ATM 市场销量第一名，行业领导者地位持续巩 固。受益国家金融信息安全战略及“一带一路”政策发展机遇，国产化替代及民营银行、社区银行建设、金融助农及产品更 换周期等多种因素驱动，公司传统 ATM 设备业务仍具增长潜力；依托自主核心技术持续发力，2014 年公司的一体机首次入 围建行，中国银行等大行攻坚再创佳绩，中国邮储银行采购量大幅增长，市场占有率有效提升。海外市场持续恢复，重心由 亚太、中东、非洲区域转移扩展至欧美地区，欧美区市场订单成倍增长。AFC 市场核心模块全面突破,地铁市场，其中纸币识 别模块中标广州地铁 6 条线。新产品远程智慧银行（VTM）入围建行、兴业、华夏，在交行、土耳其科威特银行实现大批量 销售，同时在工行、渣打、德国 Commerzbank 等上线，市场占有率达到 55%。随着公司运营 ATM 数量的逐步增加，公司金融 维保及外包服务收入占比提升至 20%。清分机业务取得突破，进入中国邮政集团、广发银行等总行市场，实现收入翻番。旗 下金融外包服务提供商广州穗通，继续利用现代化技术手段承接和整合银行传统的武装押运业务；公司成功收购宜昌金牛押 运，武装押运业务全国布局实现重要突破，为 2015 年打造和建设全国性金融外包服务平台奠定坚实基础。20
"""601b983c031af7a1feeab845""",一带一路（19年之前）,年度报告,2014,中联重科：2014年年度报告摘要,000157.SZ,中联重科,制造业,专用设备制造业,湖南省,无实际控制人,http://vip.stock.finance.sina.com.cn/corp/go.php/vCB_Bulletin/stockid/000157/page_type/ndbg.phtml,,,,,0,,中联重科股份有限公司2014年年度报告,,2,https://vip.stock.finance.sina.com.cn//corp/view/vCB_AllBulletinDetail.php?stockid=000157&id=1679688,瑞重工，组建中联重机，在农机板块的发展战略取得实质性突破。                         2014 年 8 月 20 日，中联重科收购奇瑞重工     二是环境产业进入新园区，解决了产能瓶颈，经营业绩实现较大幅度的增长；餐厨垃圾 处理、建筑垃圾处理、垃圾分选设备产业化实现突破。                                  中联重科环境产业公司搬入新园区     三是财务公司筹建申请获得中国银监会批准，筹建工作正式启动。                                                                     ," 中联重科股份有限公司 2014 年年度报告全文     2、全球化市场开拓提速     国际市场开拓抢占先机。完善俄罗斯、印度、印尼、土耳其和非洲等国家的平台与网络 布局；积极参与商务部推进的“建营一体化”工程、境外经贸合作区建设和“中非工业化伙 伴”行动计划；持续推进全球资源配置，完成对德国 M-TEC 并购交割，收购荷兰 Raxtar 公 司 35%的股权，巴西服务中心建成投入使用；与众多“一带一路”中字头的大型施工企业保 持紧密合作关系。  2014 年 4 月 2 日，中联重科并购德国 M-TEC 公司完成交割   2014 年 8 月 8 日，中联重科收购荷兰 Raxtar 公司 35%股权     国际化全球布局进一步完善。新增巴西、泰国当地银行融资平台, 海外市场销售方式更 为多样化；完成巴西、新加坡、迪拜当地物流供应商签约，全球物流网络已具雏形；完成香 港、新加坡、迪拜、",巴西备件中心库建设和升级改造，全球产品服务支撑体系构建成型。     报告期内，在行业出口整体萎缩的背景下，公司海外销售同比增长 3.88 %。     3、两化融合助推商业模式变革     两化深度融合迈入创新突破阶段，从“生产与经营的管理优化”向“全面、深度、集成 的信息化应用”逐步迁移，公司信用销售系统实现首家银企直联上线运行，为未来开展工程 机械“云按揭”等新业务夯实基础，依托物联网、智能控制技术促进生产、运营、服务管理 模式创新，官方微信平台与 GPS 监控平台上线运行实现从客户需求的智能化跟踪、产品信息 的智能化追踪、产品制造的个性化生产、产品运行的全程监控，加速公司从传统生产制造
"""601b983c031af7a1feeab859""",一带一路（19年之前）,年度报告,2014,合康新能：2014年年度报告,300048.SZ,合康新能,制造业,电气机械及器材制造业,北京市,个人,http://vip.stock.finance.sina.com.cn/corp/go.php/vCB_Bulletin/stockid/300048/page_type/ndbg.phtml,,,,,0,,北京合康亿盛变频科技股份有限公司2014年年度报告,,2,https://vip.stock.finance.sina.com.cn//corp/view/vCB_AllBulletinDetail.php?stockid=300048&id=1672923,过电路设计、程序植入、性能检测等方式将技术、行业经验与产品基础构件相结合，从而形成功 率单元、控制器等功能部件，之后进行产品整体组装测试，生产过程中将一些低附加值工序进行外协。 随着产能迅速扩张，外协及外购零部件数量将大量增加，将使公司面临一定的质量控制风险。对此， 公司将进一步寻求与部分上游产业的合作机会，以达到逐步逐级自行控制主要电子元器件及外协加工 件质量的目的。                                                  北京合康亿盛变频科技股份有限公司 2014 年年度报告全文                                  第,四节 董事会报告 一、管理层讨论与分析 1、报告期内主要业务回顾  （一）公司总体经营情况     2014年度，世界经济形势纷繁复杂，全球经济复苏态势没有明显改观，国内经济正处于增长速度换档 期、结构调整阵痛期和前期刺激政策消化期的“三期叠加”阶段，虽然国内经济发展总体保持平稳，但是部 分行业的结构性矛盾依然突出，下行压力依然较大，因此公司面临着新的挑战，与此同时，新型工业化、 信息化、城镇化、一带一路等战略规划中孕育着新的经济增长点，为公司的发展释放出新的空间。公司管 理层按照董事会年初制定的年度经营计划，一方面坚持以市场需求为导向，继续专注于公司高压变频器产 品业务的稳健发展，继续保持公司在高压变频器行业的领先地位；继续发挥现有的品牌优势和技术优势， 增强客户的品牌忠诚度，整合各方资源，加大中低压变频器、伺服产品和新能源汽车及相关产品的市场开 发力度，确保产品销售规模和市场份额稳定增,"长；同时积极推动公司进行产业并购，谋求市场扩张和产业 延伸的机会，实现公司战略升级。报告期内，公司已逐渐形成了包括高、中低压及防爆变频器在内的全系 列变频器产品、伺服产品、高效电机、新能源汽车及相关产品，形成了较为完整的变频器产品线、工况自 动化控制产品线，进一步优化了公司的产品结构，丰富了公司产品的应用领域，满足了客户多元化需求， 提高了公司为客户提供整体解决方案的能力。     2014年度，公司主营业务仍继续保持良好发展势头，报告期内，公司实现营业收入66,744.67万元，比 上年同期增加0.85%；因报告期内公司加大了研发投入力度、控股子公司数量增加，同时募集资金存款减 少，利息收入"
"""601b983c031af7a1feeab840""",一带一路（19年之前）,年度报告,2014,金风科技：2014年年度报告,002202.SZ,金风科技,制造业,通用设备制造业,新疆维吾尔自治区,无实际控制人,http://vip.stock.finance.sina.com.cn/corp/go.php/vCB_Bulletin/stockid/002202/page_type/ndbg.phtml,,,,,0,,新疆金风科技股份有限公司2014年年度报告,,2,https://vip.stock.finance.sina.com.cn//corp/view/vCB_AllBulletinDetail.php?stockid=002202&id=1678701,"水准将相应提高，整个风电产业的运 行稳定性和运营效率将继续加强。 （三）公司回顾总结前期披露的发展战略和经营计划在报告期内的进展情况     2014年，公司以固本开源、精益管理、协同协作、品质优先作为年度经营方针，以市场为导向，以 客户价值最大化为宗旨，注重产品研发及创新能力的培养。报告期内，公司各项经营活动进展顺利，综合 竞争实力得到稳步提升，在产品销售、研发及市场拓展等方面取得较好业绩。     2014年公司营业收入为人民币 1,770,421.80万元，同比上升43.84%；实现营业利润为人民币205,231.86 万元，同比上升331.52%；实现净利润为人民币185,351.32","万元，同比上升327.44%；实现归属母公司净利 润为人民币182,968.23万元，同比上升327.85%。     1、风力发电机组的研发、制造与销售     作为全球领先的风电制造企业，金风科技在过去一年里在技术创新、精益管理、国内外市场的巩固及 拓展方面取得长足发展。公司推出的新产品2.0MW机组首台样机成功实现并网，是公司深度拓展超低风速 市场的又一力作；与此同时，金风科技成功践行国家“一带一路”发展战略，积极拓展全球风电市场，金风 科技的发展足迹已经遍布全球六大洲。     （1）产品生产与销售     报告期内，公司风力发电机组及零部件销售收入为人民币1,578,529.13万元，同比上升39.69%，实现对                                                        新疆金风科技股份有限公司 2014 年年度报告全文 外销售","容量4,189.75MW，同比上升43.33%。下表为公司2014年及2013年产品销售明细：    机型                 2014年                       2013年            销售容量变动             销售台数   销售容量（MW）    销售台数   销售容量（MW）         （%）   2.5MW       253              632.5       260           650                -2.69   1.5MW       2366             3549  "
"""601b983e031af7a1feeab88f""",一带一路（19年之前）,年度报告,2014,硅宝科技：2014年年度报告,300019.SZ,硅宝科技,制造业,化学原料及化学制品制造业,四川省,无实际控制人,http://vip.stock.finance.sina.com.cn/corp/go.php/vCB_Bulletin/stockid/300019/page_type/ndbg.phtml,,,,,0,,成都硅宝科技股份有限公司2014年年度报告,,2,https://vip.stock.finance.sina.com.cn//corp/view/vCB_AllBulletinDetail.php?stockid=300019&id=1662999,显上升。     同时，公司不断扩大现有产品的应用领域，并已在工业住宅化、轨道交通、防腐新领域 等方面进行调研与探索。     （3） 制胶设备领域：实现业务有效转型     制胶专用设备领域，公司通过调整战略方向，与设备骨干人员共同出资成立专门的自动 化设备有限公司，充分调动员工的积极性和主动性，同时，设备公司从单机业务设备制造商 转型为设备工程整体解决方案提供商，市场竞争力得到提升，销售业绩较去年翻一番。报告 期内，公司在设备研发方面获得发明专利3项，实用新型专利9项。                                                  成都硅宝科技股份有限公,司 2014 年年度报告全文     （4） 硅烷偶联剂领域：逐步扭转销售局面     硅烷偶联剂领域，行业竞争加剧，公司确立了以精品高端硅烷和特种硅烷为核心业务的 销售方针，通过优化管理结构、调整运营方向，加大销售改革，集中资源开发优质的终端客 户，实现销售收入 5000 万元左右。      （5）海外市场开拓：“实施走出去”战略     公司致力于将硅宝品牌塑造为有机硅材料国际知名品牌，借助一带一路的东风，在做好 国内市场的同时，坚持“走出去”战略，通过开发优质经销商、参加大型国际展会、举办国 际技术交流会等方式，提升硅宝品牌的国际知名度，guibao 品牌已逐步受到海外市场的认可 和接纳。报告期内，公司在印度设立海外测试中心，涵盖东南亚、南亚，辐射中东，为进一 步开拓海外市场奠定基础；公司产品已在澳大利亚、新加坡、印度、迪拜、马来西来、土耳 其、南非、伊朗、马尔他等 10 余个国家,"和地区实现批量销售，海外市场布局基本成型。公司 产品先后获得 CE、UL、TUV、D&B，ASTM,EN1279 等国际认证，进一步体现了公司的技术研发 实力和产品竞争力。     （6） 关注市场需求，探索电商模式     网络的迅猛发展对传统行业也带来冲击，通过网络购买产品成为消费者的消费习惯，为 满足家庭装修客户对民用家装胶的需求，公司探索将传统的装修产品通过电子商务平台销售， 经过近一年多的探索，已取得一定效果。     2、市场宣传精准化，参与标准制订，引领行业健康发展     报告期内，公司充分发挥“硅宝”驰名商标优势，加大市场宣传工作，通过参加行业展 会、一对一专题技术交流会以及"
"""601b983e031af7a1feeab8b4""",一带一路（19年之前）,年度报告,2014,中电环保：2014年年度报告,300172.SZ,中电环保,水利、环境和公共设施管理业,生态保护和环境治理业,江苏省,个人,http://vip.stock.finance.sina.com.cn/corp/go.php/vCB_Bulletin/stockid/300172/page_type/ndbg.phtml,,,,,0,,南京中电环保股份有限公司2014年年度报告,,2,https://vip.stock.finance.sina.com.cn//corp/view/vCB_AllBulletinDetail.php?stockid=300172&id=1654027,"证券的公司信息披露解释性公告第 1 号——非经常性损益》中列举的非经常性损益项目界定为经常性损益的项目，应                                                                    南京中电环保股份有限公司 2014 年年度报告全文 说明原因 √ 适用 □ 不适用            项目                 涉及金额（元）                                 原因 软件集成电路增值税退税                    646,122.95 本年公司的非经常性损益项目界定为经常性损益的",项目 四、重大风险提示 1、国家宏观经济形势变化的风险     公司所服务的环保行业与国家宏观经济形势关联度较高，如果宏观经济形势出现不利变化，导致大量污染治理项目得不 到有效落实，将对公司未来经营产生影响。     当前，我国经济已步入增长“新常态”，工业经济在适应新常态的基础上增速放缓，国家采取稳增长与调结构并行，启动 “补短板”工程投资，有利于投资回升，使得整个经济企稳。2015年，在国家“一带一路”等战略实施的背景下，我国装备走出 去步伐将进一步加快，公司所服务的核电等相关产业，将获得更多的机会。“十二五”规划中期评估显示，环保指标完成进度 滞后，规划中4个节能环保的约束性指标都未能达标；2015年是“十二五”规划的收官之年，国家将实施最严格的资源节约和 生态环境保护制度。我们认为，尽管实体经济存在下行的压力，但环保行业的发展仍蕴藏较大的机遇。公司将不断拓展业务 模式和创新发展模式,，以提高公司的应变能力和抗风险能力。 2、市场竞争的风险     公司在工业水处理、市政污水处理、烟气治理以及固废处置等领域均存在不同的竞争对手，其中不乏国内外知名企业， 行业内竞争对手为谋求自身发展，亦在不断提升技术与管理水平，积极拓展市场，行业内竞争较为激烈。若公司不能持续在 技术研发、管理水平及品牌建设等方面保持领先优势，将会给公司提高市场份额和新领域的持续突破带来一定压力。     为此，公司将发挥经营模式、技术研发、项目实施和品牌等综合优势，巩固工业水处理、尤其是火电、核电行业水处 理的优势产业；合理配置资源，拓宽市场开拓思路，加速烟气治理及固废处置等新产业市场的持续突破；同时抓住环
"""601b983e031af7a1feeab896""",一带一路（19年之前）,年度报告,2014,荣盛发展：2014年年度报告摘要,002146.SZ,荣盛发展,房地产业,房地产业,河北省,个人,http://vip.stock.finance.sina.com.cn/corp/go.php/vCB_Bulletin/stockid/002146/page_type/ndbg.phtml,,,,,0,,荣盛房地产发展股份有限公司2014年年度报告,,2,https://vip.stock.finance.sina.com.cn//corp/view/vCB_AllBulletinDetail.php?stockid=002146&id=1660443,房占绝对地位，140 平米以下 户型套数占比 94.35%。     报告期，公司老城市的优化和新城市的拓展取得了积极效果，廊坊公司签约、回款额双                                                  荣盛房地产发展股份有限公司 2014 年年度报告全文 超 40 亿元，树立了公司的新标杆。济南作为 2014 年新进入城市，实现当年拿地、当年开盘， 单盘当年签约额 9.7 亿元，以 4 个月的销售期夺得济南市单盘销售额前五名。     报告期，公司顺应京津冀协同发展的历史机遇，发挥自身的优势，在京津冀的核心地带 大廊坊区域项目拓展方面取得了积极的成果,"，大大提升了该区域项目的规模和占比。2014 年 初至今，公司通过招拍挂方式，先后在廊坊区域的霸州市、香河县、廊坊市区等地购得土地 1,539 亩，通过签订合作协议等方式初步锁定廊坊新兴产业示范区、香河县、永清县的三个 项目共计 1.35 万亩，很好的完成了股东大会制定的战略规划，为公司在京津冀协同发展过程 中赢得更好发展奠定了坚实的基础。     报告期，公司根据年度土地购置计划，紧紧围绕国家“一带一路”、“长江经济带”发 展规划，按照“两纵两横”拓展思路，丰富拓展渠道，创新购地模式，加强运作能力，充分 利用城中村改造、股权收购、一级整理、一二级联动等方式拓展新市场，先后在秦皇岛、黄 山、长沙、廊坊、沧州、临沂、神农架、聊城、徐州、香河等地新取得权益土地建筑面积 216.89 万平米，新增项目平均楼面地价 1,362 元/平米。公司还通过与南京地方政府、徐州地方政府 分别签订《南京六合经",济技术开发区土地综合整理投资合作协议》、《徐商公路南侧淮海路 西延棚户区改造项目合作框架协议书》的方式，介入了土地一级整理市场，为公司的土地投 资开辟了新的方式。     报告期，公司主动适应房地产市场新趋势，调整产业结构，延伸业务链，适时进军旅游 地产。先后取得黄山太平湖、秦皇岛一杯澜、神农架龙降坪等项目，拓展旅游项目储备 26.39 万平米，有力推进了旅游地产的战略布局，为公司可持续发展奠定了基础。2014 年，黄山、 秦皇岛项目已经产生了 2.47 亿元的销售额。     报告期，公司不断拓宽融资渠道，创新融资方式，提升融资效率，在做好银行开发贷的 前提下，积极利用与非银行金融机构合作以
"""601b983e031af7a1feeab8bb""",一带一路（19年之前）,年度报告,2014,越秀金控：2014年年度报告,000987.SZ,越秀金控,金融业,其他金融业,广东省,地方国资委,http://vip.stock.finance.sina.com.cn/corp/go.php/vCB_Bulletin/stockid/000987/page_type/ndbg.phtml,,,,,0,,广州友谊集团股份有限公司2014年年度报告,,2,https://vip.stock.finance.sina.com.cn//corp/view/vCB_AllBulletinDetail.php?stockid=000987&id=1652830,良好基础。此外，公司根据广州国资国企全面深化改革的 部署，紧抓当前金融业面临的发展机遇，经公司董事会及股东大会审议通过，公司拟向广州 市国资委和其它六家市属国有企业，通过非公开发行股票募集资金 100 亿元，收购广州越秀 金融控股集团有限公司 100%股权，谋划转型为“百货+金融”的双主业上市公司。目前该事 项已获中国证监会正式受理。     2、行业发展趋势及公司面临的行业竞争格局     2015 年，是全面深化改革、加快转型升级的关键之年，我国发展仍处于可以大有作为的 重要战略机遇期，坚持稳中求进，突出创新驱动，强化风险防控，加强民生保障是我国经济                    ,                                  广州友谊集团股份有限公司 2014 年年度报告 发展的着力点。从行业环境来看，传统实体零售业整体形势依然严峻，仍将面临局部市场饱 和、增速放缓、运营成本高企以及新渠道、新业态的冲击等挑战，行业分化重组将进一步加 剧。但与此同时，中央、省、市全面深化改革措施的落地以及扩大内需、保就业增收入、扩 大居民消费等系列政策措施的出台，国家“一带一路”战略的实施，广东以创新驱动发展为 战略核心推动经济转型升级以及广东自贸区的即将挂牌运作，珠三角整体纳入国家自主创新 示范区，广州对现代商贸业发展、新型城镇化建设的推动，以及大力发展金融产业、打造全 国互联网金融中心城市等方面重大举措的实施推进，将进一步释放及升级消费需求，挖掘消 费增长潜力，为零售业发展带来新的动力，为广州金融业发展带来前所未有的历史性机遇。 在新的历史起点上，公司将科学,把握大势，主动适应经济和行业发展的新常态，以改革促转 型、以转型促发展，迎难克坚、奋发有为，努力开创企业科学发展、创新发展的新局面。     3、2015 年公司主要工作思路    2015 年，公司将以改革创新为动力，加快企业的转型升级，顺应新常态，奋力新作为， 精心谋划促发展，精耕细作促经营，精细管理促效益，努力克服严峻经营环境带来的困难和 压力，以良好的业绩回报全体股东。主要工作措施如下：     着力提高企业经营成效      公司将聚焦商业本质，坚持精耕细作，从门店培育、营销推广、服务提升等方面着手， 全面提升百货主业的经营成效。一是优化门店结构，进一步放大门店差异化经营特色，坚持 
"""601b983e031af7a1feeab895""",一带一路（19年之前）,年度报告,2014,首航高科：2014年年度报告,002665.SZ,首航高科,制造业,电气机械及器材制造业,甘肃省,个人,http://vip.stock.finance.sina.com.cn/corp/go.php/vCB_Bulletin/stockid/002665/page_type/ndbg.phtml,,,,,0,,北京首航艾启威节能技术股份有限公司2014年年度报告,,2,https://vip.stock.finance.sina.com.cn//corp/view/vCB_AllBulletinDetail.php?stockid=002665&id=1661279,确立了公司在国内光热发电的领先优势，确立了行业多个第一。公司在甘肃省敦煌实施 的10兆瓦塔式熔盐获得了甘肃省发改委关于项目登记备案，现在已开工实施，预计2015年建成并网发电， 将有望成为亚洲第一座、全球第三座24小时发电的光热发电站，确立公司在行业的领军地位。光热EPC总 包方面，与内蒙古庆华集团有限公司签订了《额济纳50MW熔盐塔式光热发电站项目合作框架协议》标志 着公司在光热发电领EPC总包域取得了突破性的进展，成为国内第一个签订50MW以上商业化运营光热发电                                               北京首航艾启威节能技术股份有限公司 ,2014 年年度报告全文 项目合同的企业。2015年公司将借助于国内光热发电相关扶持政策和能源十三五规划有望出台的契机，积 极推进公司光热发电的业务布局，争取获得多个订单突破以及与国内布局光热发电电站运营的大型央企、 民企形成战略合作关系。同时，公司2015年还将积极推进光热发电海外业务布局，设立海外研发和市场部 门或公司，利用相对于国外企业良好的成本优势、10MW项目建设工程经验以及借助于国内“一带一路”走 出去战略的投资主体、借助于“一带一路”基金以及海外低廉的资金成本，积极推动公司光热海外业务的 拓展。     压气站余热发电是目前品质最好、发电利用小时数最高的余热发电方式之一，也是公司积极切入节能 服务领域的重要布局，后续公司将依托于压气站余热发电的技术、工程经验积累以及客户资源积极拓展节 能服务业务。公司于2015年初完成收购新疆西拓能源有限公司75%的股权，标志着公司在油气管道,压气站 余热发电领域布局的开始，进入压气站余热发电领域，也进一步完善了公司清洁能源和节能环保战略布局， 该批余热电站项目建设完成后，不考虑直供电、分布式发电申请后电价的提升，现有业务估算稳定期的净 利润将达到1.5亿左右，将成为公司重要的收入和利润来源。从国家规划的西气东输7条线路以及中国与俄 罗斯等周边国家签订的输气管线来看，目前公司只参与了3条线路的建设，未来压气站余热发电可开发的 市场空间还很大，是公司目前已经获得项目的数十倍，公司将借助于上市公司平台以及现有项目良好的现 金流，积极推进新的压气站余热发电的建设。    公司积极推进产融结合，构建产业布局与金融布局相互支撑的格局，通过上市
"""601b983e031af7a1feeab87e""",一带一路（19年之前）,年度报告,2014,苏交科：2014年年度报告摘要,300284.SZ,苏交科,科学研究和技术服务业,专业技术服务业,江苏省,个人,http://vip.stock.finance.sina.com.cn/corp/go.php/vCB_Bulletin/stockid/300284/page_type/ndbg.phtml,,,,,0,,苏交科集团股份有限公司2014年年度报告,,2,https://vip.stock.finance.sina.com.cn//corp/view/vCB_AllBulletinDetail.php?stockid=300284&id=1665337,设计院，他们的加入进一步加强了公司在行业内的领先地位以及完善区域布局，而对中铁瑞威的并购加快了公司在铁路 市场的业务开拓，提高了铁路系统的客户开发能力。        (3) 布局环保产业，形成未来业务增长点        2014年由中华环保联合会发起的“生态文明建设方案专家行”活动启动仪式在公司举行，与会专家对公司在开展环保业 务中遇到的实际问题提供诊断、咨询和指导服务。2015年初完成了对英诺伟霆（北京）环保技术有限公司的战略并购。交通 部依托公司建设的江苏省交通环境监测站，CMA认证项已增加到91项，公司第三方监测的能力及范围进一步得到提升。今 后公司将围绕形成以环境评价、咨询、第三方,监测、工程设计为上游业务，以污水处理等作为主要下游方向，能够初步形成 上下游联动、互为支撑依托的体系化运作能力，初步形成环境产业链布局。        (4)积极拓展海外业务                                                                        苏交科集团股份有限公司 2014 年年度报告全文        随着中国政府提出“一带一路”、“中巴和孟中印缅经济走廊”等一系列战略构想，开拓国际基础设施市场面临新的发展 机遇。2014年公司进一步加大海外业务的开拓力度，通过提供金融、技术服务等综合方式首次承接了斯里兰卡科伦坡保障房 项目建设，而公司同期开展的斯里兰卡城市污水处理设计项目也进展顺利。2014年公司配合央企在欧洲、南亚、非洲等地实 施“走出去”的战略规划，承担了部分项目的可行性研究、技术咨询等业务。       ," (5)进一步实施人才激励措施    报告期内，公司启动员工持股计划。该计划的参与对象不仅包括了公司的中高层管理人员、也包括了部分优秀项目经理 和优秀员工，形成了核心员工与全体股东的利益共享和风险共担机制，提高了员工的凝聚力和公司竞争力。    在新的一年里，公司将积极把握国家PPP政策与“一带一路”战略带来的新机遇，在业务方向上要围绕智慧城市、智能交 通等业务积极探索力争有所突破。同时进一步加大在环保产业上的投入以及在外延发展方面的投入。 2、报告期内主要经营情况 （1）主营业务分析 1）概述       报告期内公司实现营业收入216,279.27万元，同比增长32.88%；营业成本144"
"""601b983e031af7a1feeab87e""",一带一路（19年之前）,年度报告,2014,苏交科：2014年年度报告摘要,300284.SZ,苏交科,科学研究和技术服务业,专业技术服务业,江苏省,个人,http://vip.stock.finance.sina.com.cn/corp/go.php/vCB_Bulletin/stockid/300284/page_type/ndbg.phtml,,,,,0,,苏交科集团股份有限公司2014年年度报告,,2,https://vip.stock.finance.sina.com.cn//corp/view/vCB_AllBulletinDetail.php?stockid=300284&id=1665337,托的体系化运作能力，初步形成环境产业链布局。        (4)积极拓展海外业务                                                                        苏交科集团股份有限公司 2014 年年度报告全文        随着中国政府提出“一带一路”、“中巴和孟中印缅经济走廊”等一系列战略构想，开拓国际基础设施市场面临新的发展 机遇。2014年公司进一步加大海外业务的开拓力度，通过提供金融、技术服务等综合方式首次承接了斯里兰卡科伦坡保障房 项目建设，而公司同期开展的斯里兰卡城市污水处理设计项目也进展顺利。2014年公司配合央企,"在欧洲、南亚、非洲等地实 施“走出去”的战略规划，承担了部分项目的可行性研究、技术咨询等业务。        (5)进一步实施人才激励措施    报告期内，公司启动员工持股计划。该计划的参与对象不仅包括了公司的中高层管理人员、也包括了部分优秀项目经理 和优秀员工，形成了核心员工与全体股东的利益共享和风险共担机制，提高了员工的凝聚力和公司竞争力。    在新的一年里，公司将积极把握国家PPP政策与“一带一路”战略带来的新机遇，在业务方向上要围绕智慧城市、智能交 通等业务积极探索力争有所突破。同时进一步加大在环保产业上的投入以及在外延发展方面的投入。 2、报告期内主要经营情况 （1）主营业务分析 1）概述       报告期内公司实现营业收入216,279.27万元，同比增长32.88%；营业成本144,349.78万元，同比增长24.91%；销售费用 6,714.25万元，同比增长41.41","%；管理费用25,575.27万元，同比增长39.88%；财务费用-1,778.58万元，同比上升38.48%。       报告期内公司投入研发费用91,865,003.11元，同比增长14.80%.       报告期内公司经营活动产生的现金流量净额25,329.40万元，同比降低11.08%；投资活动产生的现金流量净额-25,203.28 万元，同比降低86.17%；筹资活动产生的现金流量净额-7,612.26万元，同比增长68.67%；现金及现金等价物净增加额-7,414.52 万元，同比增长20.49%。 2）报告期利润构成或利润来源发生重大变动的说明 □ 适用 √ 不适用 3）收入"
"""601b983e031af7a1feeab884""",一带一路（19年之前）,年度报告,2014,世联行：2014年年度报告,002285.SZ,世联行,房地产业,房地产业,广东省,地方国资委,http://vip.stock.finance.sina.com.cn/corp/go.php/vCB_Bulletin/stockid/002285/page_type/ndbg.phtml,,,,,0,,深圳世联行地产顾问股份有限公司2014年年度报告,,2,https://vip.stock.finance.sina.com.cn//corp/view/vCB_AllBulletinDetail.php?stockid=002285&id=1666604,管理、投资管理、P2P等方向进行了有益的尝试。      第四、资管服务方面，坚定不移的落实植入成功分公司战略，完成核心一二线城市的布局。新增签约项目26个，实际 在管全委托项目60个；成功实现创新服务的落地，包括通过统一经营管理、为公寓提供定位销售到运营的全链条服务，实现 存量物业的价值最大化，并通过运作上海中城国际大厦项目，开启了资产证券化模式。      第五、电商服务方面，顺利完成39个城市的业务布局，全国落地项目154个。12月底云掌柜会员版微信平台已成功累 积超100万会员量，同时启动了O2M整合营销平台第三期电商商家联盟网上平台。     (二)未来展望     仔细研究2014,年以来出台的政策，不难看出政府稳定房地产市场的意图。一方面由于房地产投资对经济的拉动作用无                                                               深圳世联行地产顾问股份有限公司 2014 年年度报告全文 须赘言；另一方面，即使经济调结构是未来经济工作的重心，但是制造业升级换代和淘汰落后产能并不是朝夕之事。我们也 关注政府提出的“一带一路”经济战略，具体落实到拉动经济的层面还有相当大的工作需完成。所以2015年房地产市场仍将在 稳增长中发挥作用。     2015年房地产行业被赋予了“转型元年”的期待，重服务是未来的风口。根据马斯洛需求层次理论，国人已经从追求物 质温饱的层面日益注重精神层面的享受，也意味着，对多元化服务的需求会与日俱增。2014年之前，是行业比拼销售额的时 代，而此后，以传统销售型服务为主导的地产格局将被,重构，以满足精细化需求的服务业会重塑行业面貌。房地产的交易规 模足够大，决定了行业所涉及的上下游产业链足够长、触及的客户量足够多，也决定了服务业蓝海的广袤。     与此同时，移动互联网的飞速发展也让不少传统行业重新审视调整自己的运营模式。借助移动互联网的发展，服务行 业呈现去中心化的趋势，服务内容不再是由公司自身或者特定人群所产生，而是趋向于由全体用户共同参与、共同创造的结 果。叠加大数据分析的应用，客户与企业之间的距离大大压缩，增强用户与企业之间的信息交互，争夺入口、深化客户服务 成为未来的制胜关键。     我们也必须看到存量房市场对扩大交易入口份额的作用。过去高速增长的新房市场进入了高
"""601b983e031af7a1feeab8bc""",一带一路（19年之前）,年度报告,2014,天保基建：2014年年度报告,000965.SZ,天保基建,房地产业,房地产业,天津市,地方国资委,http://vip.stock.finance.sina.com.cn/corp/go.php/vCB_Bulletin/stockid/000965/page_type/ndbg.phtml,,,,,0,,天津天保基建股份有限公司2014年年度报告,,2,https://vip.stock.finance.sina.com.cn//corp/view/vCB_AllBulletinDetail.php?stockid=000965&id=1652829,非经常性损益》定义界定的非经 常性损益项目，以及把《公开发行证券的公司信息披露解释性公告第 1号——非经常性损益》中列举的非 经常性损益项目界定为经常性损益的项目，应说明原因        公司报告期不存在将根据《公开发行证券的公司信息披露解释性公告第 1号——非经常性损益》定义、 列举的非经常性损益项目界定为经常性损益的项目的情形。                                                        天津天保基建股份有限公司 2014 年年度报告全文                                 第四节 董事会报告 一、概述    ," 2014年，“新常态”成为描绘我国经济发展最新态势的关键词，我国经济已从高速增长转为中高速增 长，经济结构不断优化升级，经济增长从要素驱动、投资驱动转向创新驱动。调结构、稳增长利好国内经 济转型，也带动经贸伙伴一道向价值链条中高端跃升，自贸区的有益探索，既为国内深化改革探路，也在 更广领域扩大对外开放，中澳、中韩自贸谈判的完成标志着我国自贸区战略迈上新台阶。此外，积极推进 的基础设施互联互通、“一带一路”等，对接中国资本出海、输入商品、消费升级的经济新势能有利于构 建开放型世界经济新格局。在当前经济总体平稳运行的同时，一些短期、结构性与长期性因素对经济增长 造成了冲击和制约，特别是经济下行压力较大的风险不容忽视。一是投资增长乏力是拖累当前经济增长的 主要原因,也是未来一段时间经济下行风险的主要来源。二是融资瓶颈约束凸显，社会融资规模和货币信 贷大幅回落,凸显资金面紧张。为有效应对上述情况","，政府坚持以提高经济发展质量和效益为中心,主动适 应经济发展新常态,保持经济运行在合理区间,把转方式调结构放到首要位置,实现了经济社会发展稳中向 好的良好开局。     房地产行业受经济下行压力和调控长效机制的多重影响，投资增速持续放缓，销售额和销售面积均比 去年下降，房价下降趋势也不断从三、四线扩展到一、二线，直至“930新政”出台，央行降息两支强心 剂注入，房地产市场大环境逐渐好转。据统计，2014年全国房地产开发投资9.5万亿元，同比增长10.5%， 增速同比回落9.3个百分点；全国房屋施工面积72.65万亿平方米，同比增长9.2%，房屋新开工面积17.96 万亿平方米，同比下降10.7"
