_id,policyTitle,sourceType,sourceYear,title,stockCode,stockName,parentIndustry,industry,provinces,actualControllerType,link,actualParticipated,specificProjects,subsidyAmounts,comment,location,codedBy
"""601b900f35b23ba031137dc8""",一带一路（19年之前）,年度报告,2014,超华科技：2014年年度报告（更新后）,002288.SZ,超华科技,制造业,计算机、通信和其他电子设备制造业,广东省,个人,http://vip.stock.finance.sina.com.cn/corp/go.php/vCB_Bulletin/stockid/002288/page_type/ndbg.phtml,,,,,,
"""601b93c335b23ba0311384a0""",一带一路（19年之前）,年度报告,2014,汉缆股份：2014年年度报告（更新后）,002498.SZ,汉缆股份,制造业,电气机械及器材制造业,山东省,个人,http://vip.stock.finance.sina.com.cn/corp/go.php/vCB_Bulletin/stockid/002498/page_type/ndbg.phtml,,,,,,
"""601b9821031af7a1feeab047""",一带一路（19年之前）,年度报告,2014,中钢国际：2014年年度报告（更新后）,000928.SZ,中钢国际,电力、热力、燃气及水的生产和供应业,土木工程建筑业,吉林省,国资委,http://vip.stock.finance.sina.com.cn/corp/go.php/vCB_Bulletin/stockid/000928/page_type/ndbg.phtml,,,,,,
"""601b9835031af7a1feeab682""",一带一路（19年之前）,年度报告,2014,*ST中昌：2014年年度报告摘要(修订版),600242.SH,*ST中昌,信息传输、软件和信息技术服务业,互联网和相关服务,广东省,个人,http://vip.stock.finance.sina.com.cn/corp/go.php/vCB_Bulletin/stockid/600242/page_type/ndbg.phtml,,,,,,
"""601b9835031af7a1feeab684""",一带一路（19年之前）,年度报告,2014,中泰化学：2014年年度报告摘要（更新后）,002092.SZ,中泰化学,制造业,化学原料及化学制品制造业,新疆维吾尔自治区,地方国资委,http://vip.stock.finance.sina.com.cn/corp/go.php/vCB_Bulletin/stockid/002092/page_type/ndbg.phtml,,,,,,
"""601b9835031af7a1feeab681""",一带一路（19年之前）,年度报告,2014,*ST东科：2014年年度报告（更新后）,000727.SZ,*ST东科,制造业,计算机、通信和其他电子设备制造业,江苏省,国资委,http://vip.stock.finance.sina.com.cn/corp/go.php/vCB_Bulletin/stockid/000727/page_type/ndbg.phtml,,,,,,
"""601b9837031af7a1feeab693""",一带一路（19年之前）,年度报告,2014,ST中基：2014年年度报告（已取消）,000972.SZ,ST中基,制造业,农副食品加工业,新疆维吾尔自治区,境外,http://vip.stock.finance.sina.com.cn/corp/go.php/vCB_Bulletin/stockid/000972/page_type/ndbg.phtml,,,,,,
"""601b9837031af7a1feeab686""",一带一路（19年之前）,年度报告,2014,新兴铸管：2014年年度报告（更新后）,000778.SZ,新兴铸管,制造业,金属制品业,河北省,国资委,http://vip.stock.finance.sina.com.cn/corp/go.php/vCB_Bulletin/stockid/000778/page_type/ndbg.phtml,,,,,,
"""601b9837031af7a1feeab68c""",一带一路（19年之前）,年度报告,2014,ST云维：2014年年度报告摘要（修订版）,600725.SH,ST云维,制造业,石油加工、炼焦及核燃料加工业,云南省,地方国资委,http://vip.stock.finance.sina.com.cn/corp/go.php/vCB_Bulletin/stockid/600725/page_type/ndbg.phtml,,,,,,
"""601b9837031af7a1feeab68b""",一带一路（19年之前）,年度报告,2014,中色股份：2014年年度报告（更新后）,000758.SZ,中色股份,采矿业,有色金属矿采选业,北京市,国资委,http://vip.stock.finance.sina.com.cn/corp/go.php/vCB_Bulletin/stockid/000758/page_type/ndbg.phtml,,,,,,
"""601b9837031af7a1feeab698""",一带一路（19年之前）,年度报告,2014,中化国际：2014年年度报告摘要,600500.SH,中化国际,制造业,化学原料及化学制品制造业,上海市,国资委,http://vip.stock.finance.sina.com.cn/corp/go.php/vCB_Bulletin/stockid/600500/page_type/ndbg.phtml,,,,,,
"""601b9837031af7a1feeab687""",一带一路（19年之前）,年度报告,2014,ST沪科：2014年年度报告(修订版),600608.SH,ST沪科,制造业,黑色金属冶炼及压延加工业,上海市,地方国资委,http://vip.stock.finance.sina.com.cn/corp/go.php/vCB_Bulletin/stockid/600608/page_type/ndbg.phtml,,,,,,
"""601b9837031af7a1feeab68a""",一带一路（19年之前）,年度报告,2014,兴化股份：2014年年度报告（更新后）,002109.SZ,兴化股份,制造业,化学原料及化学制品制造业,陕西省,地方国资委,http://vip.stock.finance.sina.com.cn/corp/go.php/vCB_Bulletin/stockid/002109/page_type/ndbg.phtml,,,,,,
"""601b9837031af7a1feeab6b9""",一带一路（19年之前）,年度报告,2014,银轮股份：2014年年度报告,002126.SZ,银轮股份,制造业,汽车制造业,浙江省,个人,http://vip.stock.finance.sina.com.cn/corp/go.php/vCB_Bulletin/stockid/002126/page_type/ndbg.phtml,,,,,,
"""601b9837031af7a1feeab696""",一带一路（19年之前）,年度报告,2014,中国重工：2014年年度报告摘要,601989.SH,中国重工,制造业,铁路、船舶、航空航天和其它运输设备制造业,北京市,国资委,http://vip.stock.finance.sina.com.cn/corp/go.php/vCB_Bulletin/stockid/601989/page_type/ndbg.phtml,,,,,,
"""601b9837031af7a1feeab6a0""",一带一路（19年之前）,年度报告,2014,弘业股份：2014年年度报告,600128.SH,弘业股份,电力、热力、燃气及水的生产和供应业,批发业,江苏省,地方国资委,http://vip.stock.finance.sina.com.cn/corp/go.php/vCB_Bulletin/stockid/600128/page_type/ndbg.phtml,,,,,,
"""601b9837031af7a1feeab6aa""",一带一路（19年之前）,年度报告,2014,龙头股份：2014年年度报告摘要,600630.SH,龙头股份,制造业,纺织业,上海市,地方国资委,http://vip.stock.finance.sina.com.cn/corp/go.php/vCB_Bulletin/stockid/600630/page_type/ndbg.phtml,,,,,,
"""601b9837031af7a1feeab6c2""",一带一路（19年之前）,年度报告,2014,渤海租赁：2014年年度报告,000415.SZ,渤海租赁,租赁和商务服务业,租赁业,新疆维吾尔自治区,其他,http://vip.stock.finance.sina.com.cn/corp/go.php/vCB_Bulletin/stockid/000415/page_type/ndbg.phtml,,,,,,
"""601b9837031af7a1feeab6d1""",一带一路（19年之前）,年度报告,2014,西南证券：2014年年度报告,600369.SH,西南证券,金融业,资本市场服务,重庆市,地方国资委,http://vip.stock.finance.sina.com.cn/corp/go.php/vCB_Bulletin/stockid/600369/page_type/ndbg.phtml,,,,,,
"""601b9837031af7a1feeab6da""",一带一路（19年之前）,年度报告,2014,润邦股份：2014年年度报告摘要,002483.SZ,润邦股份,制造业,通用设备制造业,江苏省,个人,http://vip.stock.finance.sina.com.cn/corp/go.php/vCB_Bulletin/stockid/002483/page_type/ndbg.phtml,,,,,,
"""601b9837031af7a1feeab6e4""",一带一路（19年之前）,年度报告,2014,孚日股份：2014年年度报告,002083.SZ,孚日股份,制造业,纺织业,山东省,地方国资委,http://vip.stock.finance.sina.com.cn/corp/go.php/vCB_Bulletin/stockid/002083/page_type/ndbg.phtml,,,,,,
"""601b9837031af7a1feeab688""",一带一路（19年之前）,年度报告,2014,浙江富润：2014年年度报告(修订版),600070.SH,浙江富润,信息传输、软件和信息技术服务业,互联网和相关服务,浙江省,个人,http://vip.stock.finance.sina.com.cn/corp/go.php/vCB_Bulletin/stockid/600070/page_type/ndbg.phtml,,,,,,
"""601b9837031af7a1feeab6a3""",一带一路（19年之前）,年度报告,2014,赣能股份：2014年年度报告,000899.SZ,赣能股份,电力、热力、燃气及水的生产和供应业,电力、热力生产和供应业,江西省,地方国资委,http://vip.stock.finance.sina.com.cn/corp/go.php/vCB_Bulletin/stockid/000899/page_type/ndbg.phtml,,,,,,
"""601b9837031af7a1feeab6ac""",一带一路（19年之前）,年度报告,2014,宏达股份：2014年年度报告摘要,600331.SH,宏达股份,制造业,有色金属冶炼及压延加工业,四川省,个人,http://vip.stock.finance.sina.com.cn/corp/go.php/vCB_Bulletin/stockid/600331/page_type/ndbg.phtml,,,,,,
"""601b9837031af7a1feeab6b2""",一带一路（19年之前）,年度报告,2014,泰尔股份：2014年年度报告,002347.SZ,泰尔股份,制造业,通用设备制造业,安徽省,个人,http://vip.stock.finance.sina.com.cn/corp/go.php/vCB_Bulletin/stockid/002347/page_type/ndbg.phtml,,,,,,
"""601b9837031af7a1feeab6dd""",一带一路（19年之前）,年度报告,2014,千方科技：2014年年度报告,002373.SZ,千方科技,信息传输、软件和信息技术服务业,软件和信息技术服务业,北京市,个人,http://vip.stock.finance.sina.com.cn/corp/go.php/vCB_Bulletin/stockid/002373/page_type/ndbg.phtml,,,,,,
"""601b9837031af7a1feeab695""",一带一路（19年之前）,年度报告,2014,重药控股：2014年年度报告（更新后）,000950.SZ,重药控股,电力、热力、燃气及水的生产和供应业,批发业,重庆市,地方国资委,http://vip.stock.finance.sina.com.cn/corp/go.php/vCB_Bulletin/stockid/000950/page_type/ndbg.phtml,,,,,,
"""601b9837031af7a1feeab6b5""",一带一路（19年之前）,年度报告,2014,浙富控股：2014年年度报告,002266.SZ,浙富控股,水利、环境和公共设施管理业,生态保护和环境治理业,浙江省,个人,http://vip.stock.finance.sina.com.cn/corp/go.php/vCB_Bulletin/stockid/002266/page_type/ndbg.phtml,,,,,,
"""601b9837031af7a1feeab6b7""",一带一路（19年之前）,年度报告,2014,大连重工：2014年年度报告,002204.SZ,大连重工,制造业,专用设备制造业,辽宁省,地方国资委,http://vip.stock.finance.sina.com.cn/corp/go.php/vCB_Bulletin/stockid/002204/page_type/ndbg.phtml,,,,,,
"""601b9837031af7a1feeab6bd""",一带一路（19年之前）,年度报告,2014,海印股份：2014年年度报告摘要,000861.SZ,海印股份,租赁和商务服务业,商务服务业,广东省,个人,http://vip.stock.finance.sina.com.cn/corp/go.php/vCB_Bulletin/stockid/000861/page_type/ndbg.phtml,,,,,,
"""601b9837031af7a1feeab6c0""",一带一路（19年之前）,年度报告,2014,攀钢钒钛：2014年年度报告,000629.SZ,攀钢钒钛,制造业,有色金属冶炼及压延加工业,四川省,中央国有企业,http://vip.stock.finance.sina.com.cn/corp/go.php/vCB_Bulletin/stockid/000629/page_type/ndbg.phtml,,,,,,
"""601b9837031af7a1feeab6d4""",一带一路（19年之前）,年度报告,2014,云南城投：2014年年度报告,600239.SH,云南城投,房地产业,房地产业,云南省,地方国资委,http://vip.stock.finance.sina.com.cn/corp/go.php/vCB_Bulletin/stockid/600239/page_type/ndbg.phtml,,,,,,
"""601b9837031af7a1feeab6d7""",一带一路（19年之前）,年度报告,2014,--：2014年年度报告,300186.SZ,--,,,,无实际控制人,http://vip.stock.finance.sina.com.cn/corp/go.php/vCB_Bulletin/stockid/300186/page_type/ndbg.phtml,,,,,,
"""601b9837031af7a1feeab6df""",一带一路（19年之前）,年度报告,2014,恒星科技：2014年年度报告,002132.SZ,恒星科技,制造业,金属制品业,河南省,个人,http://vip.stock.finance.sina.com.cn/corp/go.php/vCB_Bulletin/stockid/002132/page_type/ndbg.phtml,,,,,,
"""601b9837031af7a1feeab69b""",一带一路（19年之前）,年度报告,2014,西藏珠峰：2014年年度报告,600338.SH,西藏珠峰,采矿业,有色金属矿采选业,西藏自治区,个人,http://vip.stock.finance.sina.com.cn/corp/go.php/vCB_Bulletin/stockid/600338/page_type/ndbg.phtml,,,,,,
"""601b9837031af7a1feeab689""",一带一路（19年之前）,年度报告,2014,松芝股份：2014年年度报告（更新后）,002454.SZ,松芝股份,制造业,汽车制造业,上海市,个人,http://vip.stock.finance.sina.com.cn/corp/go.php/vCB_Bulletin/stockid/002454/page_type/ndbg.phtml,,,,,,
"""601b9837031af7a1feeab69e""",一带一路（19年之前）,年度报告,2014,ST山水：2014年年度报告,600234.SH,ST山水,制造业,计算机、通信和其他电子设备制造业,山西省,个人,http://vip.stock.finance.sina.com.cn/corp/go.php/vCB_Bulletin/stockid/600234/page_type/ndbg.phtml,,,,,,
"""601b9837031af7a1feeab691""",一带一路（19年之前）,年度报告,2014,光正眼科：2014年年度报告（更新后）,002524.SZ,光正眼科,卫生和社会工作业,卫生,新疆维吾尔自治区,个人,http://vip.stock.finance.sina.com.cn/corp/go.php/vCB_Bulletin/stockid/002524/page_type/ndbg.phtml,,,,,,
"""601b9837031af7a1feeab6ae""",一带一路（19年之前）,年度报告,2014,包钢股份：2014年年度报告,600010.SH,包钢股份,制造业,黑色金属冶炼及压延加工业,内蒙古自治区,地方政府,http://vip.stock.finance.sina.com.cn/corp/go.php/vCB_Bulletin/stockid/600010/page_type/ndbg.phtml,,,,,,
"""601b9837031af7a1feeab6a6""",一带一路（19年之前）,年度报告,2014,西部黄金：2014年年度报告(修订版),601069.SH,西部黄金,采矿业,有色金属矿采选业,新疆维吾尔自治区,地方政府,http://vip.stock.finance.sina.com.cn/corp/go.php/vCB_Bulletin/stockid/601069/page_type/ndbg.phtml,,,,,,
"""601b9837031af7a1feeab6cc""",一带一路（19年之前）,年度报告,2014,老凤祥：2014年年度报告,600612.SH,老凤祥,制造业,其他制造业,上海市,地方国资委,http://vip.stock.finance.sina.com.cn/corp/go.php/vCB_Bulletin/stockid/600612/page_type/ndbg.phtml,,,,,,
"""601b9837031af7a1feeab6ad""",一带一路（19年之前）,年度报告,2014,*ST新亿：2014年年度报告,600145.SH,*ST新亿,制造业,非金属矿物制品业,新疆维吾尔自治区,个人,http://vip.stock.finance.sina.com.cn/corp/go.php/vCB_Bulletin/stockid/600145/page_type/ndbg.phtml,,,,,,
"""601b9837031af7a1feeab6e6""",一带一路（19年之前）,年度报告,2014,金螳螂：2014年年度报告,002081.SZ,金螳螂,电力、热力、燃气及水的生产和供应业,建筑装饰和其他建筑业,江苏省,个人,http://vip.stock.finance.sina.com.cn/corp/go.php/vCB_Bulletin/stockid/002081/page_type/ndbg.phtml,,,,,,
"""601b9837031af7a1feeab6e7""",一带一路（19年之前）,年度报告,2014,宝鹰股份：2014年年度报告摘要,002047.SZ,宝鹰股份,电力、热力、燃气及水的生产和供应业,建筑装饰和其他建筑业,广东省,地方国资委,http://vip.stock.finance.sina.com.cn/corp/go.php/vCB_Bulletin/stockid/002047/page_type/ndbg.phtml,,,,,,
"""601b9837031af7a1feeab6b0""",一带一路（19年之前）,年度报告,2014,亚厦股份：2014年年度报告,002375.SZ,亚厦股份,电力、热力、燃气及水的生产和供应业,建筑装饰和其他建筑业,浙江省,个人,http://vip.stock.finance.sina.com.cn/corp/go.php/vCB_Bulletin/stockid/002375/page_type/ndbg.phtml,,,,,,
"""601b9837031af7a1feeab6c9""",一带一路（19年之前）,年度报告,2014,晋亿实业：2014年年度报告,601002.SH,晋亿实业,制造业,通用设备制造业,浙江省,个人,http://vip.stock.finance.sina.com.cn/corp/go.php/vCB_Bulletin/stockid/601002/page_type/ndbg.phtml,,,,,,
"""601b9837031af7a1feeab68e""",一带一路（19年之前）,年度报告,2014,杭齿前进：2014年年度报告(修订版),601177.SH,杭齿前进,制造业,通用设备制造业,浙江省,地方政府,http://vip.stock.finance.sina.com.cn/corp/go.php/vCB_Bulletin/stockid/601177/page_type/ndbg.phtml,,,,,,
"""601b9837031af7a1feeab6a4""",一带一路（19年之前）,年度报告,2014,申万宏源：2014年年度报告,000166.SZ,申万宏源,金融业,资本市场服务,新疆维吾尔自治区,中央国有企业,http://vip.stock.finance.sina.com.cn/corp/go.php/vCB_Bulletin/stockid/000166/page_type/ndbg.phtml,,,,,,
"""601b9837031af7a1feeab6ba""",一带一路（19年之前）,年度报告,2014,威海广泰：2014年年度报告,002111.SZ,威海广泰,制造业,专用设备制造业,山东省,个人,http://vip.stock.finance.sina.com.cn/corp/go.php/vCB_Bulletin/stockid/002111/page_type/ndbg.phtml,,,,,,
"""601b9837031af7a1feeab6bc""",一带一路（19年之前）,年度报告,2014,山河智能：2014年年度报告（已取消）,002097.SZ,山河智能,制造业,专用设备制造业,湖南省,地方政府,http://vip.stock.finance.sina.com.cn/corp/go.php/vCB_Bulletin/stockid/002097/page_type/ndbg.phtml,,,,,,
"""601b9837031af7a1feeab6c7""",一带一路（19年之前）,年度报告,2014,北京银行：2014年年度报告,601169.SH,北京银行,金融业,货币金融服务,北京市,无实际控制人,http://vip.stock.finance.sina.com.cn/corp/go.php/vCB_Bulletin/stockid/601169/page_type/ndbg.phtml,,,,,,
"""601b9837031af7a1feeab6a7""",一带一路（19年之前）,年度报告,2014,大秦铁路：2014年年度报告,601006.SH,大秦铁路,交通运输、仓储和邮政业,铁路运输业,山西省,中央国有企业,http://vip.stock.finance.sina.com.cn/corp/go.php/vCB_Bulletin/stockid/601006/page_type/ndbg.phtml,,,,,,
"""601b9837031af7a1feeab6b1""",一带一路（19年之前）,年度报告,2014,顺丰控股：2014年年度报告,002352.SZ,顺丰控股,交通运输、仓储和邮政业,邮政业,广东省,个人,http://vip.stock.finance.sina.com.cn/corp/go.php/vCB_Bulletin/stockid/002352/page_type/ndbg.phtml,,,,,,
"""601b9837031af7a1feeab6de""",一带一路（19年之前）,年度报告,2014,洪涛股份：2014年年度报告,002325.SZ,洪涛股份,电力、热力、燃气及水的生产和供应业,建筑装饰和其他建筑业,广东省,个人,http://vip.stock.finance.sina.com.cn/corp/go.php/vCB_Bulletin/stockid/002325/page_type/ndbg.phtml,,,,,,
"""601b9837031af7a1feeab6ca""",一带一路（19年之前）,年度报告,2014,爱旭股份：2014年年度报告,600732.SH,爱旭股份,制造业,电气机械及器材制造业,上海市,个人,http://vip.stock.finance.sina.com.cn/corp/go.php/vCB_Bulletin/stockid/600732/page_type/ndbg.phtml,,,,,,
"""601b9837031af7a1feeab6c6""",一带一路（19年之前）,年度报告,2014,九华旅游：2014年年度报告摘要,603199.SH,九华旅游,水利、环境和公共设施管理业,公共设施管理业,安徽省,地方国资委,http://vip.stock.finance.sina.com.cn/corp/go.php/vCB_Bulletin/stockid/603199/page_type/ndbg.phtml,,,,,,
"""601b9837031af7a1feeab6d8""",一带一路（19年之前）,年度报告,2014,西部证券：2014年年度报告,002673.SZ,西部证券,金融业,资本市场服务,陕西省,地方国资委,http://vip.stock.finance.sina.com.cn/corp/go.php/vCB_Bulletin/stockid/002673/page_type/ndbg.phtml,,,,,,
"""601b9837031af7a1feeab6d5""",一带一路（19年之前）,年度报告,2014,锦州港：2014年年度报告,600190.SH,锦州港,交通运输、仓储和邮政业,水上运输业,辽宁省,无实际控制人,http://vip.stock.finance.sina.com.cn/corp/go.php/vCB_Bulletin/stockid/600190/page_type/ndbg.phtml,,,,,,
"""601b9837031af7a1feeab69a""",一带一路（19年之前）,年度报告,2014,ST安泰：2014年年度报告,600408.SH,ST安泰,制造业,黑色金属冶炼及压延加工业,山西省,个人,http://vip.stock.finance.sina.com.cn/corp/go.php/vCB_Bulletin/stockid/600408/page_type/ndbg.phtml,,,,,,
"""601b9837031af7a1feeab6bf""",一带一路（19年之前）,年度报告,2014,铜陵有色：2014年年度报告,000630.SZ,铜陵有色,制造业,有色金属冶炼及压延加工业,安徽省,地方国资委,http://vip.stock.finance.sina.com.cn/corp/go.php/vCB_Bulletin/stockid/000630/page_type/ndbg.phtml,,,,,,
"""601b9837031af7a1feeab6c3""",一带一路（19年之前）,年度报告,2014,尚纬股份：2014年年度报告,603333.SH,尚纬股份,制造业,电气机械及器材制造业,四川省,个人,http://vip.stock.finance.sina.com.cn/corp/go.php/vCB_Bulletin/stockid/603333/page_type/ndbg.phtml,,,,,,
"""601b9837031af7a1feeab6d0""",一带一路（19年之前）,年度报告,2014,鹏欣资源：2014年年度报告,600490.SH,鹏欣资源,制造业,有色金属冶炼及压延加工业,上海市,个人,http://vip.stock.finance.sina.com.cn/corp/go.php/vCB_Bulletin/stockid/600490/page_type/ndbg.phtml,,,,,,
"""601b9837031af7a1feeab6dc""",一带一路（19年之前）,年度报告,2014,国创高新：2014年年度报告（已取消）,002377.SZ,国创高新,房地产业,房地产业,湖北省,个人,http://vip.stock.finance.sina.com.cn/corp/go.php/vCB_Bulletin/stockid/002377/page_type/ndbg.phtml,,,,,,
"""601b9837031af7a1feeab6a2""",一带一路（19年之前）,年度报告,2014,国联水产：2014年年度报告,300094.SZ,国联水产,农、林、牧、渔业,渔业,广东省,个人,http://vip.stock.finance.sina.com.cn/corp/go.php/vCB_Bulletin/stockid/300094/page_type/ndbg.phtml,,,,,,
"""601b9837031af7a1feeab6db""",一带一路（19年之前）,年度报告,2014,合众思壮：2014年年度报告,002383.SZ,合众思壮,制造业,计算机、通信和其他电子设备制造业,北京市,地方政府,http://vip.stock.finance.sina.com.cn/corp/go.php/vCB_Bulletin/stockid/002383/page_type/ndbg.phtml,,,,,,
"""601b9837031af7a1feeab6a1""",一带一路（19年之前）,年度报告,2014,中船科技：2014年年度报告,600072.SH,中船科技,电力、热力、燃气及水的生产和供应业,土木工程建筑业,上海市,国资委,http://vip.stock.finance.sina.com.cn/corp/go.php/vCB_Bulletin/stockid/600072/page_type/ndbg.phtml,,,,,,
"""601b9837031af7a1feeab6e0""",一带一路（19年之前）,年度报告,2014,*ST科陆：2014年年度报告,002121.SZ,*ST科陆,制造业,仪器仪表制造业,广东省,个人,http://vip.stock.finance.sina.com.cn/corp/go.php/vCB_Bulletin/stockid/002121/page_type/ndbg.phtml,,,,,,
"""601b9838031af7a1feeab704""",一带一路（19年之前）,年度报告,2014,捷成股份：2014年年度报告摘要,300182.SZ,捷成股份,文化、体育和娱乐业,广播、电视、电影和影视录音制作业,北京市,个人,http://vip.stock.finance.sina.com.cn/corp/go.php/vCB_Bulletin/stockid/300182/page_type/ndbg.phtml,,,,,,
"""601b9838031af7a1feeab6ef""",一带一路（19年之前）,年度报告,2014,G武钢：2014年年度报告,600005.SH,G武钢,,,,无实际控制人,http://vip.stock.finance.sina.com.cn/corp/go.php/vCB_Bulletin/stockid/600005/page_type/ndbg.phtml,,,,,,
"""601b9838031af7a1feeab6f5""",一带一路（19年之前）,年度报告,2014,东材科技：2014年年度报告摘要,601208.SH,东材科技,制造业,化学原料及化学制品制造业,四川省,个人,http://vip.stock.finance.sina.com.cn/corp/go.php/vCB_Bulletin/stockid/601208/page_type/ndbg.phtml,,,,,,
"""601b9838031af7a1feeab700""",一带一路（19年之前）,年度报告,2014,中铁装配：2014年年度报告摘要,300374.SZ,中铁装配,制造业,非金属矿物制品业,北京市,国资委,http://vip.stock.finance.sina.com.cn/corp/go.php/vCB_Bulletin/stockid/300374/page_type/ndbg.phtml,,,,,,
"""601b9838031af7a1feeab6ea""",一带一路（19年之前）,年度报告,2014,云铝股份：2014年年度报告,000807.SZ,云铝股份,制造业,有色金属冶炼及压延加工业,云南省,国资委,http://vip.stock.finance.sina.com.cn/corp/go.php/vCB_Bulletin/stockid/000807/page_type/ndbg.phtml,,,,,,
"""601b9838031af7a1feeab72d""",一带一路（19年之前）,年度报告,2014,特发信息：2014年年度报告摘要,000070.SZ,特发信息,制造业,电气机械及器材制造业,广东省,地方国资委,http://vip.stock.finance.sina.com.cn/corp/go.php/vCB_Bulletin/stockid/000070/page_type/ndbg.phtml,,,,,,
"""601b9838031af7a1feeab730""",一带一路（19年之前）,年度报告,2014,中天科技：2014年年度报告,600522.SH,中天科技,制造业,电气机械及器材制造业,江苏省,个人,http://vip.stock.finance.sina.com.cn/corp/go.php/vCB_Bulletin/stockid/600522/page_type/ndbg.phtml,,,,,,
"""601b9838031af7a1feeab735""",一带一路（19年之前）,年度报告,2014,四川路桥：2014年年度报告摘要,600039.SH,四川路桥,电力、热力、燃气及水的生产和供应业,土木工程建筑业,四川省,地方国资委,http://vip.stock.finance.sina.com.cn/corp/go.php/vCB_Bulletin/stockid/600039/page_type/ndbg.phtml,,,,,,
"""601b9838031af7a1feeab74a""",一带一路（19年之前）,年度报告,2014,驰宏锌锗：2014年年度报告摘要,600497.SH,驰宏锌锗,采矿业,有色金属矿采选业,云南省,国资委,http://vip.stock.finance.sina.com.cn/corp/go.php/vCB_Bulletin/stockid/600497/page_type/ndbg.phtml,,,,,,
"""601b9838031af7a1feeab6f6""",一带一路（19年之前）,年度报告,2014,智慧能源：2014年年度报告,600869.SH,智慧能源,制造业,电气机械及器材制造业,青海省,个人,http://vip.stock.finance.sina.com.cn/corp/go.php/vCB_Bulletin/stockid/600869/page_type/ndbg.phtml,,,,,,
"""601b9838031af7a1feeab6f8""",一带一路（19年之前）,年度报告,2014,*ST厦工：2014年年度报告,600815.SH,*ST厦工,制造业,专用设备制造业,福建省,地方国资委,http://vip.stock.finance.sina.com.cn/corp/go.php/vCB_Bulletin/stockid/600815/page_type/ndbg.phtml,,,,,,
"""601b9838031af7a1feeab701""",一带一路（19年之前）,年度报告,2014,海达股份：2014年年度报告,300320.SZ,海达股份,制造业,橡胶和塑料制品业,江苏省,个人,http://vip.stock.finance.sina.com.cn/corp/go.php/vCB_Bulletin/stockid/300320/page_type/ndbg.phtml,,,,,,
"""601b9838031af7a1feeab73e""",一带一路（19年之前）,年度报告,2014,沙钢股份：2014年年度报告,002075.SZ,沙钢股份,制造业,黑色金属冶炼及压延加工业,江苏省,个人,http://vip.stock.finance.sina.com.cn/corp/go.php/vCB_Bulletin/stockid/002075/page_type/ndbg.phtml,,,,,,
"""601b9838031af7a1feeab73f""",一带一路（19年之前）,年度报告,2014,云内动力：2014年年度报告,000903.SZ,云内动力,制造业,通用设备制造业,云南省,地方国资委,http://vip.stock.finance.sina.com.cn/corp/go.php/vCB_Bulletin/stockid/000903/page_type/ndbg.phtml,,,,,,
"""601b9838031af7a1feeab741""",一带一路（19年之前）,年度报告,2014,中国建筑：2014年年度报告,601668.SH,中国建筑,电力、热力、燃气及水的生产和供应业,土木工程建筑业,北京市,国资委,http://vip.stock.finance.sina.com.cn/corp/go.php/vCB_Bulletin/stockid/601668/page_type/ndbg.phtml,,,,,,
"""601b9838031af7a1feeab743""",一带一路（19年之前）,年度报告,2014,博威合金：2014年年度报告,601137.SH,博威合金,制造业,有色金属冶炼及压延加工业,浙江省,个人,http://vip.stock.finance.sina.com.cn/corp/go.php/vCB_Bulletin/stockid/601137/page_type/ndbg.phtml,,,,,,
"""601b9838031af7a1feeab6f3""",一带一路（19年之前）,年度报告,2014,高能环境：2014年年度报告,603588.SH,高能环境,水利、环境和公共设施管理业,生态保护和环境治理业,北京市,个人,http://vip.stock.finance.sina.com.cn/corp/go.php/vCB_Bulletin/stockid/603588/page_type/ndbg.phtml,,,,,,
"""601b9838031af7a1feeab72f""",一带一路（19年之前）,年度报告,2014,卧龙电驱：2014年年度报告,600580.SH,卧龙电驱,制造业,电气机械及器材制造业,浙江省,个人,http://vip.stock.finance.sina.com.cn/corp/go.php/vCB_Bulletin/stockid/600580/page_type/ndbg.phtml,,,,,,
"""601b9838031af7a1feeab739""",一带一路（19年之前）,年度报告,2014,ST罗普：2014年年度报告,002333.SZ,ST罗普,制造业,有色金属冶炼及压延加工业,江苏省,个人,http://vip.stock.finance.sina.com.cn/corp/go.php/vCB_Bulletin/stockid/002333/page_type/ndbg.phtml,,,,,,
"""601b9838031af7a1feeab712""",一带一路（19年之前）,年度报告,2014,厦门空港：2014年年度报告摘要,600897.SH,厦门空港,交通运输、仓储和邮政业,航空运输业,福建省,地方国资委,http://vip.stock.finance.sina.com.cn/corp/go.php/vCB_Bulletin/stockid/600897/page_type/ndbg.phtml,,,,,,
"""601b9838031af7a1feeab71f""",一带一路（19年之前）,年度报告,2014,诺力股份：2014年年度报告(修订版),603611.SH,诺力股份,制造业,通用设备制造业,浙江省,个人,http://vip.stock.finance.sina.com.cn/corp/go.php/vCB_Bulletin/stockid/603611/page_type/ndbg.phtml,,,,,,
"""601b9838031af7a1feeab720""",一带一路（19年之前）,年度报告,2014,浙大网新：2014年年度报告,600797.SH,浙大网新,信息传输、软件和信息技术服务业,软件和信息技术服务业,浙江省,无实际控制人,http://vip.stock.finance.sina.com.cn/corp/go.php/vCB_Bulletin/stockid/600797/page_type/ndbg.phtml,,,,,,
"""601b9838031af7a1feeab728""",一带一路（19年之前）,年度报告,2014,中广核技：2014年年度报告,000881.SZ,中广核技,制造业,化学原料及化学制品制造业,辽宁省,中央国有企业,http://vip.stock.finance.sina.com.cn/corp/go.php/vCB_Bulletin/stockid/000881/page_type/ndbg.phtml,,,,,,
"""601b9838031af7a1feeab73a""",一带一路（19年之前）,年度报告,2014,中利集团：2014年年度报告,002309.SZ,中利集团,制造业,电气机械及器材制造业,江苏省,个人,http://vip.stock.finance.sina.com.cn/corp/go.php/vCB_Bulletin/stockid/002309/page_type/ndbg.phtml,,,,,,
"""601b9838031af7a1feeab708""",一带一路（19年之前）,年度报告,2014,*ST大港：2014年年度报告,002077.SZ,*ST大港,房地产业,房地产业,江苏省,地方国资委,http://vip.stock.finance.sina.com.cn/corp/go.php/vCB_Bulletin/stockid/002077/page_type/ndbg.phtml,,,,,,
"""601b9838031af7a1feeab70d""",一带一路（19年之前）,年度报告,2014,中国电建：2014年年度报告,601669.SH,中国电建,电力、热力、燃气及水的生产和供应业,土木工程建筑业,北京市,国资委,http://vip.stock.finance.sina.com.cn/corp/go.php/vCB_Bulletin/stockid/601669/page_type/ndbg.phtml,,,,,,
"""601b9838031af7a1feeab717""",一带一路（19年之前）,年度报告,2014,海洋王：2014年年度报告,002724.SZ,海洋王,制造业,电气机械及器材制造业,广东省,个人,http://vip.stock.finance.sina.com.cn/corp/go.php/vCB_Bulletin/stockid/002724/page_type/ndbg.phtml,,,,,,
"""601b9838031af7a1feeab722""",一带一路（19年之前）,年度报告,2014,ST百花：2014年年度报告摘要,600721.SH,ST百花,科学研究和技术服务业,研究和试验发展,新疆维吾尔自治区,个人,http://vip.stock.finance.sina.com.cn/corp/go.php/vCB_Bulletin/stockid/600721/page_type/ndbg.phtml,,,,,,
"""601b9838031af7a1feeab724""",一带一路（19年之前）,年度报告,2014,通裕重工：2014年年度报告（更新后）,300185.SZ,通裕重工,制造业,通用设备制造业,山东省,地方国资委,http://vip.stock.finance.sina.com.cn/corp/go.php/vCB_Bulletin/stockid/300185/page_type/ndbg.phtml,,,,,,
"""601b9838031af7a1feeab740""",一带一路（19年之前）,年度报告,2014,蓝科高新：2014年年度报告,601798.SH,蓝科高新,制造业,专用设备制造业,甘肃省,国资委,http://vip.stock.finance.sina.com.cn/corp/go.php/vCB_Bulletin/stockid/601798/page_type/ndbg.phtml,,,,,,
"""601b9838031af7a1feeab6ed""",一带一路（19年之前）,年度报告,2014,格力电器：2014年年度报告,000651.SZ,格力电器,制造业,电气机械及器材制造业,广东省,无实际控制人,http://vip.stock.finance.sina.com.cn/corp/go.php/vCB_Bulletin/stockid/000651/page_type/ndbg.phtml,,,,,,
"""601b9838031af7a1feeab6f1""",一带一路（19年之前）,年度报告,2014,精艺股份：2014年年度报告,002295.SZ,精艺股份,制造业,有色金属冶炼及压延加工业,广东省,个人,http://vip.stock.finance.sina.com.cn/corp/go.php/vCB_Bulletin/stockid/002295/page_type/ndbg.phtml,,,,,,
"""601b9838031af7a1feeab6ec""",一带一路（19年之前）,年度报告,2014,河钢股份：2014年年度报告,000709.SZ,河钢股份,制造业,黑色金属冶炼及压延加工业,河北省,地方国资委,http://vip.stock.finance.sina.com.cn/corp/go.php/vCB_Bulletin/stockid/000709/page_type/ndbg.phtml,,,,,,
"""601b9838031af7a1feeab709""",一带一路（19年之前）,年度报告,2014,*ST中绒：2014年年度报告,000982.SZ,*ST中绒,制造业,纺织业,宁夏回族自治区,无实际控制人,http://vip.stock.finance.sina.com.cn/corp/go.php/vCB_Bulletin/stockid/000982/page_type/ndbg.phtml,,,,,,
"""601b9838031af7a1feeab6fa""",一带一路（19年之前）,年度报告,2014,汉商集团：2014年年度报告,600774.SH,汉商集团,电力、热力、燃气及水的生产和供应业,零售业,湖北省,个人,http://vip.stock.finance.sina.com.cn/corp/go.php/vCB_Bulletin/stockid/600774/page_type/ndbg.phtml,,,,,,
"""601b9838031af7a1feeab71d""",一带一路（19年之前）,年度报告,2014,贵州轮胎：2014年年度报告,000589.SZ,贵州轮胎,制造业,橡胶和塑料制品业,贵州省,地方国资委,http://vip.stock.finance.sina.com.cn/corp/go.php/vCB_Bulletin/stockid/000589/page_type/ndbg.phtml,,,,,,
"""601b9838031af7a1feeab737""",一带一路（19年之前）,年度报告,2014,天沃科技：2014年年度报告,002564.SZ,天沃科技,电力、热力、燃气及水的生产和供应业,土木工程建筑业,江苏省,地方国资委,http://vip.stock.finance.sina.com.cn/corp/go.php/vCB_Bulletin/stockid/002564/page_type/ndbg.phtml,,,,,,
"""601b9838031af7a1feeab702""",一带一路（19年之前）,年度报告,2014,富瑞特装：2014年年度报告,300228.SZ,富瑞特装,制造业,专用设备制造业,江苏省,无实际控制人,http://vip.stock.finance.sina.com.cn/corp/go.php/vCB_Bulletin/stockid/300228/page_type/ndbg.phtml,,,,,,
"""601b9838031af7a1feeab70b""",一带一路（19年之前）,年度报告,2014,山推股份：2014年年度报告,000680.SZ,山推股份,制造业,专用设备制造业,山东省,地方国资委,http://vip.stock.finance.sina.com.cn/corp/go.php/vCB_Bulletin/stockid/000680/page_type/ndbg.phtml,,,,,,
"""601b9838031af7a1feeab6fc""",一带一路（19年之前）,年度报告,2014,龙溪股份：2014年年度报告,600592.SH,龙溪股份,制造业,通用设备制造业,福建省,地方国资委,http://vip.stock.finance.sina.com.cn/corp/go.php/vCB_Bulletin/stockid/600592/page_type/ndbg.phtml,,,,,,
"""601b9838031af7a1feeab748""",一带一路（19年之前）,年度报告,2014,尖峰集团：2014年年度报告摘要,600668.SH,尖峰集团,制造业,非金属矿物制品业,浙江省,地方国资委,http://vip.stock.finance.sina.com.cn/corp/go.php/vCB_Bulletin/stockid/600668/page_type/ndbg.phtml,,,,,,
"""601b9838031af7a1feeab6e9""",一带一路（19年之前）,年度报告,2014,保利联合：2014年年度报告,002037.SZ,保利联合,制造业,化学原料及化学制品制造业,贵州省,国资委,http://vip.stock.finance.sina.com.cn/corp/go.php/vCB_Bulletin/stockid/002037/page_type/ndbg.phtml,,,,,,
"""601b9838031af7a1feeab6fd""",一带一路（19年之前）,年度报告,2014,科达制造：2014年年度报告,600499.SH,科达制造,制造业,专用设备制造业,广东省,无实际控制人,http://vip.stock.finance.sina.com.cn/corp/go.php/vCB_Bulletin/stockid/600499/page_type/ndbg.phtml,,,,,,
"""601b9838031af7a1feeab70a""",一带一路（19年之前）,年度报告,2014,河钢资源：2014年年度报告,000923.SZ,河钢资源,采矿业,黑色金属矿采选业,河北省,地方国资委,http://vip.stock.finance.sina.com.cn/corp/go.php/vCB_Bulletin/stockid/000923/page_type/ndbg.phtml,,,,,,
"""601b9838031af7a1feeab6ee""",一带一路（19年之前）,年度报告,2014,山东路桥：2014年年度报告,000498.SZ,山东路桥,电力、热力、燃气及水的生产和供应业,土木工程建筑业,山东省,地方国资委,http://vip.stock.finance.sina.com.cn/corp/go.php/vCB_Bulletin/stockid/000498/page_type/ndbg.phtml,,,,,,
"""601b9838031af7a1feeab70f""",一带一路（19年之前）,年度报告,2014,连云港：2014年年度报告摘要,601008.SH,连云港,交通运输、仓储和邮政业,水上运输业,江苏省,地方国资委,http://vip.stock.finance.sina.com.cn/corp/go.php/vCB_Bulletin/stockid/601008/page_type/ndbg.phtml,,,,,,
"""601b9838031af7a1feeab714""",一带一路（19年之前）,年度报告,2014,厦门国贸：2014年年度报告摘要,600755.SH,厦门国贸,电力、热力、燃气及水的生产和供应业,批发业,福建省,地方国资委,http://vip.stock.finance.sina.com.cn/corp/go.php/vCB_Bulletin/stockid/600755/page_type/ndbg.phtml,,,,,,
"""601b9838031af7a1feeab71b""",一带一路（19年之前）,年度报告,2014,西部材料：2014年年度报告,002149.SZ,西部材料,制造业,有色金属冶炼及压延加工业,陕西省,地方政府,http://vip.stock.finance.sina.com.cn/corp/go.php/vCB_Bulletin/stockid/002149/page_type/ndbg.phtml,,,,,,
"""601b9838031af7a1feeab732""",一带一路（19年之前）,年度报告,2014,营口港：2014年年度报告摘要,600317.SH,营口港,交通运输、仓储和邮政业,水上运输业,辽宁省,地方政府,http://vip.stock.finance.sina.com.cn/corp/go.php/vCB_Bulletin/stockid/600317/page_type/ndbg.phtml,,,,,,
"""601b9838031af7a1feeab738""",一带一路（19年之前）,年度报告,2014,杰赛科技：2014年年度报告,002544.SZ,杰赛科技,信息传输、软件和信息技术服务业,软件和信息技术服务业,广东省,中央国有企业,http://vip.stock.finance.sina.com.cn/corp/go.php/vCB_Bulletin/stockid/002544/page_type/ndbg.phtml,,,,,,
"""601b9838031af7a1feeab745""",一带一路（19年之前）,年度报告,2014,海航科技：2014年年度报告,600751.SH,海航科技,电力、热力、燃气及水的生产和供应业,批发业,天津市,其他,http://vip.stock.finance.sina.com.cn/corp/go.php/vCB_Bulletin/stockid/600751/page_type/ndbg.phtml,,,,,,
"""601b9838031af7a1feeab715""",一带一路（19年之前）,年度报告,2014,金龙汽车：2014年年度报告,600686.SH,金龙汽车,制造业,汽车制造业,福建省,地方国资委,http://vip.stock.finance.sina.com.cn/corp/go.php/vCB_Bulletin/stockid/600686/page_type/ndbg.phtml,,,,,,
"""601b9838031af7a1feeab718""",一带一路（19年之前）,年度报告,2014,博实股份：2014年年度报告,002698.SZ,博实股份,制造业,专用设备制造业,黑龙江省,个人,http://vip.stock.finance.sina.com.cn/corp/go.php/vCB_Bulletin/stockid/002698/page_type/ndbg.phtml,,,,,,
"""601b9838031af7a1feeab74c""",一带一路（19年之前）,年度报告,2014,杭萧钢构：2014年年度报告摘要,600477.SH,杭萧钢构,制造业,金属制品业,浙江省,个人,http://vip.stock.finance.sina.com.cn/corp/go.php/vCB_Bulletin/stockid/600477/page_type/ndbg.phtml,,,,,,
"""601b9838031af7a1feeab716""",一带一路（19年之前）,年度报告,2014,潜能恒信：2014年年度报告,300191.SZ,潜能恒信,采矿业,开采辅助活动,北京市,个人,http://vip.stock.finance.sina.com.cn/corp/go.php/vCB_Bulletin/stockid/300191/page_type/ndbg.phtml,,,,,,
"""601b9838031af7a1feeab707""",一带一路（19年之前）,年度报告,2014,国脉科技：2014年年度报告,002093.SZ,国脉科技,信息传输、软件和信息技术服务业,软件和信息技术服务业,福建省,个人,http://vip.stock.finance.sina.com.cn/corp/go.php/vCB_Bulletin/stockid/002093/page_type/ndbg.phtml,,,,,,
"""601b9838031af7a1feeab72b""",一带一路（19年之前）,年度报告,2014,威孚高科：2014年年度报告,000581.SZ,威孚高科,制造业,汽车制造业,江苏省,地方国资委,http://vip.stock.finance.sina.com.cn/corp/go.php/vCB_Bulletin/stockid/000581/page_type/ndbg.phtml,,,,,,
"""601b9838031af7a1feeab73c""",一带一路（19年之前）,年度报告,2014,辉煌科技：2014年年度报告,002296.SZ,辉煌科技,制造业,计算机、通信和其他电子设备制造业,河南省,无实际控制人,http://vip.stock.finance.sina.com.cn/corp/go.php/vCB_Bulletin/stockid/002296/page_type/ndbg.phtml,,,,,,
"""601b9838031af7a1feeab749""",一带一路（19年之前）,年度报告,2014,贵州茅台：2014年年度报告,600519.SH,贵州茅台,制造业,酒、饮料和精制茶制造业,贵州省,地方国资委,http://vip.stock.finance.sina.com.cn/corp/go.php/vCB_Bulletin/stockid/600519/page_type/ndbg.phtml,,,,,,
"""601b9838031af7a1feeab705""",一带一路（19年之前）,年度报告,2014,新时达：2014年年度报告（更新后）,002527.SZ,新时达,制造业,电气机械及器材制造业,上海市,个人,http://vip.stock.finance.sina.com.cn/corp/go.php/vCB_Bulletin/stockid/002527/page_type/ndbg.phtml,,,,,,
"""601b9838031af7a1feeab71c""",一带一路（19年之前）,年度报告,2014,*ST银河：2014年年度报告,000806.SZ,*ST银河,制造业,电气机械及器材制造业,广西壮族自治区,个人,http://vip.stock.finance.sina.com.cn/corp/go.php/vCB_Bulletin/stockid/000806/page_type/ndbg.phtml,,,,,,
"""601b9838031af7a1feeab725""",一带一路（19年之前）,年度报告,2014,荃银高科：2014年年度报告（更新后）,300087.SZ,荃银高科,农、林、牧、渔业,农业,安徽省,无实际控制人,http://vip.stock.finance.sina.com.cn/corp/go.php/vCB_Bulletin/stockid/300087/page_type/ndbg.phtml,,,,,,
"""601b9838031af7a1feeab727""",一带一路（19年之前）,年度报告,2014,红宝丽：2014年年度报告,002165.SZ,红宝丽,制造业,化学原料及化学制品制造业,江苏省,个人,http://vip.stock.finance.sina.com.cn/corp/go.php/vCB_Bulletin/stockid/002165/page_type/ndbg.phtml,,,,,,
"""601b9838031af7a1feeab72a""",一带一路（19年之前）,年度报告,2014,锌业股份：2014年年度报告,000751.SZ,锌业股份,制造业,有色金属冶炼及压延加工业,辽宁省,个人,http://vip.stock.finance.sina.com.cn/corp/go.php/vCB_Bulletin/stockid/000751/page_type/ndbg.phtml,,,,,,
"""601b9839031af7a1feeab76d""",一带一路（19年之前）,年度报告,2014,*ST新光：2014年年度报告,002147.SZ,*ST新光,房地产业,房地产业,安徽省,个人,http://vip.stock.finance.sina.com.cn/corp/go.php/vCB_Bulletin/stockid/002147/page_type/ndbg.phtml,,,,,,
"""601b9839031af7a1feeab75c""",一带一路（19年之前）,年度报告,2014,TCL科技：2014年年度报告（更新后）,000100.SZ,TCL科技,制造业,计算机、通信和其他电子设备制造业,广东省,无实际控制人,http://vip.stock.finance.sina.com.cn/corp/go.php/vCB_Bulletin/stockid/000100/page_type/ndbg.phtml,,,,,,
"""601b9839031af7a1feeab750""",一带一路（19年之前）,年度报告,2014,三一重工：2014年年度报告,600031.SH,三一重工,制造业,专用设备制造业,北京市,个人,http://vip.stock.finance.sina.com.cn/corp/go.php/vCB_Bulletin/stockid/600031/page_type/ndbg.phtml,,,,,,
"""601b9839031af7a1feeab770""",一带一路（19年之前）,年度报告,2014,南京港：2014年年度报告,002040.SZ,南京港,交通运输、仓储和邮政业,水上运输业,江苏省,地方国资委,http://vip.stock.finance.sina.com.cn/corp/go.php/vCB_Bulletin/stockid/002040/page_type/ndbg.phtml,,,,,,
"""601b9839031af7a1feeab74f""",一带一路（19年之前）,年度报告,2014,金发科技：2014年年度报告摘要,600143.SH,金发科技,制造业,橡胶和塑料制品业,广东省,个人,http://vip.stock.finance.sina.com.cn/corp/go.php/vCB_Bulletin/stockid/600143/page_type/ndbg.phtml,,,,,,
"""601b9839031af7a1feeab777""",一带一路（19年之前）,年度报告,2014,长园集团：2014年年度报告摘要,600525.SH,长园集团,制造业,计算机、通信和其他电子设备制造业,广东省,无实际控制人,http://vip.stock.finance.sina.com.cn/corp/go.php/vCB_Bulletin/stockid/600525/page_type/ndbg.phtml,,,,,,
"""601b9839031af7a1feeab790""",一带一路（19年之前）,年度报告,2014,海南橡胶：2014年年度报告,601118.SH,海南橡胶,农、林、牧、渔业,农业,海南省,地方国资委,http://vip.stock.finance.sina.com.cn/corp/go.php/vCB_Bulletin/stockid/601118/page_type/ndbg.phtml,,,,,,
"""601b9839031af7a1feeab797""",一带一路（19年之前）,年度报告,2014,西藏天路：2014年年度报告(修订版),600326.SH,西藏天路,制造业,非金属矿物制品业,西藏自治区,地方国资委,http://vip.stock.finance.sina.com.cn/corp/go.php/vCB_Bulletin/stockid/600326/page_type/ndbg.phtml,,,,,,
"""601b9839031af7a1feeab79a""",一带一路（19年之前）,年度报告,2014,建发股份：2014年年度报告,600153.SH,建发股份,电力、热力、燃气及水的生产和供应业,批发业,福建省,地方国资委,http://vip.stock.finance.sina.com.cn/corp/go.php/vCB_Bulletin/stockid/600153/page_type/ndbg.phtml,,,,,,
"""601b9839031af7a1feeab7a5""",一带一路（19年之前）,年度报告,2014,特变电工：2014年年度报告摘要,600089.SH,特变电工,制造业,电气机械及器材制造业,新疆维吾尔自治区,个人,http://vip.stock.finance.sina.com.cn/corp/go.php/vCB_Bulletin/stockid/600089/page_type/ndbg.phtml,,,,,,
"""601b9839031af7a1feeab7aa""",一带一路（19年之前）,年度报告,2014,粤水电：2014年年度报告（更新后）,002060.SZ,粤水电,电力、热力、燃气及水的生产和供应业,土木工程建筑业,广东省,地方国资委,http://vip.stock.finance.sina.com.cn/corp/go.php/vCB_Bulletin/stockid/002060/page_type/ndbg.phtml,,,,,,
"""601b9839031af7a1feeab7b0""",一带一路（19年之前）,年度报告,2014,福建高速：2014年年度报告,600033.SH,福建高速,交通运输、仓储和邮政业,道路运输业,福建省,地方国资委,http://vip.stock.finance.sina.com.cn/corp/go.php/vCB_Bulletin/stockid/600033/page_type/ndbg.phtml,,,,,,
"""601b9839031af7a1feeab753""",一带一路（19年之前）,年度报告,2014,华力创通：2014年年度报告,300045.SZ,华力创通,制造业,专用设备制造业,北京市,个人,http://vip.stock.finance.sina.com.cn/corp/go.php/vCB_Bulletin/stockid/300045/page_type/ndbg.phtml,,,,,,
"""601b9839031af7a1feeab75b""",一带一路（19年之前）,年度报告,2014,国际实业：2014年年度报告,000159.SZ,国际实业,电力、热力、燃气及水的生产和供应业,批发业,新疆维吾尔自治区,个人,http://vip.stock.finance.sina.com.cn/corp/go.php/vCB_Bulletin/stockid/000159/page_type/ndbg.phtml,,,,,,
"""601b9839031af7a1feeab76c""",一带一路（19年之前）,年度报告,2014,华昌化工：2014年年度报告,002274.SZ,华昌化工,制造业,化学原料及化学制品制造业,江苏省,无实际控制人,http://vip.stock.finance.sina.com.cn/corp/go.php/vCB_Bulletin/stockid/002274/page_type/ndbg.phtml,,,,,,
"""601b9839031af7a1feeab77a""",一带一路（19年之前）,年度报告,2014,东方铁塔：2014年年度报告,002545.SZ,东方铁塔,制造业,金属制品业,山东省,个人,http://vip.stock.finance.sina.com.cn/corp/go.php/vCB_Bulletin/stockid/002545/page_type/ndbg.phtml,,,,,,
"""601b9839031af7a1feeab785""",一带一路（19年之前）,年度报告,2014,亚星客车：2014年年度报告,600213.SH,亚星客车,制造业,汽车制造业,江苏省,地方国资委,http://vip.stock.finance.sina.com.cn/corp/go.php/vCB_Bulletin/stockid/600213/page_type/ndbg.phtml,,,,,,
"""601b9839031af7a1feeab786""",一带一路（19年之前）,年度报告,2014,冠城大通：2014年年度报告,600067.SH,冠城大通,房地产业,房地产业,福建省,个人,http://vip.stock.finance.sina.com.cn/corp/go.php/vCB_Bulletin/stockid/600067/page_type/ndbg.phtml,,,,,,
"""601b9839031af7a1feeab761""",一带一路（19年之前）,年度报告,2014,精工钢构：2014年年度报告,600496.SH,精工钢构,制造业,金属制品业,安徽省,个人,http://vip.stock.finance.sina.com.cn/corp/go.php/vCB_Bulletin/stockid/600496/page_type/ndbg.phtml,,,,,,
"""601b9839031af7a1feeab768""",一带一路（19年之前）,年度报告,2014,宝利国际：2014年年度报告,300135.SZ,宝利国际,制造业,化学原料及化学制品制造业,江苏省,个人,http://vip.stock.finance.sina.com.cn/corp/go.php/vCB_Bulletin/stockid/300135/page_type/ndbg.phtml,,,,,,
"""601b9839031af7a1feeab7ad""",一带一路（19年之前）,年度报告,2014,青松建化：2014年年度报告摘要,600425.SH,青松建化,制造业,非金属矿物制品业,新疆维吾尔自治区,地方国资委,http://vip.stock.finance.sina.com.cn/corp/go.php/vCB_Bulletin/stockid/600425/page_type/ndbg.phtml,,,,,,
"""601b9839031af7a1feeab778""",一带一路（19年之前）,年度报告,2014,平高电气：2014年年度报告摘要,600312.SH,平高电气,制造业,电气机械及器材制造业,河南省,国资委,http://vip.stock.finance.sina.com.cn/corp/go.php/vCB_Bulletin/stockid/600312/page_type/ndbg.phtml,,,,,,
"""601b9839031af7a1feeab77c""",一带一路（19年之前）,年度报告,2014,龙马环卫：2014年年度报告,603686.SH,龙马环卫,制造业,专用设备制造业,福建省,个人,http://vip.stock.finance.sina.com.cn/corp/go.php/vCB_Bulletin/stockid/603686/page_type/ndbg.phtml,,,,,,
"""601b9839031af7a1feeab782""",一带一路（19年之前）,年度报告,2014,广汇能源：2014年年度报告摘要（修订版）,600256.SH,广汇能源,采矿业,石油和天然气开采业,新疆维吾尔自治区,个人,http://vip.stock.finance.sina.com.cn/corp/go.php/vCB_Bulletin/stockid/600256/page_type/ndbg.phtml,,,,,,
"""601b9839031af7a1feeab78c""",一带一路（19年之前）,年度报告,2014,海兰信：2014年年度报告,300065.SZ,海兰信,制造业,计算机、通信和其他电子设备制造业,北京市,个人,http://vip.stock.finance.sina.com.cn/corp/go.php/vCB_Bulletin/stockid/300065/page_type/ndbg.phtml,,,,,,
"""601b9839031af7a1feeab755""",一带一路（19年之前）,年度报告,2014,*ST围海：2014年年度报告摘要,002586.SZ,*ST围海,电力、热力、燃气及水的生产和供应业,土木工程建筑业,浙江省,个人,http://vip.stock.finance.sina.com.cn/corp/go.php/vCB_Bulletin/stockid/002586/page_type/ndbg.phtml,,,,,,
"""601b9839031af7a1feeab774""",一带一路（19年之前）,年度报告,2014,中国化学：2014年年度报告摘要,601117.SH,中国化学,电力、热力、燃气及水的生产和供应业,土木工程建筑业,北京市,国资委,http://vip.stock.finance.sina.com.cn/corp/go.php/vCB_Bulletin/stockid/601117/page_type/ndbg.phtml,,,,,,
"""601b9839031af7a1feeab7a7""",一带一路（19年之前）,年度报告,2014,凯发电气：2014年年度报告,300407.SZ,凯发电气,制造业,电气机械及器材制造业,天津市,个人,http://vip.stock.finance.sina.com.cn/corp/go.php/vCB_Bulletin/stockid/300407/page_type/ndbg.phtml,,,,,,
"""601b9839031af7a1feeab781""",一带一路（19年之前）,年度报告,2014,南宁百货：2014年年度报告,600712.SH,南宁百货,电力、热力、燃气及水的生产和供应业,零售业,广西壮族自治区,地方国资委,http://vip.stock.finance.sina.com.cn/corp/go.php/vCB_Bulletin/stockid/600712/page_type/ndbg.phtml,,,,,,
"""601b9839031af7a1feeab76b""",一带一路（19年之前）,年度报告,2014,金洲管道：2014年年度报告,002443.SZ,金洲管道,制造业,金属制品业,浙江省,个人,http://vip.stock.finance.sina.com.cn/corp/go.php/vCB_Bulletin/stockid/002443/page_type/ndbg.phtml,,,,,,
"""601b9839031af7a1feeab795""",一带一路（19年之前）,年度报告,2014,亨通光电：2014年年度报告摘要,600487.SH,亨通光电,制造业,电气机械及器材制造业,江苏省,个人,http://vip.stock.finance.sina.com.cn/corp/go.php/vCB_Bulletin/stockid/600487/page_type/ndbg.phtml,,,,,,
"""601b9839031af7a1feeab7a4""",一带一路（19年之前）,年度报告,2014,天津港：2014年年度报告（修订版）,600717.SH,天津港,交通运输、仓储和邮政业,水上运输业,天津市,地方国资委,http://vip.stock.finance.sina.com.cn/corp/go.php/vCB_Bulletin/stockid/600717/page_type/ndbg.phtml,,,,,,
"""601b9839031af7a1feeab752""",一带一路（19年之前）,年度报告,2014,金利华电：2014年年度报告,300069.SZ,金利华电,制造业,电气机械及器材制造业,浙江省,个人,http://vip.stock.finance.sina.com.cn/corp/go.php/vCB_Bulletin/stockid/300069/page_type/ndbg.phtml,,,,,,
"""601b9839031af7a1feeab760""",一带一路（19年之前）,年度报告,2014,合锻智能：2014年年度报告摘要,603011.SH,合锻智能,制造业,通用设备制造业,安徽省,个人,http://vip.stock.finance.sina.com.cn/corp/go.php/vCB_Bulletin/stockid/603011/page_type/ndbg.phtml,,,,,,
"""601b9839031af7a1feeab7a0""",一带一路（19年之前）,年度报告,2014,成都路桥：2014年年度报告,002628.SZ,成都路桥,电力、热力、燃气及水的生产和供应业,土木工程建筑业,四川省,个人,http://vip.stock.finance.sina.com.cn/corp/go.php/vCB_Bulletin/stockid/002628/page_type/ndbg.phtml,,,,,,
"""601b9839031af7a1feeab775""",一带一路（19年之前）,年度报告,2014,百联股份：2014年年度报告,600827.SH,百联股份,电力、热力、燃气及水的生产和供应业,零售业,上海市,地方国资委,http://vip.stock.finance.sina.com.cn/corp/go.php/vCB_Bulletin/stockid/600827/page_type/ndbg.phtml,,,,,,
"""601b9839031af7a1feeab77d""",一带一路（19年之前）,年度报告,2014,鹏博士：2014年年度报告,600804.SH,鹏博士,信息传输、软件和信息技术服务业,互联网和相关服务,四川省,个人,http://vip.stock.finance.sina.com.cn/corp/go.php/vCB_Bulletin/stockid/600804/page_type/ndbg.phtml,,,,,,
"""601b9839031af7a1feeab788""",一带一路（19年之前）,年度报告,2014,瑞丰高材：2014年年度报告,300243.SZ,瑞丰高材,制造业,化学原料及化学制品制造业,山东省,个人,http://vip.stock.finance.sina.com.cn/corp/go.php/vCB_Bulletin/stockid/300243/page_type/ndbg.phtml,,,,,,
"""601b9839031af7a1feeab7a9""",一带一路（19年之前）,年度报告,2014,万里扬：2014年年度报告,002434.SZ,万里扬,制造业,汽车制造业,浙江省,个人,http://vip.stock.finance.sina.com.cn/corp/go.php/vCB_Bulletin/stockid/002434/page_type/ndbg.phtml,,,,,,
"""601b9839031af7a1feeab7ac""",一带一路（19年之前）,年度报告,2014,科力远：2014年年度报告摘要,600478.SH,科力远,制造业,电气机械及器材制造业,湖南省,个人,http://vip.stock.finance.sina.com.cn/corp/go.php/vCB_Bulletin/stockid/600478/page_type/ndbg.phtml,,,,,,
"""601b9839031af7a1feeab7af""",一带一路（19年之前）,年度报告,2014,太原重工：2014年年度报告,600169.SH,太原重工,制造业,专用设备制造业,山西省,地方国资委,http://vip.stock.finance.sina.com.cn/corp/go.php/vCB_Bulletin/stockid/600169/page_type/ndbg.phtml,,,,,,
"""601b9839031af7a1feeab767""",一带一路（19年之前）,年度报告,2014,华鹏飞：2014年年度报告,300350.SZ,华鹏飞,信息传输、软件和信息技术服务业,软件和信息技术服务业,广东省,个人,http://vip.stock.finance.sina.com.cn/corp/go.php/vCB_Bulletin/stockid/300350/page_type/ndbg.phtml,,,,,,
"""601b9839031af7a1feeab754""",一带一路（19年之前）,年度报告,2014,吉峰科技：2014年年度报告,300022.SZ,吉峰科技,电力、热力、燃气及水的生产和供应业,零售业,四川省,个人,http://vip.stock.finance.sina.com.cn/corp/go.php/vCB_Bulletin/stockid/300022/page_type/ndbg.phtml,,,,,,
"""601b9839031af7a1feeab76a""",一带一路（19年之前）,年度报告,2014,中化岩土：2014年年度报告,002542.SZ,中化岩土,电力、热力、燃气及水的生产和供应业,土木工程建筑业,北京市,地方国资委,http://vip.stock.finance.sina.com.cn/corp/go.php/vCB_Bulletin/stockid/002542/page_type/ndbg.phtml,,,,,,
"""601b9839031af7a1feeab78f""",一带一路（19年之前）,年度报告,2014,上峰水泥：2014年年度报告,000672.SZ,上峰水泥,制造业,非金属矿物制品业,甘肃省,个人,http://vip.stock.finance.sina.com.cn/corp/go.php/vCB_Bulletin/stockid/000672/page_type/ndbg.phtml,,,,,,
"""601b9839031af7a1feeab79f""",一带一路（19年之前）,年度报告,2014,科泰电源：2014年年度报告（已取消）,300153.SZ,科泰电源,制造业,电气机械及器材制造业,上海市,个人,http://vip.stock.finance.sina.com.cn/corp/go.php/vCB_Bulletin/stockid/300153/page_type/ndbg.phtml,,,,,,
"""601b9839031af7a1feeab7a2""",一带一路（19年之前）,年度报告,2014,大连电瓷：2014年年度报告（已取消）,002606.SZ,大连电瓷,制造业,电气机械及器材制造业,辽宁省,个人,http://vip.stock.finance.sina.com.cn/corp/go.php/vCB_Bulletin/stockid/002606/page_type/ndbg.phtml,,,,,,
"""601b9839031af7a1feeab7a3""",一带一路（19年之前）,年度报告,2014,万马股份：2014年年度报告,002276.SZ,万马股份,制造业,电气机械及器材制造业,浙江省,个人,http://vip.stock.finance.sina.com.cn/corp/go.php/vCB_Bulletin/stockid/002276/page_type/ndbg.phtml,,,,,,
"""601b9839031af7a1feeab766""",一带一路（19年之前）,年度报告,2014,三峡水利：2014年年度报告,600116.SH,三峡水利,电力、热力、燃气及水的生产和供应业,电力、热力生产和供应业,重庆市,国资委,http://vip.stock.finance.sina.com.cn/corp/go.php/vCB_Bulletin/stockid/600116/page_type/ndbg.phtml,,,,,,
"""601b9839031af7a1feeab771""",一带一路（19年之前）,年度报告,2014,中国武夷：2014年年度报告,000797.SZ,中国武夷,房地产业,房地产业,福建省,地方国资委,http://vip.stock.finance.sina.com.cn/corp/go.php/vCB_Bulletin/stockid/000797/page_type/ndbg.phtml,,,,,,
"""601b9839031af7a1feeab78d""",一带一路（19年之前）,年度报告,2014,广田集团：2014年年度报告摘要,002482.SZ,广田集团,电力、热力、燃气及水的生产和供应业,建筑装饰和其他建筑业,广东省,个人,http://vip.stock.finance.sina.com.cn/corp/go.php/vCB_Bulletin/stockid/002482/page_type/ndbg.phtml,,,,,,
"""601b9839031af7a1feeab763""",一带一路（19年之前）,年度报告,2014,洲际油气：2014年年度报告摘要,600759.SH,洲际油气,采矿业,石油和天然气开采业,海南省,境外,http://vip.stock.finance.sina.com.cn/corp/go.php/vCB_Bulletin/stockid/600759/page_type/ndbg.phtml,,,,,,
"""601b9839031af7a1feeab765""",一带一路（19年之前）,年度报告,2014,ST狮头：2014年年度报告,600539.SH,ST狮头,制造业,非金属矿物制品业,山西省,个人,http://vip.stock.finance.sina.com.cn/corp/go.php/vCB_Bulletin/stockid/600539/page_type/ndbg.phtml,,,,,,
"""601b9839031af7a1feeab769""",一带一路（19年之前）,年度报告,2014,大禹节水：2014年年度报告,300021.SZ,大禹节水,制造业,橡胶和塑料制品业,甘肃省,个人,http://vip.stock.finance.sina.com.cn/corp/go.php/vCB_Bulletin/stockid/300021/page_type/ndbg.phtml,,,,,,
"""601b9839031af7a1feeab79c""",一带一路（19年之前）,年度报告,2014,西宁特钢：2014年年度报告摘要,600117.SH,西宁特钢,制造业,黑色金属冶炼及压延加工业,青海省,地方国资委,http://vip.stock.finance.sina.com.cn/corp/go.php/vCB_Bulletin/stockid/600117/page_type/ndbg.phtml,,,,,,
"""601b9839031af7a1feeab7a8""",一带一路（19年之前）,年度报告,2014,巨人网络：2014年年度报告,002558.SZ,巨人网络,信息传输、软件和信息技术服务业,互联网和相关服务,重庆市,个人,http://vip.stock.finance.sina.com.cn/corp/go.php/vCB_Bulletin/stockid/002558/page_type/ndbg.phtml,,,,,,
"""601b9839031af7a1feeab772""",一带一路（19年之前）,年度报告,2014,盐田港：2014年年度报告,000088.SZ,盐田港,交通运输、仓储和邮政业,道路运输业,广东省,地方国资委,http://vip.stock.finance.sina.com.cn/corp/go.php/vCB_Bulletin/stockid/000088/page_type/ndbg.phtml,,,,,,
"""601b983b031af7a1feeab7be""",一带一路（19年之前）,年度报告,2014,ST康美：2014年年度报告,600518.SH,ST康美,制造业,医药制造业,广东省,个人,http://vip.stock.finance.sina.com.cn/corp/go.php/vCB_Bulletin/stockid/600518/page_type/ndbg.phtml,,,,,,
"""601b983b031af7a1feeab7ba""",一带一路（19年之前）,年度报告,2014,康尼机电：2014年年度报告摘要,603111.SH,康尼机电,制造业,铁路、船舶、航空航天和其它运输设备制造业,江苏省,无实际控制人,http://vip.stock.finance.sina.com.cn/corp/go.php/vCB_Bulletin/stockid/603111/page_type/ndbg.phtml,,,,,,
"""601b983b031af7a1feeab7c7""",一带一路（19年之前）,年度报告,2014,龙建股份：2014年年度报告摘要,600853.SH,龙建股份,电力、热力、燃气及水的生产和供应业,土木工程建筑业,黑龙江省,地方国资委,http://vip.stock.finance.sina.com.cn/corp/go.php/vCB_Bulletin/stockid/600853/page_type/ndbg.phtml,,,,,,
"""601b983b031af7a1feeab7b3""",一带一路（19年之前）,年度报告,2014,众信旅游：2014年年度报告,002707.SZ,众信旅游,租赁和商务服务业,商务服务业,北京市,个人,http://vip.stock.finance.sina.com.cn/corp/go.php/vCB_Bulletin/stockid/002707/page_type/ndbg.phtml,,,,,,
"""601b983b031af7a1feeab7e0""",一带一路（19年之前）,年度报告,2014,涪陵电力：2014年年度报告摘要,600452.SH,涪陵电力,电力、热力、燃气及水的生产和供应业,电力、热力生产和供应业,重庆市,国资委,http://vip.stock.finance.sina.com.cn/corp/go.php/vCB_Bulletin/stockid/600452/page_type/ndbg.phtml,,,,,,
"""601b983b031af7a1feeab7ef""",一带一路（19年之前）,年度报告,2014,航天工程：2014年年度报告摘要,603698.SH,航天工程,科学研究和技术服务业,专业技术服务业,北京市,中央国有企业,http://vip.stock.finance.sina.com.cn/corp/go.php/vCB_Bulletin/stockid/603698/page_type/ndbg.phtml,,,,,,
"""601b983b031af7a1feeab7f2""",一带一路（19年之前）,年度报告,2014,中国交建：2014年年度报告,601800.SH,中国交建,电力、热力、燃气及水的生产和供应业,土木工程建筑业,北京市,国资委,http://vip.stock.finance.sina.com.cn/corp/go.php/vCB_Bulletin/stockid/601800/page_type/ndbg.phtml,,,,,,
"""601b983b031af7a1feeab7cb""",一带一路（19年之前）,年度报告,2014,飞力达：2014年年度报告,300240.SZ,飞力达,交通运输、仓储和邮政业,仓储业,江苏省,个人,http://vip.stock.finance.sina.com.cn/corp/go.php/vCB_Bulletin/stockid/300240/page_type/ndbg.phtml,,,,,,
"""601b983b031af7a1feeab7ec""",一带一路（19年之前）,年度报告,2014,天津普林：2014年年度报告摘要,002134.SZ,天津普林,制造业,计算机、通信和其他电子设备制造业,天津市,地方国资委,http://vip.stock.finance.sina.com.cn/corp/go.php/vCB_Bulletin/stockid/002134/page_type/ndbg.phtml,,,,,,
"""601b983b031af7a1feeab805""",一带一路（19年之前）,年度报告,2014,中远海特：2014年年度报告,600428.SH,中远海特,交通运输、仓储和邮政业,水上运输业,广东省,国资委,http://vip.stock.finance.sina.com.cn/corp/go.php/vCB_Bulletin/stockid/600428/page_type/ndbg.phtml,,,,,,
"""601b983b031af7a1feeab810""",一带一路（19年之前）,年度报告,2014,宇通客车：2014年年度报告,600066.SH,宇通客车,制造业,汽车制造业,河南省,个人,http://vip.stock.finance.sina.com.cn/corp/go.php/vCB_Bulletin/stockid/600066/page_type/ndbg.phtml,,,,,,
"""601b983b031af7a1feeab7c3""",一带一路（19年之前）,年度报告,2014,中矿资源：2014年年度报告,002738.SZ,中矿资源,科学研究和技术服务业,专业技术服务业,北京市,个人,http://vip.stock.finance.sina.com.cn/corp/go.php/vCB_Bulletin/stockid/002738/page_type/ndbg.phtml,,,,,,
"""601b983b031af7a1feeab7d8""",一带一路（19年之前）,年度报告,2014,时代出版：2014年年度报告摘要,600551.SH,时代出版,文化、体育和娱乐业,新闻和出版业,安徽省,地方政府,http://vip.stock.finance.sina.com.cn/corp/go.php/vCB_Bulletin/stockid/600551/page_type/ndbg.phtml,,,,,,
"""601b983b031af7a1feeab804""",一带一路（19年之前）,年度报告,2014,晋西车轴：2014年年度报告摘要,600495.SH,晋西车轴,制造业,铁路、船舶、航空航天和其它运输设备制造业,山西省,国资委,http://vip.stock.finance.sina.com.cn/corp/go.php/vCB_Bulletin/stockid/600495/page_type/ndbg.phtml,,,,,,
"""601b983b031af7a1feeab7b5""",一带一路（19年之前）,年度报告,2014,泰禾集团：2014年年度报告,000732.SZ,泰禾集团,房地产业,房地产业,福建省,个人,http://vip.stock.finance.sina.com.cn/corp/go.php/vCB_Bulletin/stockid/000732/page_type/ndbg.phtml,,,,,,
"""601b983b031af7a1feeab7d5""",一带一路（19年之前）,年度报告,2014,特锐德：2014年年度报告（已取消）,300001.SZ,特锐德,制造业,电气机械及器材制造业,山东省,个人,http://vip.stock.finance.sina.com.cn/corp/go.php/vCB_Bulletin/stockid/300001/page_type/ndbg.phtml,,,,,,
"""601b983b031af7a1feeab7e2""",一带一路（19年之前）,年度报告,2014,宝馨科技：2014年年度报告,002514.SZ,宝馨科技,制造业,金属制品业,江苏省,个人,http://vip.stock.finance.sina.com.cn/corp/go.php/vCB_Bulletin/stockid/002514/page_type/ndbg.phtml,,,,,,
"""601b983b031af7a1feeab7f3""",一带一路（19年之前）,年度报告,2014,中国中车：2014年年度报告,601766.SH,中国中车,制造业,铁路、船舶、航空航天和其它运输设备制造业,北京市,国资委,http://vip.stock.finance.sina.com.cn/corp/go.php/vCB_Bulletin/stockid/601766/page_type/ndbg.phtml,,,,,,
"""601b983b031af7a1feeab7f8""",一带一路（19年之前）,年度报告,2014,中国北车：2014年年度报告摘要,601299.SH,中国北车,,,,无实际控制人,http://vip.stock.finance.sina.com.cn/corp/go.php/vCB_Bulletin/stockid/601299/page_type/ndbg.phtml,,,,,,
"""601b983b031af7a1feeab7b4""",一带一路（19年之前）,年度报告,2014,南山控股：2014年年度报告,002314.SZ,南山控股,房地产业,房地产业,广东省,其他,http://vip.stock.finance.sina.com.cn/corp/go.php/vCB_Bulletin/stockid/002314/page_type/ndbg.phtml,,,,,,
"""601b983b031af7a1feeab7cd""",一带一路（19年之前）,年度报告,2014,海峡股份：2014年年度报告,002320.SZ,海峡股份,交通运输、仓储和邮政业,水上运输业,海南省,国资委,http://vip.stock.finance.sina.com.cn/corp/go.php/vCB_Bulletin/stockid/002320/page_type/ndbg.phtml,,,,,,
"""601b983b031af7a1feeab7d1""",一带一路（19年之前）,年度报告,2014,南岭民爆：2014年年度报告,002096.SZ,南岭民爆,制造业,化学原料及化学制品制造业,湖南省,地方国资委,http://vip.stock.finance.sina.com.cn/corp/go.php/vCB_Bulletin/stockid/002096/page_type/ndbg.phtml,,,,,,
"""601b983b031af7a1feeab7e4""",一带一路（19年之前）,年度报告,2014,百川股份：2014年年度报告,002455.SZ,百川股份,制造业,化学原料及化学制品制造业,江苏省,个人,http://vip.stock.finance.sina.com.cn/corp/go.php/vCB_Bulletin/stockid/002455/page_type/ndbg.phtml,,,,,,
"""601b983b031af7a1feeab7ff""",一带一路（19年之前）,年度报告,2014,第一医药：2014年年度报告,600833.SH,第一医药,电力、热力、燃气及水的生产和供应业,零售业,上海市,地方国资委,http://vip.stock.finance.sina.com.cn/corp/go.php/vCB_Bulletin/stockid/600833/page_type/ndbg.phtml,,,,,,
"""601b983b031af7a1feeab7c0""",一带一路（19年之前）,年度报告,2014,冠农股份：2014年年度报告摘要,600251.SH,冠农股份,制造业,农副食品加工业,新疆维吾尔自治区,地方政府,http://vip.stock.finance.sina.com.cn/corp/go.php/vCB_Bulletin/stockid/600251/page_type/ndbg.phtml,,,,,,
"""601b983b031af7a1feeab7e9""",一带一路（19年之前）,年度报告,2014,通光线缆：2014年年度报告,300265.SZ,通光线缆,制造业,电气机械及器材制造业,江苏省,个人,http://vip.stock.finance.sina.com.cn/corp/go.php/vCB_Bulletin/stockid/300265/page_type/ndbg.phtml,,,,,,
"""601b983b031af7a1feeab7ea""",一带一路（19年之前）,年度报告,2014,新联电子：2014年年度报告,002546.SZ,新联电子,制造业,电气机械及器材制造业,江苏省,个人,http://vip.stock.finance.sina.com.cn/corp/go.php/vCB_Bulletin/stockid/002546/page_type/ndbg.phtml,,,,,,
"""601b983b031af7a1feeab7ce""",一带一路（19年之前）,年度报告,2014,北新路桥：2014年年度报告,002307.SZ,北新路桥,电力、热力、燃气及水的生产和供应业,土木工程建筑业,新疆维吾尔自治区,地方国资委,http://vip.stock.finance.sina.com.cn/corp/go.php/vCB_Bulletin/stockid/002307/page_type/ndbg.phtml,,,,,,
"""601b983b031af7a1feeab7d6""",一带一路（19年之前）,年度报告,2014,珠海港：2014年年度报告,000507.SZ,珠海港,交通运输、仓储和邮政业,水上运输业,广东省,地方国资委,http://vip.stock.finance.sina.com.cn/corp/go.php/vCB_Bulletin/stockid/000507/page_type/ndbg.phtml,,,,,,
"""601b983b031af7a1feeab7f7""",一带一路（19年之前）,年度报告,2014,中国中铁：2014年年度报告摘要,601390.SH,中国中铁,电力、热力、燃气及水的生产和供应业,土木工程建筑业,北京市,国资委,http://vip.stock.finance.sina.com.cn/corp/go.php/vCB_Bulletin/stockid/601390/page_type/ndbg.phtml,,,,,,
"""601b983b031af7a1feeab7b7""",一带一路（19年之前）,年度报告,2014,东方电缆：2014年年度报告,603606.SH,东方电缆,制造业,电气机械及器材制造业,浙江省,个人,http://vip.stock.finance.sina.com.cn/corp/go.php/vCB_Bulletin/stockid/603606/page_type/ndbg.phtml,,,,,,
"""601b983b031af7a1feeab7de""",一带一路（19年之前）,年度报告,2014,泛海控股：2014年年度报告摘要,000046.SZ,泛海控股,金融业,其他金融业,北京市,个人,http://vip.stock.finance.sina.com.cn/corp/go.php/vCB_Bulletin/stockid/000046/page_type/ndbg.phtml,,,,,,
"""601b983b031af7a1feeab7e1""",一带一路（19年之前）,年度报告,2014,新研股份：2014年年度报告,300159.SZ,新研股份,制造业,铁路、船舶、航空航天和其它运输设备制造业,新疆维吾尔自治区,个人,http://vip.stock.finance.sina.com.cn/corp/go.php/vCB_Bulletin/stockid/300159/page_type/ndbg.phtml,,,,,,
"""601b983b031af7a1feeab7e6""",一带一路（19年之前）,年度报告,2014,陕国投A：2014年年度报告,000563.SZ,陕国投A,金融业,其他金融业,陕西省,地方国资委,http://vip.stock.finance.sina.com.cn/corp/go.php/vCB_Bulletin/stockid/000563/page_type/ndbg.phtml,,,,,,
"""601b983b031af7a1feeab80e""",一带一路（19年之前）,年度报告,2014,葛洲坝：2014年年度报告摘要,600068.SH,葛洲坝,电力、热力、燃气及水的生产和供应业,土木工程建筑业,湖北省,国资委,http://vip.stock.finance.sina.com.cn/corp/go.php/vCB_Bulletin/stockid/600068/page_type/ndbg.phtml,,,,,,
"""601b983b031af7a1feeab7ca""",一带一路（19年之前）,年度报告,2014,首开股份：2014年年度报告摘要,600376.SH,首开股份,房地产业,房地产业,北京市,地方国资委,http://vip.stock.finance.sina.com.cn/corp/go.php/vCB_Bulletin/stockid/600376/page_type/ndbg.phtml,,,,,,
"""601b983b031af7a1feeab7dc""",一带一路（19年之前）,年度报告,2014,北部湾港：2014年年度报告,000582.SZ,北部湾港,交通运输、仓储和邮政业,水上运输业,广西壮族自治区,地方国资委,http://vip.stock.finance.sina.com.cn/corp/go.php/vCB_Bulletin/stockid/000582/page_type/ndbg.phtml,,,,,,
"""601b983b031af7a1feeab7fc""",一带一路（19年之前）,年度报告,2014,宁波港：2014年年度报告摘要,601018.SH,宁波港,交通运输、仓储和邮政业,水上运输业,浙江省,地方国资委,http://vip.stock.finance.sina.com.cn/corp/go.php/vCB_Bulletin/stockid/601018/page_type/ndbg.phtml,,,,,,
"""601b983b031af7a1feeab7fe""",一带一路（19年之前）,年度报告,2014,招商证券：2014年年度报告摘要,600999.SH,招商证券,金融业,资本市场服务,广东省,国资委,http://vip.stock.finance.sina.com.cn/corp/go.php/vCB_Bulletin/stockid/600999/page_type/ndbg.phtml,,,,,,
"""601b983b031af7a1feeab811""",一带一路（19年之前）,年度报告,2014,南方航空：2014年年度报告摘要,600029.SH,南方航空,交通运输、仓储和邮政业,航空运输业,广东省,国资委,http://vip.stock.finance.sina.com.cn/corp/go.php/vCB_Bulletin/stockid/600029/page_type/ndbg.phtml,,,,,,
"""601b983b031af7a1feeab814""",一带一路（19年之前）,年度报告,2014,白云机场：2014年年度报告,600004.SH,白云机场,交通运输、仓储和邮政业,航空运输业,广东省,地方政府,http://vip.stock.finance.sina.com.cn/corp/go.php/vCB_Bulletin/stockid/600004/page_type/ndbg.phtml,,,,,,
"""601b983b031af7a1feeab7c4""",一带一路（19年之前）,年度报告,2014,中南建设：2014年年度报告,000961.SZ,中南建设,房地产业,房地产业,江苏省,个人,http://vip.stock.finance.sina.com.cn/corp/go.php/vCB_Bulletin/stockid/000961/page_type/ndbg.phtml,,,,,,
"""601b983b031af7a1feeab802""",一带一路（19年之前）,年度报告,2014,八一钢铁：2014年年度报告摘要,600581.SH,八一钢铁,制造业,黑色金属冶炼及压延加工业,新疆维吾尔自治区,国资委,http://vip.stock.finance.sina.com.cn/corp/go.php/vCB_Bulletin/stockid/600581/page_type/ndbg.phtml,,,,,,
"""601b983b031af7a1feeab7f5""",一带一路（19年之前）,年度报告,2014,风范股份：2014年年度报告,601700.SH,风范股份,制造业,金属制品业,江苏省,个人,http://vip.stock.finance.sina.com.cn/corp/go.php/vCB_Bulletin/stockid/601700/page_type/ndbg.phtml,,,,,,
"""601b983b031af7a1feeab7fa""",一带一路（19年之前）,年度报告,2014,中国铁建：2014年年度报告,601186.SH,中国铁建,电力、热力、燃气及水的生产和供应业,土木工程建筑业,北京市,国资委,http://vip.stock.finance.sina.com.cn/corp/go.php/vCB_Bulletin/stockid/601186/page_type/ndbg.phtml,,,,,,
"""601b983b031af7a1feeab800""",一带一路（19年之前）,年度报告,2014,ST中安：2014年年度报告,600654.SH,ST中安,信息传输、软件和信息技术服务业,软件和信息技术服务业,上海市,个人,http://vip.stock.finance.sina.com.cn/corp/go.php/vCB_Bulletin/stockid/600654/page_type/ndbg.phtml,,,,,,
"""601b983b031af7a1feeab809""",一带一路（19年之前）,年度报告,2014,永鼎股份：2014年年度报告,600105.SH,永鼎股份,制造业,电气机械及器材制造业,江苏省,个人,http://vip.stock.finance.sina.com.cn/corp/go.php/vCB_Bulletin/stockid/600105/page_type/ndbg.phtml,,,,,,
"""601b983b031af7a1feeab7db""",一带一路（19年之前）,年度报告,2014,国网信通：2014年年度报告摘要,600131.SH,国网信通,电力、热力、燃气及水的生产和供应业,电力、热力生产和供应业,四川省,国资委,http://vip.stock.finance.sina.com.cn/corp/go.php/vCB_Bulletin/stockid/600131/page_type/ndbg.phtml,,,,,,
"""601b983b031af7a1feeab812""",一带一路（19年之前）,年度报告,2014,民生银行：2014年年度报告摘要,600016.SH,民生银行,金融业,货币金融服务,北京市,无实际控制人,http://vip.stock.finance.sina.com.cn/corp/go.php/vCB_Bulletin/stockid/600016/page_type/ndbg.phtml,,,,,,
"""601b983b031af7a1feeab7c6""",一带一路（19年之前）,年度报告,2014,冀东装备：2014年年度报告,000856.SZ,冀东装备,制造业,专用设备制造业,河北省,地方国资委,http://vip.stock.finance.sina.com.cn/corp/go.php/vCB_Bulletin/stockid/000856/page_type/ndbg.phtml,,,,,,
"""601b983b031af7a1feeab7d0""",一带一路（19年之前）,年度报告,2014,太阳电缆：2014年年度报告,002300.SZ,太阳电缆,制造业,电气机械及器材制造业,福建省,个人,http://vip.stock.finance.sina.com.cn/corp/go.php/vCB_Bulletin/stockid/002300/page_type/ndbg.phtml,,,,,,
"""601b983b031af7a1feeab7d9""",一带一路（19年之前）,年度报告,2014,重庆百货：2014年年度报告(修订版),600729.SH,重庆百货,电力、热力、燃气及水的生产和供应业,零售业,重庆市,无实际控制人,http://vip.stock.finance.sina.com.cn/corp/go.php/vCB_Bulletin/stockid/600729/page_type/ndbg.phtml,,,,,,
"""601b983b031af7a1feeab7c1""",一带一路（19年之前）,年度报告,2014,天舟文化：2014年年度报告,300148.SZ,天舟文化,信息传输、软件和信息技术服务业,互联网和相关服务,湖南省,个人,http://vip.stock.finance.sina.com.cn/corp/go.php/vCB_Bulletin/stockid/300148/page_type/ndbg.phtml,,,,,,
"""601b983b031af7a1feeab7e5""",一带一路（19年之前）,年度报告,2014,中工国际：2014年年度报告,002051.SZ,中工国际,电力、热力、燃气及水的生产和供应业,土木工程建筑业,北京市,国资委,http://vip.stock.finance.sina.com.cn/corp/go.php/vCB_Bulletin/stockid/002051/page_type/ndbg.phtml,,,,,,
"""601b983b031af7a1feeab808""",一带一路（19年之前）,年度报告,2014,酒钢宏兴：2014年年度报告摘要,600307.SH,酒钢宏兴,制造业,黑色金属冶炼及压延加工业,甘肃省,地方国资委,http://vip.stock.finance.sina.com.cn/corp/go.php/vCB_Bulletin/stockid/600307/page_type/ndbg.phtml,,,,,,
"""601b983b031af7a1feeab7e8""",一带一路（19年之前）,年度报告,2014,中国西电：2014年年度报告,601179.SH,中国西电,制造业,电气机械及器材制造业,陕西省,国资委,http://vip.stock.finance.sina.com.cn/corp/go.php/vCB_Bulletin/stockid/601179/page_type/ndbg.phtml,,,,,,
"""601b983b031af7a1feeab7ee""",一带一路（19年之前）,年度报告,2014,洲明科技：2014年年度报告,300232.SZ,洲明科技,制造业,计算机、通信和其他电子设备制造业,广东省,个人,http://vip.stock.finance.sina.com.cn/corp/go.php/vCB_Bulletin/stockid/300232/page_type/ndbg.phtml,,,,,,
"""601b983b031af7a1feeab7b1""",一带一路（19年之前）,年度报告,2014,山东钢铁：2014年年度报告,600022.SH,山东钢铁,制造业,黑色金属冶炼及压延加工业,山东省,地方国资委,http://vip.stock.finance.sina.com.cn/corp/go.php/vCB_Bulletin/stockid/600022/page_type/ndbg.phtml,,,,,,
"""601b983f031af7a1feeab8e2""",一带一路（19年之前）,年度报告,2014,汇鸿集团：2014年年度报告摘要,600981.SH,汇鸿集团,电力、热力、燃气及水的生产和供应业,批发业,江苏省,地方国资委,http://vip.stock.finance.sina.com.cn/corp/go.php/vCB_Bulletin/stockid/600981/page_type/ndbg.phtml,,,,,,
"""601b983f031af7a1feeab8e0""",一带一路（19年之前）,年度报告,2014,澳洋健康：2014年年度报告,002172.SZ,澳洋健康,制造业,化学纤维制造业,江苏省,个人,http://vip.stock.finance.sina.com.cn/corp/go.php/vCB_Bulletin/stockid/002172/page_type/ndbg.phtml,,,,,,
"""601b983f031af7a1feeab8de""",一带一路（19年之前）,年度报告,2014,建设机械：2014年年度报告摘要,600984.SH,建设机械,制造业,专用设备制造业,陕西省,地方国资委,http://vip.stock.finance.sina.com.cn/corp/go.php/vCB_Bulletin/stockid/600984/page_type/ndbg.phtml,,,,,,
"""601b983f031af7a1feeab8e4""",一带一路（19年之前）,年度报告,2014,纳川股份：2014年年度报告,300198.SZ,纳川股份,制造业,橡胶和塑料制品业,福建省,个人,http://vip.stock.finance.sina.com.cn/corp/go.php/vCB_Bulletin/stockid/300198/page_type/ndbg.phtml,,,,,,
"""601b983f031af7a1feeab8df""",一带一路（19年之前）,年度报告,2014,皖通科技：2014年年度报告,002331.SZ,皖通科技,信息传输、软件和信息技术服务业,软件和信息技术服务业,安徽省,无实际控制人,http://vip.stock.finance.sina.com.cn/corp/go.php/vCB_Bulletin/stockid/002331/page_type/ndbg.phtml,,,,,,
"""601b983f031af7a1feeab8e3""",一带一路（19年之前）,年度报告,2014,精功科技：2014年年度报告,002006.SZ,精功科技,制造业,专用设备制造业,浙江省,个人,http://vip.stock.finance.sina.com.cn/corp/go.php/vCB_Bulletin/stockid/002006/page_type/ndbg.phtml,,,,,,
"""601b983c031af7a1feeab818""",一带一路（19年之前）,年度报告,2014,晶澳科技：2014年年度报告,002459.SZ,晶澳科技,制造业,电气机械及器材制造业,河北省,个人,http://vip.stock.finance.sina.com.cn/corp/go.php/vCB_Bulletin/stockid/002459/page_type/ndbg.phtml,,,,,,
"""601b983c031af7a1feeab847""",一带一路（19年之前）,年度报告,2014,中远海控：2014年年度报告摘要,601919.SH,中远海控,交通运输、仓储和邮政业,水上运输业,天津市,国资委,http://vip.stock.finance.sina.com.cn/corp/go.php/vCB_Bulletin/stockid/601919/page_type/ndbg.phtml,,,,,,
"""601b983c031af7a1feeab822""",一带一路（19年之前）,年度报告,2014,创元科技：2014年年度报告,000551.SZ,创元科技,综合,综合,江苏省,地方政府,http://vip.stock.finance.sina.com.cn/corp/go.php/vCB_Bulletin/stockid/000551/page_type/ndbg.phtml,,,,,,
"""601b983c031af7a1feeab81c""",一带一路（19年之前）,年度报告,2014,垒知集团：2014年年度报告摘要,002398.SZ,垒知集团,制造业,化学原料及化学制品制造业,福建省,个人,http://vip.stock.finance.sina.com.cn/corp/go.php/vCB_Bulletin/stockid/002398/page_type/ndbg.phtml,,,,,,
"""601b983c031af7a1feeab82d""",一带一路（19年之前）,年度报告,2014,光大银行：2014年年度报告,601818.SH,光大银行,金融业,货币金融服务,北京市,中央国有企业,http://vip.stock.finance.sina.com.cn/corp/go.php/vCB_Bulletin/stockid/601818/page_type/ndbg.phtml,,,,,,
"""601b983c031af7a1feeab82e""",一带一路（19年之前）,年度报告,2014,中国中冶：2014年年度报告,601618.SH,中国中冶,电力、热力、燃气及水的生产和供应业,土木工程建筑业,北京市,国资委,http://vip.stock.finance.sina.com.cn/corp/go.php/vCB_Bulletin/stockid/601618/page_type/ndbg.phtml,,,,,,
"""601b983c031af7a1feeab82f""",一带一路（19年之前）,年度报告,2014,上柴股份：2014年年度报告摘要,600841.SH,上柴股份,制造业,通用设备制造业,上海市,地方国资委,http://vip.stock.finance.sina.com.cn/corp/go.php/vCB_Bulletin/stockid/600841/page_type/ndbg.phtml,,,,,,
"""601b983c031af7a1feeab83f""",一带一路（19年之前）,年度报告,2014,雅化集团：2014年年度报告摘要,002497.SZ,雅化集团,制造业,化学原料及化学制品制造业,四川省,个人,http://vip.stock.finance.sina.com.cn/corp/go.php/vCB_Bulletin/stockid/002497/page_type/ndbg.phtml,,,,,,
"""601b983c031af7a1feeab849""",一带一路（19年之前）,年度报告,2014,中远海发：2014年年度报告,601866.SH,中远海发,交通运输、仓储和邮政业,水上运输业,上海市,国资委,http://vip.stock.finance.sina.com.cn/corp/go.php/vCB_Bulletin/stockid/601866/page_type/ndbg.phtml,,,,,,
"""601b983c031af7a1feeab85f""",一带一路（19年之前）,年度报告,2014,深赤湾A：2014年年度报告摘要,000022.SZ,深赤湾A,,,,无实际控制人,http://vip.stock.finance.sina.com.cn/corp/go.php/vCB_Bulletin/stockid/000022/page_type/ndbg.phtml,,,,,,
"""601b983c031af7a1feeab86d""",一带一路（19年之前）,年度报告,2014,农业银行：2014年年度报告,601288.SH,农业银行,金融业,货币金融服务,北京市,无实际控制人,http://vip.stock.finance.sina.com.cn/corp/go.php/vCB_Bulletin/stockid/601288/page_type/ndbg.phtml,,,,,,
"""601b983c031af7a1feeab816""",一带一路（19年之前）,年度报告,2014,奥克股份：2014年年度报告,300082.SZ,奥克股份,制造业,化学原料及化学制品制造业,辽宁省,个人,http://vip.stock.finance.sina.com.cn/corp/go.php/vCB_Bulletin/stockid/300082/page_type/ndbg.phtml,,,,,,
"""601b983c031af7a1feeab81d""",一带一路（19年之前）,年度报告,2014,西部建设：2014年年度报告摘要,002302.SZ,西部建设,制造业,非金属矿物制品业,新疆维吾尔自治区,国资委,http://vip.stock.finance.sina.com.cn/corp/go.php/vCB_Bulletin/stockid/002302/page_type/ndbg.phtml,,,,,,
"""601b983c031af7a1feeab84e""",一带一路（19年之前）,年度报告,2014,四川成渝：2014年年度报告摘要,601107.SH,四川成渝,交通运输、仓储和邮政业,道路运输业,四川省,地方国资委,http://vip.stock.finance.sina.com.cn/corp/go.php/vCB_Bulletin/stockid/601107/page_type/ndbg.phtml,,,,,,
"""601b983c031af7a1feeab85b""",一带一路（19年之前）,年度报告,2014,新筑股份：2014年年度报告,002480.SZ,新筑股份,制造业,通用设备制造业,四川省,地方国资委,http://vip.stock.finance.sina.com.cn/corp/go.php/vCB_Bulletin/stockid/002480/page_type/ndbg.phtml,,,,,,
"""601b983c031af7a1feeab861""",一带一路（19年之前）,年度报告,2014,中材节能：2014年年度报告,603126.SH,中材节能,科学研究和技术服务业,专业技术服务业,天津市,国资委,http://vip.stock.finance.sina.com.cn/corp/go.php/vCB_Bulletin/stockid/603126/page_type/ndbg.phtml,,,,,,
"""601b983c031af7a1feeab873""",一带一路（19年之前）,年度报告,2014,春秋航空：2014年年度报告摘要,601021.SH,春秋航空,交通运输、仓储和邮政业,航空运输业,上海市,个人,http://vip.stock.finance.sina.com.cn/corp/go.php/vCB_Bulletin/stockid/601021/page_type/ndbg.phtml,,,,,,
"""601b983c031af7a1feeab82b""",一带一路（19年之前）,年度报告,2014,建设银行：2014年年度报告,601939.SH,建设银行,金融业,货币金融服务,北京市,中央国有企业,http://vip.stock.finance.sina.com.cn/corp/go.php/vCB_Bulletin/stockid/601939/page_type/ndbg.phtml,,,,,,
"""601b983c031af7a1feeab81f""",一带一路（19年之前）,年度报告,2014,东华科技：2014年年度报告摘要,002140.SZ,东华科技,电力、热力、燃气及水的生产和供应业,土木工程建筑业,安徽省,中央国有企业,http://vip.stock.finance.sina.com.cn/corp/go.php/vCB_Bulletin/stockid/002140/page_type/ndbg.phtml,,,,,,
"""601b983c031af7a1feeab826""",一带一路（19年之前）,年度报告,2014,潍柴动力：2014年年度报告摘要,000338.SZ,潍柴动力,制造业,汽车制造业,山东省,地方国资委,http://vip.stock.finance.sina.com.cn/corp/go.php/vCB_Bulletin/stockid/000338/page_type/ndbg.phtml,,,,,,
"""601b983c031af7a1feeab829""",一带一路（19年之前）,年度报告,2014,三圣股份：2014年年度报告摘要,002742.SZ,三圣股份,制造业,非金属矿物制品业,重庆市,个人,http://vip.stock.finance.sina.com.cn/corp/go.php/vCB_Bulletin/stockid/002742/page_type/ndbg.phtml,,,,,,
"""601b983c031af7a1feeab83d""",一带一路（19年之前）,年度报告,2014,新疆天业：2014年年度报告,600075.SH,新疆天业,制造业,化学原料及化学制品制造业,新疆维吾尔自治区,地方国资委,http://vip.stock.finance.sina.com.cn/corp/go.php/vCB_Bulletin/stockid/600075/page_type/ndbg.phtml,,,,,,
"""601b983c031af7a1feeab821""",一带一路（19年之前）,年度报告,2014,鞍钢股份：2014年年度报告,000898.SZ,鞍钢股份,制造业,黑色金属冶炼及压延加工业,辽宁省,国资委,http://vip.stock.finance.sina.com.cn/corp/go.php/vCB_Bulletin/stockid/000898/page_type/ndbg.phtml,,,,,,
"""601b983c031af7a1feeab837""",一带一路（19年之前）,年度报告,2014,国电南瑞：2014年年度报告摘要,600406.SH,国电南瑞,信息传输、软件和信息技术服务业,软件和信息技术服务业,江苏省,国资委,http://vip.stock.finance.sina.com.cn/corp/go.php/vCB_Bulletin/stockid/600406/page_type/ndbg.phtml,,,,,,
"""601b983c031af7a1feeab853""",一带一路（19年之前）,年度报告,2014,楚天高速：2014年年度报告（修订版）,600035.SH,楚天高速,交通运输、仓储和邮政业,道路运输业,湖北省,地方国资委,http://vip.stock.finance.sina.com.cn/corp/go.php/vCB_Bulletin/stockid/600035/page_type/ndbg.phtml,,,,,,
"""601b983c031af7a1feeab856""",一带一路（19年之前）,年度报告,2014,森远股份：2014年年度报告,300210.SZ,森远股份,制造业,专用设备制造业,辽宁省,个人,http://vip.stock.finance.sina.com.cn/corp/go.php/vCB_Bulletin/stockid/300210/page_type/ndbg.phtml,,,,,,
"""601b983c031af7a1feeab86b""",一带一路（19年之前）,年度报告,2014,广电运通：2014年年度报告,002152.SZ,广电运通,制造业,通用设备制造业,广东省,地方国资委,http://vip.stock.finance.sina.com.cn/corp/go.php/vCB_Bulletin/stockid/002152/page_type/ndbg.phtml,,,,,,
"""601b983c031af7a1feeab819""",一带一路（19年之前）,年度报告,2014,摩恩电气：2014年年度报告,002451.SZ,摩恩电气,制造业,电气机械及器材制造业,上海市,个人,http://vip.stock.finance.sina.com.cn/corp/go.php/vCB_Bulletin/stockid/002451/page_type/ndbg.phtml,,,,,,
"""601b983c031af7a1feeab834""",一带一路（19年之前）,年度报告,2014,时代新材：2014年年度报告,600458.SH,时代新材,制造业,橡胶和塑料制品业,湖南省,国资委,http://vip.stock.finance.sina.com.cn/corp/go.php/vCB_Bulletin/stockid/600458/page_type/ndbg.phtml,,,,,,
"""601b983c031af7a1feeab866""",一带一路（19年之前）,年度报告,2014,法拉电子：2014年年度报告摘要,600563.SH,法拉电子,制造业,计算机、通信和其他电子设备制造业,福建省,集体企业,http://vip.stock.finance.sina.com.cn/corp/go.php/vCB_Bulletin/stockid/600563/page_type/ndbg.phtml,,,,,,
"""601b983c031af7a1feeab875""",一带一路（19年之前）,年度报告,2014,中材国际：2014年年度报告,600970.SH,中材国际,电力、热力、燃气及水的生产和供应业,土木工程建筑业,江苏省,国资委,http://vip.stock.finance.sina.com.cn/corp/go.php/vCB_Bulletin/stockid/600970/page_type/ndbg.phtml,,,,,,
"""601b983c031af7a1feeab877""",一带一路（19年之前）,年度报告,2014,海螺水泥：2014年年度报告,600585.SH,海螺水泥,制造业,非金属矿物制品业,安徽省,地方国资委,http://vip.stock.finance.sina.com.cn/corp/go.php/vCB_Bulletin/stockid/600585/page_type/ndbg.phtml,,,,,,
"""601b983c031af7a1feeab854""",一带一路（19年之前）,年度报告,2014,上海电力：2014年年度报告,600021.SH,上海电力,电力、热力、燃气及水的生产和供应业,电力、热力生产和供应业,上海市,国资委,http://vip.stock.finance.sina.com.cn/corp/go.php/vCB_Bulletin/stockid/600021/page_type/ndbg.phtml,,,,,,
"""601b983c031af7a1feeab863""",一带一路（19年之前）,年度报告,2014,中国银行：2014年年度报告,601988.SH,中国银行,金融业,货币金融服务,北京市,中央国有企业,http://vip.stock.finance.sina.com.cn/corp/go.php/vCB_Bulletin/stockid/601988/page_type/ndbg.phtml,,,,,,
"""601b983c031af7a1feeab824""",一带一路（19年之前）,年度报告,2014,柳工：2014年年度报告摘要,000528.SZ,柳工,制造业,专用设备制造业,广西壮族自治区,地方国资委,http://vip.stock.finance.sina.com.cn/corp/go.php/vCB_Bulletin/stockid/000528/page_type/ndbg.phtml,,,,,,
"""601b983c031af7a1feeab83c""",一带一路（19年之前）,年度报告,2014,东方航空：2014年年度报告,600115.SH,东方航空,交通运输、仓储和邮政业,航空运输业,上海市,国资委,http://vip.stock.finance.sina.com.cn/corp/go.php/vCB_Bulletin/stockid/600115/page_type/ndbg.phtml,,,,,,
"""601b983c031af7a1feeab845""",一带一路（19年之前）,年度报告,2014,中联重科：2014年年度报告摘要,000157.SZ,中联重科,制造业,专用设备制造业,湖南省,无实际控制人,http://vip.stock.finance.sina.com.cn/corp/go.php/vCB_Bulletin/stockid/000157/page_type/ndbg.phtml,,,,,,
"""601b983c031af7a1feeab851""",一带一路（19年之前）,年度报告,2014,宁波韵升：2014年年度报告,600366.SH,宁波韵升,制造业,非金属矿物制品业,浙江省,个人,http://vip.stock.finance.sina.com.cn/corp/go.php/vCB_Bulletin/stockid/600366/page_type/ndbg.phtml,,,,,,
"""601b983c031af7a1feeab859""",一带一路（19年之前）,年度报告,2014,合康新能：2014年年度报告,300048.SZ,合康新能,制造业,电气机械及器材制造业,北京市,个人,http://vip.stock.finance.sina.com.cn/corp/go.php/vCB_Bulletin/stockid/300048/page_type/ndbg.phtml,,,,,,
"""601b983c031af7a1feeab86e""",一带一路（19年之前）,年度报告,2014,上海物贸：2014年年度报告,600822.SH,上海物贸,电力、热力、燃气及水的生产和供应业,批发业,上海市,地方国资委,http://vip.stock.finance.sina.com.cn/corp/go.php/vCB_Bulletin/stockid/600822/page_type/ndbg.phtml,,,,,,
"""601b983c031af7a1feeab871""",一带一路（19年之前）,年度报告,2014,神火股份：2014年年度报告,000933.SZ,神火股份,制造业,有色金属冶炼及压延加工业,河南省,地方国资委,http://vip.stock.finance.sina.com.cn/corp/go.php/vCB_Bulletin/stockid/000933/page_type/ndbg.phtml,,,,,,
"""601b983c031af7a1feeab840""",一带一路（19年之前）,年度报告,2014,金风科技：2014年年度报告,002202.SZ,金风科技,制造业,通用设备制造业,新疆维吾尔自治区,无实际控制人,http://vip.stock.finance.sina.com.cn/corp/go.php/vCB_Bulletin/stockid/002202/page_type/ndbg.phtml,,,,,,
"""601b983c031af7a1feeab857""",一带一路（19年之前）,年度报告,2014,中航电测：2014年年度报告,300114.SZ,中航电测,制造业,计算机、通信和其他电子设备制造业,陕西省,国资委,http://vip.stock.finance.sina.com.cn/corp/go.php/vCB_Bulletin/stockid/300114/page_type/ndbg.phtml,,,,,,
"""601b983c031af7a1feeab82a""",一带一路（19年之前）,年度报告,2014,华孚时尚：2014年年度报告,002042.SZ,华孚时尚,制造业,纺织业,安徽省,个人,http://vip.stock.finance.sina.com.cn/corp/go.php/vCB_Bulletin/stockid/002042/page_type/ndbg.phtml,,,,,,
"""601b983c031af7a1feeab84b""",一带一路（19年之前）,年度报告,2014,工商银行：2014年年度报告摘要,601398.SH,工商银行,金融业,货币金融服务,北京市,无实际控制人,http://vip.stock.finance.sina.com.cn/corp/go.php/vCB_Bulletin/stockid/601398/page_type/ndbg.phtml,,,,,,
"""601b983c031af7a1feeab850""",一带一路（19年之前）,年度报告,2014,交运股份：2014年年度报告摘要,600676.SH,交运股份,交通运输、仓储和邮政业,道路运输业,上海市,地方国资委,http://vip.stock.finance.sina.com.cn/corp/go.php/vCB_Bulletin/stockid/600676/page_type/ndbg.phtml,,,,,,
"""601b983c031af7a1feeab86a""",一带一路（19年之前）,年度报告,2014,利亚德：2014年年度报告,300296.SZ,利亚德,制造业,计算机、通信和其他电子设备制造业,北京市,个人,http://vip.stock.finance.sina.com.cn/corp/go.php/vCB_Bulletin/stockid/300296/page_type/ndbg.phtml,,,,,,
"""601b983c031af7a1feeab85d""",一带一路（19年之前）,年度报告,2014,中国重汽：2014年年度报告,000951.SZ,中国重汽,制造业,汽车制造业,山东省,地方国资委,http://vip.stock.finance.sina.com.cn/corp/go.php/vCB_Bulletin/stockid/000951/page_type/ndbg.phtml,,,,,,
"""601b983c031af7a1feeab864""",一带一路（19年之前）,年度报告,2014,电子城：2014年年度报告摘要,600658.SH,电子城,房地产业,房地产业,北京市,地方国资委,http://vip.stock.finance.sina.com.cn/corp/go.php/vCB_Bulletin/stockid/600658/page_type/ndbg.phtml,,,,,,
"""601b983c031af7a1feeab868""",一带一路（19年之前）,年度报告,2014,华夏幸福：2014年年度报告摘要,600340.SH,华夏幸福,房地产业,房地产业,河北省,个人,http://vip.stock.finance.sina.com.cn/corp/go.php/vCB_Bulletin/stockid/600340/page_type/ndbg.phtml,,,,,,
"""601b983c031af7a1feeab83a""",一带一路（19年之前）,年度报告,2014,山东高速：2014年年度报告摘要,600350.SH,山东高速,交通运输、仓储和邮政业,道路运输业,山东省,地方国资委,http://vip.stock.finance.sina.com.cn/corp/go.php/vCB_Bulletin/stockid/600350/page_type/ndbg.phtml,,,,,,
"""601b983c031af7a1feeab846""",一带一路（19年之前）,年度报告,2014,中成股份：2014年年度报告,000151.SZ,中成股份,电力、热力、燃气及水的生产和供应业,批发业,北京市,国资委,http://vip.stock.finance.sina.com.cn/corp/go.php/vCB_Bulletin/stockid/000151/page_type/ndbg.phtml,,,,,,
"""601b983c031af7a1feeab878""",一带一路（19年之前）,年度报告,2014,精达股份：2014年年度报告,600577.SH,精达股份,制造业,电气机械及器材制造业,安徽省,个人,http://vip.stock.finance.sina.com.cn/corp/go.php/vCB_Bulletin/stockid/600577/page_type/ndbg.phtml,,,,,,
"""601b983c031af7a1feeab872""",一带一路（19年之前）,年度报告,2014,招商轮船：2014年年度报告,601872.SH,招商轮船,交通运输、仓储和邮政业,水上运输业,上海市,国资委,http://vip.stock.finance.sina.com.cn/corp/go.php/vCB_Bulletin/stockid/601872/page_type/ndbg.phtml,,,,,,
"""601b983c031af7a1feeab836""",一带一路（19年之前）,年度报告,2014,小商品城：2014年年度报告摘要,600415.SH,小商品城,租赁和商务服务业,商务服务业,浙江省,地方国资委,http://vip.stock.finance.sina.com.cn/corp/go.php/vCB_Bulletin/stockid/600415/page_type/ndbg.phtml,,,,,,
"""601b983c031af7a1feeab855""",一带一路（19年之前）,年度报告,2014,宝钢股份：2014年年度报告,600019.SH,宝钢股份,制造业,黑色金属冶炼及压延加工业,上海市,国资委,http://vip.stock.finance.sina.com.cn/corp/go.php/vCB_Bulletin/stockid/600019/page_type/ndbg.phtml,,,,,,
"""601b983c031af7a1feeab827""",一带一路（19年之前）,年度报告,2014,华设集团：2014年年度报告,603018.SH,华设集团,科学研究和技术服务业,专业技术服务业,江苏省,无实际控制人,http://vip.stock.finance.sina.com.cn/corp/go.php/vCB_Bulletin/stockid/603018/page_type/ndbg.phtml,,,,,,
"""601b983c031af7a1feeab82c""",一带一路（19年之前）,年度报告,2014,大连港：2014年年度报告,601880.SH,大连港,交通运输、仓储和邮政业,水上运输业,辽宁省,地方政府,http://vip.stock.finance.sina.com.cn/corp/go.php/vCB_Bulletin/stockid/601880/page_type/ndbg.phtml,,,,,,
"""601b983c031af7a1feeab842""",一带一路（19年之前）,年度报告,2014,宏润建设：2014年年度报告,002062.SZ,宏润建设,电力、热力、燃气及水的生产和供应业,土木工程建筑业,浙江省,个人,http://vip.stock.finance.sina.com.cn/corp/go.php/vCB_Bulletin/stockid/002062/page_type/ndbg.phtml,,,,,,
"""601b983c031af7a1feeab85a""",一带一路（19年之前）,年度报告,2014,海欣食品：2014年年度报告,002702.SZ,海欣食品,制造业,农副食品加工业,福建省,个人,http://vip.stock.finance.sina.com.cn/corp/go.php/vCB_Bulletin/stockid/002702/page_type/ndbg.phtml,,,,,,
"""601b983c031af7a1feeab81a""",一带一路（19年之前）,年度报告,2014,江苏神通：2014年年度报告,002438.SZ,江苏神通,制造业,通用设备制造业,江苏省,个人,http://vip.stock.finance.sina.com.cn/corp/go.php/vCB_Bulletin/stockid/002438/page_type/ndbg.phtml,,,,,,
"""601b983c031af7a1feeab86c""",一带一路（19年之前）,年度报告,2014,银星能源：2014年年度报告,000862.SZ,银星能源,电力、热力、燃气及水的生产和供应业,电力、热力生产和供应业,宁夏回族自治区,国资委,http://vip.stock.finance.sina.com.cn/corp/go.php/vCB_Bulletin/stockid/000862/page_type/ndbg.phtml,,,,,,
"""601b983c031af7a1feeab831""",一带一路（19年之前）,年度报告,2014,宁波海运：2014年年度报告摘要,600798.SH,宁波海运,交通运输、仓储和邮政业,水上运输业,浙江省,地方国资委,http://vip.stock.finance.sina.com.cn/corp/go.php/vCB_Bulletin/stockid/600798/page_type/ndbg.phtml,,,,,,
"""601b983c031af7a1feeab85e""",一带一路（19年之前）,年度报告,2014,许继电气：2014年年度报告,000400.SZ,许继电气,制造业,电气机械及器材制造业,河南省,国资委,http://vip.stock.finance.sina.com.cn/corp/go.php/vCB_Bulletin/stockid/000400/page_type/ndbg.phtml,,,,,,
"""601b983e031af7a1feeab881""",一带一路（19年之前）,年度报告,2014,天茂退：2014年年度报告,002509.SZ,天茂退,,,,无实际控制人,http://vip.stock.finance.sina.com.cn/corp/go.php/vCB_Bulletin/stockid/002509/page_type/ndbg.phtml,,,,,,
"""601b983e031af7a1feeab894""",一带一路（19年之前）,年度报告,2014,华东重机：2014年年度报告,002685.SZ,华东重机,制造业,通用设备制造业,江苏省,个人,http://vip.stock.finance.sina.com.cn/corp/go.php/vCB_Bulletin/stockid/002685/page_type/ndbg.phtml,,,,,,
"""601b983e031af7a1feeab885""",一带一路（19年之前）,年度报告,2014,江南化工：2014年年度报告,002226.SZ,江南化工,制造业,化学原料及化学制品制造业,安徽省,个人,http://vip.stock.finance.sina.com.cn/corp/go.php/vCB_Bulletin/stockid/002226/page_type/ndbg.phtml,,,,,,
"""601b983e031af7a1feeab89f""",一带一路（19年之前）,年度报告,2014,渝三峡A：2014年年度报告,000565.SZ,渝三峡A,制造业,化学原料及化学制品制造业,重庆市,地方国资委,http://vip.stock.finance.sina.com.cn/corp/go.php/vCB_Bulletin/stockid/000565/page_type/ndbg.phtml,,,,,,
"""601b983e031af7a1feeab890""",一带一路（19年之前）,年度报告,2014,中国平安：2014年年度报告,601318.SH,中国平安,金融业,保险业,广东省,无实际控制人,http://vip.stock.finance.sina.com.cn/corp/go.php/vCB_Bulletin/stockid/601318/page_type/ndbg.phtml,,,,,,
"""601b983e031af7a1feeab87f""",一带一路（19年之前）,年度报告,2014,晨光生物：2014年年度报告,300138.SZ,晨光生物,制造业,农副食品加工业,河北省,无实际控制人,http://vip.stock.finance.sina.com.cn/corp/go.php/vCB_Bulletin/stockid/300138/page_type/ndbg.phtml,,,,,,
"""601b983e031af7a1feeab88f""",一带一路（19年之前）,年度报告,2014,硅宝科技：2014年年度报告,300019.SZ,硅宝科技,制造业,化学原料及化学制品制造业,四川省,无实际控制人,http://vip.stock.finance.sina.com.cn/corp/go.php/vCB_Bulletin/stockid/300019/page_type/ndbg.phtml,,,,,,
"""601b983e031af7a1feeab88b""",一带一路（19年之前）,年度报告,2014,中储股份：2014年年度报告,600787.SH,中储股份,交通运输、仓储和邮政业,仓储业,天津市,国资委,http://vip.stock.finance.sina.com.cn/corp/go.php/vCB_Bulletin/stockid/600787/page_type/ndbg.phtml,,,,,,
"""601b983e031af7a1feeab8a1""",一带一路（19年之前）,年度报告,2014,铁龙物流：2014年年度报告,600125.SH,铁龙物流,交通运输、仓储和邮政业,铁路运输业,辽宁省,中央国有企业,http://vip.stock.finance.sina.com.cn/corp/go.php/vCB_Bulletin/stockid/600125/page_type/ndbg.phtml,,,,,,
"""601b983e031af7a1feeab8a5""",一带一路（19年之前）,年度报告,2014,兰石重装：2014年年度报告摘要,603169.SH,兰石重装,制造业,专用设备制造业,甘肃省,地方国资委,http://vip.stock.finance.sina.com.cn/corp/go.php/vCB_Bulletin/stockid/603169/page_type/ndbg.phtml,,,,,,
"""601b983e031af7a1feeab8bf""",一带一路（19年之前）,年度报告,2014,重庆港九：2014年年度报告摘要,600279.SH,重庆港九,交通运输、仓储和邮政业,水上运输业,重庆市,地方政府,http://vip.stock.finance.sina.com.cn/corp/go.php/vCB_Bulletin/stockid/600279/page_type/ndbg.phtml,,,,,,
"""601b983e031af7a1feeab898""",一带一路（19年之前）,年度报告,2014,罗平锌电：2014年年度报告,002114.SZ,罗平锌电,制造业,有色金属冶炼及压延加工业,云南省,地方国资委,http://vip.stock.finance.sina.com.cn/corp/go.php/vCB_Bulletin/stockid/002114/page_type/ndbg.phtml,,,,,,
"""601b983e031af7a1feeab89c""",一带一路（19年之前）,年度报告,2014,创维数字：2014年年度报告摘要,000810.SZ,创维数字,制造业,计算机、通信和其他电子设备制造业,四川省,无实际控制人,http://vip.stock.finance.sina.com.cn/corp/go.php/vCB_Bulletin/stockid/000810/page_type/ndbg.phtml,,,,,,
"""601b983e031af7a1feeab8b4""",一带一路（19年之前）,年度报告,2014,中电环保：2014年年度报告,300172.SZ,中电环保,水利、环境和公共设施管理业,生态保护和环境治理业,江苏省,个人,http://vip.stock.finance.sina.com.cn/corp/go.php/vCB_Bulletin/stockid/300172/page_type/ndbg.phtml,,,,,,
"""601b983e031af7a1feeab8c7""",一带一路（19年之前）,年度报告,2014,*ST华仪：2014年年度报告摘要,600290.SH,*ST华仪,制造业,电气机械及器材制造业,浙江省,个人,http://vip.stock.finance.sina.com.cn/corp/go.php/vCB_Bulletin/stockid/600290/page_type/ndbg.phtml,,,,,,
"""601b983e031af7a1feeab8cb""",一带一路（19年之前）,年度报告,2014,华信退：2014年年度报告,002018.SZ,华信退,,,,无实际控制人,http://vip.stock.finance.sina.com.cn/corp/go.php/vCB_Bulletin/stockid/002018/page_type/ndbg.phtml,,,,,,
"""601b983e031af7a1feeab8d1""",一带一路（19年之前）,年度报告,2014,中衡设计：2014年年度报告摘要,603017.SH,中衡设计,科学研究和技术服务业,专业技术服务业,江苏省,个人,http://vip.stock.finance.sina.com.cn/corp/go.php/vCB_Bulletin/stockid/603017/page_type/ndbg.phtml,,,,,,
"""601b983e031af7a1feeab8d9""",一带一路（19年之前）,年度报告,2014,宝光股份：2014年年度报告摘要,600379.SH,宝光股份,制造业,电气机械及器材制造业,陕西省,国资委,http://vip.stock.finance.sina.com.cn/corp/go.php/vCB_Bulletin/stockid/600379/page_type/ndbg.phtml,,,,,,
"""601b983e031af7a1feeab8da""",一带一路（19年之前）,年度报告,2014,尔康制药：2014年年度报告,300267.SZ,尔康制药,制造业,医药制造业,湖南省,个人,http://vip.stock.finance.sina.com.cn/corp/go.php/vCB_Bulletin/stockid/300267/page_type/ndbg.phtml,,,,,,
"""601b983e031af7a1feeab8dc""",一带一路（19年之前）,年度报告,2014,海伦哲：2014年年度报告,300201.SZ,海伦哲,制造业,专用设备制造业,江苏省,个人,http://vip.stock.finance.sina.com.cn/corp/go.php/vCB_Bulletin/stockid/300201/page_type/ndbg.phtml,,,,,,
"""601b983e031af7a1feeab879""",一带一路（19年之前）,年度报告,2014,中信证券：2014年年度报告,600030.SH,中信证券,金融业,资本市场服务,广东省,无实际控制人,http://vip.stock.finance.sina.com.cn/corp/go.php/vCB_Bulletin/stockid/600030/page_type/ndbg.phtml,,,,,,
"""601b983e031af7a1feeab886""",一带一路（19年之前）,年度报告,2014,德展健康：2014年年度报告,000813.SZ,德展健康,制造业,医药制造业,新疆维吾尔自治区,个人,http://vip.stock.finance.sina.com.cn/corp/go.php/vCB_Bulletin/stockid/000813/page_type/ndbg.phtml,,,,,,
"""601b983e031af7a1feeab89a""",一带一路（19年之前）,年度报告,2014,中材科技：2014年年度报告,002080.SZ,中材科技,制造业,非金属矿物制品业,江苏省,国资委,http://vip.stock.finance.sina.com.cn/corp/go.php/vCB_Bulletin/stockid/002080/page_type/ndbg.phtml,,,,,,
"""601b983e031af7a1feeab8cf""",一带一路（19年之前）,年度报告,2014,凌钢股份：2014年年度报告摘要,600231.SH,凌钢股份,制造业,黑色金属冶炼及压延加工业,辽宁省,地方国资委,http://vip.stock.finance.sina.com.cn/corp/go.php/vCB_Bulletin/stockid/600231/page_type/ndbg.phtml,,,,,,
"""601b983e031af7a1feeab891""",一带一路（19年之前）,年度报告,2014,宁夏建材：2014年年度报告,600449.SH,宁夏建材,制造业,非金属矿物制品业,宁夏回族自治区,国资委,http://vip.stock.finance.sina.com.cn/corp/go.php/vCB_Bulletin/stockid/600449/page_type/ndbg.phtml,,,,,,
"""601b983e031af7a1feeab896""",一带一路（19年之前）,年度报告,2014,荣盛发展：2014年年度报告摘要,002146.SZ,荣盛发展,房地产业,房地产业,河北省,个人,http://vip.stock.finance.sina.com.cn/corp/go.php/vCB_Bulletin/stockid/002146/page_type/ndbg.phtml,,,,,,
"""601b983e031af7a1feeab8d4""",一带一路（19年之前）,年度报告,2014,太平洋：2014年年度报告摘要,601099.SH,太平洋,金融业,资本市场服务,云南省,无实际控制人,http://vip.stock.finance.sina.com.cn/corp/go.php/vCB_Bulletin/stockid/601099/page_type/ndbg.phtml,,,,,,
"""601b983e031af7a1feeab8ae""",一带一路（19年之前）,年度报告,2014,东南网架：2014年年度报告（更新后）,002135.SZ,东南网架,制造业,金属制品业,浙江省,个人,http://vip.stock.finance.sina.com.cn/corp/go.php/vCB_Bulletin/stockid/002135/page_type/ndbg.phtml,,,,,,
"""601b983e031af7a1feeab8bb""",一带一路（19年之前）,年度报告,2014,越秀金控：2014年年度报告,000987.SZ,越秀金控,金融业,其他金融业,广东省,地方国资委,http://vip.stock.finance.sina.com.cn/corp/go.php/vCB_Bulletin/stockid/000987/page_type/ndbg.phtml,,,,,,
"""601b983e031af7a1feeab895""",一带一路（19年之前）,年度报告,2014,首航高科：2014年年度报告,002665.SZ,首航高科,制造业,电气机械及器材制造业,甘肃省,个人,http://vip.stock.finance.sina.com.cn/corp/go.php/vCB_Bulletin/stockid/002665/page_type/ndbg.phtml,,,,,,
"""601b983e031af7a1feeab8ab""",一带一路（19年之前）,年度报告,2014,安徽合力：2014年年度报告,600761.SH,安徽合力,制造业,专用设备制造业,安徽省,地方国资委,http://vip.stock.finance.sina.com.cn/corp/go.php/vCB_Bulletin/stockid/600761/page_type/ndbg.phtml,,,,,,
"""601b983e031af7a1feeab8ac""",一带一路（19年之前）,年度报告,2014,中国巨石：2014年年度报告摘要,600176.SH,中国巨石,制造业,非金属矿物制品业,浙江省,国资委,http://vip.stock.finance.sina.com.cn/corp/go.php/vCB_Bulletin/stockid/600176/page_type/ndbg.phtml,,,,,,
"""601b983e031af7a1feeab8c3""",一带一路（19年之前）,年度报告,2014,江南嘉捷：2014年年度报告,601313.SH,江南嘉捷,,,,无实际控制人,http://vip.stock.finance.sina.com.cn/corp/go.php/vCB_Bulletin/stockid/601313/page_type/ndbg.phtml,,,,,,
"""601b983e031af7a1feeab8cd""",一带一路（19年之前）,年度报告,2014,招商地产：2014年年度报告摘要,000024.SZ,招商地产,,,,无实际控制人,http://vip.stock.finance.sina.com.cn/corp/go.php/vCB_Bulletin/stockid/000024/page_type/ndbg.phtml,,,,,,
"""601b983e031af7a1feeab887""",一带一路（19年之前）,年度报告,2014,北方国际：2014年年度报告,000065.SZ,北方国际,电力、热力、燃气及水的生产和供应业,土木工程建筑业,北京市,地方国资委,http://vip.stock.finance.sina.com.cn/corp/go.php/vCB_Bulletin/stockid/000065/page_type/ndbg.phtml,,,,,,
"""601b983e031af7a1feeab889""",一带一路（19年之前）,年度报告,2014,中国神华：2014年年度报告,601088.SH,中国神华,采矿业,煤炭开采和洗选业,北京市,国资委,http://vip.stock.finance.sina.com.cn/corp/go.php/vCB_Bulletin/stockid/601088/page_type/ndbg.phtml,,,,,,
"""601b983e031af7a1feeab88c""",一带一路（19年之前）,年度报告,2014,大名城：2014年年度报告,600094.SH,大名城,房地产业,房地产业,上海市,个人,http://vip.stock.finance.sina.com.cn/corp/go.php/vCB_Bulletin/stockid/600094/page_type/ndbg.phtml,,,,,,
"""601b983e031af7a1feeab8a3""",一带一路（19年之前）,年度报告,2014,浦发银行：2014年年度报告,600000.SH,浦发银行,金融业,货币金融服务,上海市,无实际控制人,http://vip.stock.finance.sina.com.cn/corp/go.php/vCB_Bulletin/stockid/600000/page_type/ndbg.phtml,,,,,,
"""601b983e031af7a1feeab8a9""",一带一路（19年之前）,年度报告,2014,*ST京城：2014年年度报告摘要,600860.SH,*ST京城,制造业,专用设备制造业,北京市,地方国资委,http://vip.stock.finance.sina.com.cn/corp/go.php/vCB_Bulletin/stockid/600860/page_type/ndbg.phtml,,,,,,
"""601b983e031af7a1feeab8b8""",一带一路（19年之前）,年度报告,2014,海油工程：2014年年度报告,600583.SH,海油工程,采矿业,开采辅助活动,天津市,国资委,http://vip.stock.finance.sina.com.cn/corp/go.php/vCB_Bulletin/stockid/600583/page_type/ndbg.phtml,,,,,,
"""601b983e031af7a1feeab8c2""",一带一路（19年之前）,年度报告,2014,ST昌九：2014年年度报告,600228.SH,ST昌九,制造业,化学原料及化学制品制造业,江西省,地方政府,http://vip.stock.finance.sina.com.cn/corp/go.php/vCB_Bulletin/stockid/600228/page_type/ndbg.phtml,,,,,,
"""601b983e031af7a1feeab87a""",一带一路（19年之前）,年度报告,2014,日照港：2014年年度报告,600017.SH,日照港,交通运输、仓储和邮政业,水上运输业,山东省,地方政府,http://vip.stock.finance.sina.com.cn/corp/go.php/vCB_Bulletin/stockid/600017/page_type/ndbg.phtml,,,,,,
"""601b983e031af7a1feeab87e""",一带一路（19年之前）,年度报告,2014,苏交科：2014年年度报告摘要,300284.SZ,苏交科,科学研究和技术服务业,专业技术服务业,江苏省,个人,http://vip.stock.finance.sina.com.cn/corp/go.php/vCB_Bulletin/stockid/300284/page_type/ndbg.phtml,,,,,,
"""601b983e031af7a1feeab87c""",一带一路（19年之前）,年度报告,2014,安控科技：2014年年度报告,300370.SZ,安控科技,制造业,仪器仪表制造业,北京市,个人,http://vip.stock.finance.sina.com.cn/corp/go.php/vCB_Bulletin/stockid/300370/page_type/ndbg.phtml,,,,,,
"""601b983e031af7a1feeab8a2""",一带一路（19年之前）,年度报告,2014,招商银行：2014年年度报告,600036.SH,招商银行,金融业,货币金融服务,广东省,无实际控制人,http://vip.stock.finance.sina.com.cn/corp/go.php/vCB_Bulletin/stockid/600036/page_type/ndbg.phtml,,,,,,
"""601b983e031af7a1feeab8a6""",一带一路（19年之前）,年度报告,2014,上海电气：2014年年度报告摘要,601727.SH,上海电气,制造业,通用设备制造业,上海市,地方国资委,http://vip.stock.finance.sina.com.cn/corp/go.php/vCB_Bulletin/stockid/601727/page_type/ndbg.phtml,,,,,,
"""601b983e031af7a1feeab8b5""",一带一路（19年之前）,年度报告,2014,三维工程：2014年年度报告,002469.SZ,三维工程,电力、热力、燃气及水的生产和供应业,土木工程建筑业,山东省,个人,http://vip.stock.finance.sina.com.cn/corp/go.php/vCB_Bulletin/stockid/002469/page_type/ndbg.phtml,,,,,,
"""601b983e031af7a1feeab8d5""",一带一路（19年之前）,年度报告,2014,科华恒盛：2014年年度报告,002335.SZ,科华恒盛,制造业,电气机械及器材制造业,福建省,个人,http://vip.stock.finance.sina.com.cn/corp/go.php/vCB_Bulletin/stockid/002335/page_type/ndbg.phtml,,,,,,
"""601b983e031af7a1feeab8c5""",一带一路（19年之前）,年度报告,2014,安徽建工：2014年年度报告摘要,600502.SH,安徽建工,电力、热力、燃气及水的生产和供应业,土木工程建筑业,安徽省,地方国资委,http://vip.stock.finance.sina.com.cn/corp/go.php/vCB_Bulletin/stockid/600502/page_type/ndbg.phtml,,,,,,
"""601b983e031af7a1feeab882""",一带一路（19年之前）,年度报告,2014,康力电梯：2014年年度报告摘要,002367.SZ,康力电梯,制造业,通用设备制造业,江苏省,个人,http://vip.stock.finance.sina.com.cn/corp/go.php/vCB_Bulletin/stockid/002367/page_type/ndbg.phtml,,,,,,
"""601b983e031af7a1feeab884""",一带一路（19年之前）,年度报告,2014,世联行：2014年年度报告,002285.SZ,世联行,房地产业,房地产业,广东省,地方国资委,http://vip.stock.finance.sina.com.cn/corp/go.php/vCB_Bulletin/stockid/002285/page_type/ndbg.phtml,,,,,,
"""601b983e031af7a1feeab888""",一带一路（19年之前）,年度报告,2014,中信银行：2014年年度报告,601998.SH,中信银行,金融业,货币金融服务,北京市,中央国家机关,http://vip.stock.finance.sina.com.cn/corp/go.php/vCB_Bulletin/stockid/601998/page_type/ndbg.phtml,,,,,,
"""601b983e031af7a1feeab893""",一带一路（19年之前）,年度报告,2014,宝通科技：2014年年度报告,300031.SZ,宝通科技,信息传输、软件和信息技术服务业,互联网和相关服务,江苏省,个人,http://vip.stock.finance.sina.com.cn/corp/go.php/vCB_Bulletin/stockid/300031/page_type/ndbg.phtml,,,,,,
"""601b983e031af7a1feeab89b""",一带一路（19年之前）,年度报告,2014,厦门港务：2014年年度报告,000905.SZ,厦门港务,交通运输、仓储和邮政业,水上运输业,福建省,地方国资委,http://vip.stock.finance.sina.com.cn/corp/go.php/vCB_Bulletin/stockid/000905/page_type/ndbg.phtml,,,,,,
"""601b983e031af7a1feeab8bd""",一带一路（19年之前）,年度报告,2014,启迪环境：2014年年度报告,000826.SZ,启迪环境,水利、环境和公共设施管理业,生态保护和环境治理业,湖北省,个人,http://vip.stock.finance.sina.com.cn/corp/go.php/vCB_Bulletin/stockid/000826/page_type/ndbg.phtml,,,,,,
"""601b983e031af7a1feeab8d0""",一带一路（19年之前）,年度报告,2014,兴蓉环境：2014年年度报告,000598.SZ,兴蓉环境,电力、热力、燃气及水的生产和供应业,水的生产和供应业,四川省,地方国资委,http://vip.stock.finance.sina.com.cn/corp/go.php/vCB_Bulletin/stockid/000598/page_type/ndbg.phtml,,,,,,
"""601b983e031af7a1feeab8c9""",一带一路（19年之前）,年度报告,2014,楚江新材：2014年年度报告,002171.SZ,楚江新材,制造业,有色金属冶炼及压延加工业,安徽省,个人,http://vip.stock.finance.sina.com.cn/corp/go.php/vCB_Bulletin/stockid/002171/page_type/ndbg.phtml,,,,,,
"""601b983e031af7a1feeab8bc""",一带一路（19年之前）,年度报告,2014,天保基建：2014年年度报告,000965.SZ,天保基建,房地产业,房地产业,天津市,地方国资委,http://vip.stock.finance.sina.com.cn/corp/go.php/vCB_Bulletin/stockid/000965/page_type/ndbg.phtml,,,,,,
