_id,name,stockCode,__v,age,createdAt,degree,description,gender,group,is13NPCMember,isCCPMember,lastUpdated,salary,stockAmount,stockName,title,updatedAt
5f656fb3ade9005a1eca3467,朱光祖,000403,0,56,2020-09-19T02:40:51.320Z,本科,"朱光祖,男,中国国籍,无境外永久居留权,1964年生,1988年7月毕业于中国人民解放军第二军医大学,本科学历,党员。1988年10月-1992年5月在中国人民解放军第422医院工作;1992年6月-1993年8月在海耀生物制品研究所工作;1993年8月-1998年6月在湛江双林药业有限公司工作,曾任质检科科长,生产部部长;1998年6月-2004年4月在三九集团湛江开发区双林药业有限公司工作,曾任总工程师,副总经理;2004年4月-2018.12.14任广东双林生物制药有限公司总经理;2018.12.14-至今任广东双林生物制药有限公司总经理。",男,manager,,1,2018-12-19T00:00:00.000Z,2855000,186500,双林生物,总经理,2020-12-21T04:18:15.533Z
5f656ffcade9005a1eca46f7,刘欢,000419,0,50,2020-09-19T02:42:04.434Z,本科,"刘欢女士,女,汉族,1970年3月出生,1990年12月参加工作,2004年12月入党,本科学历,会计师,曾任长沙通程控股股份有限公司法审部主管,现任长沙通程控股股份有限公司第五届监事会职工代表监事,长沙通程控股股份有限公司法审部经理,长沙通程国际大酒店有限公司监事。长沙通程温泉大酒店有限公司监事。",女,supervisoryCommittee,,1,2020-06-30T00:00:00.000Z,120000,0,通程控股,监事,2021-01-20T22:28:27.301Z
5f656ffcade9005a1eca46ec,罗治国,000419,0,43,2020-09-19T02:42:04.389Z,本科,"罗治国先生,男,汉族,1977年7月出生,2000年3月参加工作,2010年7月入党,本科学历,历任长沙通程控股股份有限公司工程建设指挥部采购主管,长沙通程控股股份有限公司物业管理部副经理。现任长沙通程控股股份有限公司公司第五届监事会职工代表监事,物业服务分公司经理。长沙通程温泉大酒店有限公司董事。",男,supervisoryCommittee,,1,2020-06-30T00:00:00.000Z,180000,0,通程控股,监事,2021-01-20T22:28:29.259Z
5f657242ade9005a1ecaafc6,管大源,000559,0,57,2020-09-19T02:51:46.730Z,硕士,"管大源:男,1963年12月生,浙江杭州人,硕士研究生学历,高级经济师,党员。现任万向钱潮股份有限公司董事长、万向集团公司资深执行副总裁、顺发恒业股份公司董事长、万向德农股份有限公司董事长、万向资源有限公司董事长。历任万向集团公司总经理助理兼总经理办公室主任、万向集团公司发展部总经理、深圳万向投资有限公司总经理等职。",男,manager,,1,2020-02-12T00:00:00.000Z,0,0,万向钱潮,财务负责人,2020-12-21T04:25:54.008Z
5f65726dade9005a1ecab93a,杜璟,000564,0,44,2020-09-19T02:52:29.944Z,本科,"杜璟女士,1976年出生,党员,中南财经政法大学管理学学士,已取得深交所颁发的董事会秘书资格证书。杜璟曾任西安民生集团股份有限公司董事会办公室主任、董事会秘书,海航投资集团股份有限公司副总裁、董事会秘书。现任供销大集集团股份有限公司董事会秘书。",女,manager,,1,2020-09-19T00:00:00.000Z,301300,0,供销大集,董事会秘书,2020-12-21T04:26:07.762Z
5f657409ade9005a1ecaf2dc,蔡军,000571,0,50,2020-09-19T02:59:21.739Z,大专,"蔡军:男,1970年出生,专科学历。1991年3月至2001年12月,历任江苏省射阳县粮食局、粮油集团公司职员、会计、主任科员等职;2002年1月至2003年9月,历任江苏射阳县委宣传部射阳日报社副主任,发行公司副总经理等职;2003年10月至2015年10月,历任盐城中远物流有限公司办公室主任,JIANGSUYONGCHANGGLOVISWAREHOUSING&TRANSPORTATIONCO.,LTD(中国远洋物流有限公司与韩国现代GLOVIS合资)管理本部长,江苏中远供应链管理有限公司供应链金融事业部部长,江苏嘉华鼎泰汽车有限公司董事、常务副总经理,江苏悦达嘉华汽车销售有限公司董事,中远供应链管理有限公司江浙区域负责人等职;2015年11月至今,任大连和升控股集团国内事业部总经理。",男,supervisoryCommittee,,1,2020-09-19T00:00:00.000Z,0,0,*ST大洲,监事,2021-01-21T01:04:29.015Z
5f657426ade9005a1ecaf8c9,华婉蓉,000581,0,56,2020-09-19T02:59:50.757Z,硕士,"华婉蓉:女,1964年9月生,江苏无锡市人。1984年7月参加工作,1990年10月入党,本科学历,硕士学位,高级会计师职称,历任无锡市财政局科员、副科长、处长,无锡市国资委处长,现任无锡产业发展集团有限公司财务总监、财务管理部部长。",女,board,,1,2018-06-28T00:00:00.000Z,0,0,威孚高科,董事,2021-01-20T22:28:29.425Z
5f65758fade9005a1ecb48ee,王德宏,000631,0,52,2020-09-19T03:05:51.703Z,博士,"王德宏,男,1968年6月出生,湖北随州人,本科学历,在职博士研究生,党员,公司董事。历任上海市张江集团总经理助理、上海市浦东新区陆家嘴管委会处长、副主任、上海国际旅游度假区管委会副主任等职。现任民生人寿保险股份有限公司执行委员。",男,board,,1,2018-04-28T00:00:00.000Z,1000000,0,顺发恒业,董事,2020-12-21T04:31:21.127Z
5f657590ade9005a1ecb494e,来冰,000631,0,45,2020-09-19T03:05:52.111Z,本科,"来冰女士,1975年11月生,浙江杭州人,本科学历,助理会计师,党员。1996年7月参加工作,历任万向集团置地事业部出纳、浙江万向房地产有限公司市场部经理、顺发恒业股份公司客户服务部经理,现任顺发恒业股份公司商业管理部经理、分工会主席。",女,supervisoryCommittee,,1,2018-04-19T00:00:00.000Z,502300,0,顺发恒业,职工监事,2020-12-21T04:31:21.542Z
5f65758fade9005a1ecb4906,管大源,000631,0,57,2020-09-19T03:05:51.791Z,硕士,"管大源:男,1963年12月生,浙江杭州人,硕士研究生学历,高级经济师,党员。现任万向钱潮股份有限公司董事长、万向集团公司资深执行副总裁、顺发恒业股份公司董事长、万向德农股份有限公司董事长、万向资源有限公司董事长。历任万向集团公司总经理助理兼总经理办公室主任、万向集团公司发展部总经理、深圳万向投资有限公司总经理等职。",男,board,,1,2018-04-28T00:00:00.000Z,0,0,顺发恒业,董事,2020-12-21T04:31:21.220Z
5f657590ade9005a1ecb4943,孙建荣,000631,0,45,2020-09-19T03:05:52.065Z,大专,"孙建荣先生,1975年6月出生,浙江杭州人,大专学历,党员,公司监事长。1994年8月进万向,先后在万向钱潮从事一线操作、万向经济协警大队从事稽核工作。现为万向集团公司董事局监察室监察员。",男,supervisoryCommittee,,1,2018-04-28T00:00:00.000Z,0,0,顺发恒业,监事,2020-12-21T04:31:21.495Z
5f657590ade9005a1ecb4964,钱嘉清,000631,0,40,2020-09-19T03:05:52.203Z,本科,"钱嘉清,女,1980年5月生,浙江嘉善人,本科学历,经济师,党员。历任浙江工信房地产开发有限公司综合部副经理、经理,顺发恒业股份公司职工监事,现任顺发恒业股份公司行政人力资源部经理。",女,manager,,1,2018-09-29T00:00:00.000Z,318300,0,顺发恒业,董事会秘书,2020-12-21T04:31:21.666Z
5f657593ade9005a1ecb4a38,王林,000632,0,66,2020-09-19T03:05:55.289Z,本科,"王林先生,汉族,中国国籍,无永久境外居留权,1954年5月出生,本科学历。1970年起先后在怀化芷江县小学、芷江县教育局、长沙望城县一中、长沙职业技术专科学校、长沙学院、湖南雅泰国际广告公司、湖南王林管理顾问公司、长沙康萨坦咨询有限责任公司、中南大学商学院企业文化研究中心任教和任职,曾任老百姓大药房全国连锁机构有限公司、湖南友谊阿波罗商业股份有限公司、量子高科(中国)生物股份有限公司独立董事。现任潇湘牡丹会文化传播有限公司监事。兼任正和岛首席经济学家、湖南晟通科技集团有限公司顾问、大汉控股集团有限公司顾问、远大科技集团有限公司顾问、民进中央经济委员会副主任、江西财经大学兼职教授、湖南省文物局顾问、怀化市、常德市、张家界市、株洲市人民政府经济顾问,凤凰、芷江、石门、炎陵、永江、洪江县委经济顾问,湖南省培育发展战略性新兴产业专家委员会委员,福建三木集团股份有限公司、湖南电广传媒股份有限公司独立董事;2015年11月至今任湖南和顺石油股份有限公司独立董事。",男,board,,,2019-06-29T00:00:00.000Z,96000,0,三木集团,独立董事,2020-12-21T04:31:29.359Z
5f65758fade9005a1ecb48f8,孙坚,000631,0,45,2020-09-19T03:05:51.748Z,硕士,"孙坚,男,1975年4月出生,浙江杭州人,硕士学历,高级工程师,党员。历任浙江万邦会计师事务所部门经理、浙江工信房产成本管理部经理、风雅置业副总经理、顺发恒业股份公司总经理助理等职。现任通惠康养游股份公司总监。",男,board,,1,2018-04-28T00:00:00.000Z,0,0,顺发恒业,董事,2020-12-21T04:31:21.174Z
5f65771dade9005a1ecbaa3a,罗松彪,000713,0,58,2020-09-19T03:12:29.581Z,本科,"罗松彪:男,1962年2月出生,党员,大学学历,高级农艺师。现任合肥丰乐种业股份有限公司董事。曾任肥东县种子公司良繁股长、副经理、经理、书记,肥东丰乐种业有限责任公司总经理、书记,合肥丰乐种业股份有限公司副总经理兼油料事业部经理、经济作物专业公司执行董事、丰乐农科院院长。",男,manager,,1,2015-02-12T00:00:00.000Z,410800,0,丰乐种业,常务副总经理,2020-12-21T04:50:56.315Z
5f65775cade9005a1ecbb94f,朱庆华,000723,0,58,2020-09-19T03:13:32.876Z,硕士,"朱庆华先生,1962年生,大学本科,高级经济师,通过人民大学MBA课程培训、国家教育部备案的双创导师。曾获许昌市职工合理化建议一等奖、河南省管理成果一等奖和河南省优秀论著。全程参与许继电气股份制改制、现代企业制度建立和股票发行上市工作,多次被评为公司先进工作者、优秀党员,并被评为河南省机械行业企业先进管理者、优秀董秘、金牛董秘,最具创新力董秘,并获得董秘勋章。历任许继公司计划员、证券事务代表、策划处处长、证券处处长、福建天宇公司董事和高管、福建省高级经济师评委。现任山西美锦能源股份有限公司副总经理、董事兼董事会秘书。",男,manager,,1,2020-07-16T00:00:00.000Z,218500,3000000,美锦能源,"董事会秘书,副总经理",2020-12-21T04:51:42.204Z
5f6578a5ade9005a1ecbe5f2,杨凯,000733,0,47,2020-09-19T03:19:01.096Z,本科,"杨凯,性别,男,出生年月,1973.04,民族,侗族,籍贯贵州天柱,出生地,贵州凯里,入党时间,2008.05,参加工作时间1995.07,健康状况健康专业技术职务高级工程师熟悉专业有何专长材料采购、供应与管理学历,学位,全日制教育,本科毕业院校系及专业贵州工学院冶金系有色金属专业,在职教育毕业院校系及专业,现任职务中国振华(集团)新云电子元器件有限责任公司常务副总经理,主要简历1991.09-1995.07贵州工学院冶金系有色金属专业学习学生,1995.07-2000.12中国振华(集团)新云电子元器件有限责任公司供应处(物资部)采购员,2000.12-2003.01中国振华(集团)新云电子元器件有限责任公司供应处(物资部)副处长(副部长),2003.01-2004.02中国振华(集团)新云电子元器件有限责任公司供应处(物资部)副处长(副部长)(主持工作),2004.02-2006.07中国振华(集团)新云电子元器件有限责任公司采购部(供应处)部长(处长),2006.07-2007.07中国振华(集团)新云电子元器件有限责任公司第五车间主任,2007.07-2009.06中国振华(集团)新云电子元器件有限责任公司总经理助理,2009.06-2014.01中国振华(集团)新云电子元器件有限责任公司副总经理,2014.01-2017.02中国振华(集团)新云电子元器件有限责任公司常务副总经理,2017.03-2018.04中国振华(集团)新云电子元器件有限责任公司总经理(试用期一年),2018.05-中国振华(集团)新云电子元器件有限责任公司(阻容感板块)总经理。",男,manager,,1,2018-12-19T00:00:00.000Z,987300,0,振华科技,副总经理,2021-01-20T22:28:29.699Z
5f6578ffade9005a1ecbfd1e,陈启斌,000766,0,66,2020-09-19T03:20:31.232Z,本科,"陈启斌先生,中国国籍,1954年出生,本科学历,党员,一级律师。1989年12月至2007年8月在通化市司法局工作,历任律管科科长、公正管理科科长、政治部副主任、办公室主任;2011年6月至2013年9月任公司独立董事;2007年9月至今任吉林陈启斌律师事务所主任;2018年5月至今任通化金马药业集团股份有限公司独立董事。陈启斌先生2008年获得吉林省司法局颁发的吉林省优秀律师称号,2010年获得通化市司法局、市律师协会颁发的通化市首届十佳律师称号。",男,board,,1,2020-04-16T00:00:00.000Z,50000,0,通化金马,独立董事,2020-12-21T05:02:29.000Z
5f657b1fade9005a1ecc6aa3,石小红,000868,0,35,2020-09-19T03:29:35.197Z,本科,"石小红,女,1985年12月出生,党员,本科学历,2008年7月参加工作,现任安徽安凯汽车股份有限公司法务部副部长,安徽安凯汽车股份有限公司职工监事。",女,supervisoryCommittee,,1,2020-08-13T00:00:00.000Z,187600,0,ST安凯,职工监事,2020-12-21T05:07:48.240Z
5f657a19ade9005a1ecc41ae,张辉玉,000830,0,53,2020-09-19T03:25:13.262Z,本科,"张辉玉,男,1967年出生,华东政法大学法学学士,现为山东誉实律师事务所高级合伙人、执业律师,荣获山东省律师行业优秀党员律师、济南市先锋律师等荣誉称号。现任山东誉实律师事务所做高级合伙人、执业律师。不存在在上市公司股东、实际控制人等单位任职的情况。张辉玉先生已取得交易所颁发的独立董事资格证书。",男,board,,1,2019-05-06T00:00:00.000Z,50000,0,鲁西化工,独立董事,2020-12-21T05:05:57.002Z
5f6579f3ade9005a1ecc3883,罗贤旭,000821,0,57,2020-09-19T03:24:35.086Z,硕士,"罗贤旭,中国国籍,无永久境外居留权。出生于1963年,研究生学历,工程师。历任京山县针织厂副厂长,京山县委办公室科长,京山县体改委副主任等职,1999年至2004年4月任湖北京山轻工机械股份有限公司董事、副总经理;2004年4月至2005年5月任湖北京山轻工机械股份有限公司董事、副总经理、董事会秘书;2005年5月至今任湖北京山轻工机械股份有限公司董事;2014年1月至2018年6月任中泰和融资租赁有限公司董事;2015年8月至今任深圳雄韬电源科技股份有限公司董事。",男,board,,1,2020-05-21T00:00:00.000Z,0,0,京山轻机,董事,2021-01-21T01:04:12.974Z
5f657b89ade9005a1ecc7e77,张华仙,000888,0,55,2020-09-19T03:31:21.054Z,硕士,"张华仙女士,女,1965 年生,党员,研究生学历,高级经济师.1987 年至1993 年,在峨眉山市房地产公司塑料厂搞管理工作;1993年至1997 年,在峨眉山市城建房屋建筑公司搞财务工作;1997 年在峨眉山旅游股份有限公司财务部、证券部、投资部工作,担任证券部投资科科长、证券部副经理、投资部经理;2000 年担任公司证券事务代表;2002 年获得深圳证券交易所董事会秘书资格证;2003 年担任公司投资部经理;2006 年至今担任公司董事会秘书.",女,manager,,1,2011-06-18T00:00:00.000Z,384100,0,峨眉山Ａ,董事会秘书,2020-12-21T05:09:45.119Z
5f657bbaade9005a1ecc8844,王旺林,000898,0,46,2020-09-19T03:32:10.855Z,硕士,"王旺林先生,1974年5月出生,中国国籍,无境外居留权,现任北京市致诚律师事务所副主任、律师,北京工商大学法律硕士研究生实践导师,中国青年志愿者协会监事会监事。王旺林先生于北京工商大学民商法学专业毕业,获硕士学位。王旺林先生曾获全国扶残助残先进个人、司法部直属机关优秀党员、优秀青年等荣誉称号。王旺林先生曾任司法部法律援助司副处长,司法部社区矫正管理局处长,曾任中组部第八批国家信访局挂职干部,中组部第七批援藏干部,西藏监狱管理局副局长、西藏司法警官医院负责人等职务。",男,board,,1,2020-03-17T00:00:00.000Z,0,0,鞍钢股份,独立非执行董事,2020-12-21T05:10:39.002Z
5f657c0cade9005a1ecc9b19,王林,000917,0,66,2020-09-19T03:33:32.245Z,本科,"王林先生,汉族,中国国籍,无永久境外居留权,1954年5月出生,本科学历。1970年起先后在怀化芷江县小学、芷江县教育局、长沙望城县一中、长沙职业技术专科学校、长沙学院、湖南雅泰国际广告公司、湖南王林管理顾问公司、长沙康萨坦咨询有限责任公司、中南大学商学院企业文化研究中心任教和任职,曾任老百姓大药房全国连锁机构有限公司、湖南友谊阿波罗商业股份有限公司、量子高科(中国)生物股份有限公司独立董事。现任潇湘牡丹会文化传播有限公司监事。兼任正和岛首席经济学家、湖南晟通科技集团有限公司顾问、大汉控股集团有限公司顾问、远大科技集团有限公司顾问、民进中央经济委员会副主任、江西财经大学兼职教授、湖南省文物局顾问、怀化市、常德市、张家界市、株洲市人民政府经济顾问,凤凰、芷江、石门、炎陵、永江、洪江县委经济顾问,湖南省培育发展战略性新兴产业专家委员会委员,福建三木集团股份有限公司、湖南电广传媒股份有限公司独立董事;2015年11月至今任湖南和顺石油股份有限公司独立董事。",男,board,,,2019-12-12T00:00:00.000Z,10200,0,电广传媒,独立董事,2020-12-21T05:18:16.684Z
5f657fcdade9005a1ecd67ca,张辉玉,002083,0,53,2020-09-19T03:49:33.428Z,本科,"张辉玉,男,1967年出生,华东政法大学法学学士,现为山东誉实律师事务所高级合伙人、执业律师,荣获山东省律师行业优秀党员律师、济南市先锋律师等荣誉称号。现任山东誉实律师事务所做高级合伙人、执业律师。不存在在上市公司股东、实际控制人等单位任职的情况。张辉玉先生已取得交易所颁发的独立董事资格证书。",男,board,,1,2020-05-28T00:00:00.000Z,80000,0,孚日股份,独立董事,2020-12-21T05:44:07.825Z
5f657f9bade9005a1ecd5b12,张宁,002072,0,25,2020-09-19T03:48:43.501Z,大专,"张宁,男,中国国籍,1995年02月11日生,党员,大专学历。曾在临汾市公安局直属分局、临汾市教练学校、山西辰达泰矿山设备有限公司任职。",男,supervisoryCommittee,,1,2020-03-27T00:00:00.000Z,0,0,ST凯瑞,监事,2020-12-21T05:42:59.283Z
5f657fdcade9005a1ecd6bb7,马兆山,002086,0,50,2020-09-19T03:49:48.181Z,本科,"马兆山,男,1970年7月出生,政治面貌:党员,文化程度:大学,工作经历:1991.7-1995.1烟台市渔政监督管理站员工,1995.1-1997.4烟台市海洋监察大队员工,1997.4-1998.8烟台市水产技术推广中心办公室主任,1998.8-2001.12烟台东方海洋开发有限公司办公室主任,2001.12至今山东东方海洋科技股份有限公司办公室主任,2004.12-2019.12山东东方海洋科技股份有限公司监事。",男,manager,,1,2019-12-07T00:00:00.000Z,80000,0,*ST东洋,副总经理,2020-12-21T05:44:20.540Z
5f65806cade9005a1ecd8e1f,梁萍,002113,0,34,2020-09-19T03:52:12.343Z,本科,"梁萍,女,1986年出生,党员,中国国籍,无永久境外居留权,本科学历。2009年9月至2016年6月在湖南天润数字娱乐文化传媒股份有限公司证券部工作,2016年7月起任湖南天润数字娱乐文化传媒股份有限公司证券部副部长。于2015年11月取得深交所颁发的董事会秘书资格证书。2019年10月8日起担任公司副总经理兼董事会秘书。2020年7月2日起继续任湖南天润数字娱乐文化传媒股份有限公司副总经理兼董事会秘书。",女,manager,,1,2020-07-02T00:00:00.000Z,153400,0,*ST天润,"董事会秘书,副总经理",2020-12-21T05:46:57.429Z
5f6580f4ade9005a1ecdac3d,徐健,002135,0,45,2020-09-19T03:54:28.778Z,本科,"徐健:男,中国国籍,1975年出生,本科学历,高级工程师。历任浙江东南网架股份有限公司工程师,设计院网架设计所所长,设计院钢结构所所长,浙江东南网架股份有限公司副总工程师,天津东南钢结构有限公司总经理。现担任中国钢结构协会理事、中国金属结构协会理事、天津钢结构协会副会长、天津钢结构学会副理事长;2013年11月,当选天津市滨海新区第二次代表大会党代表;2014年10月,被授予全国施工企业科技精英。2014年10月,被授予中国钢结构杰出人才奖;2015年1月被授予天津市五一劳动奖章。现任浙江东南网架股份有限公司副总经理、副总工程师,河北雄安东南网架凯盛建筑科技有限公司执行董事。",男,manager,,1,2020-04-23T00:00:00.000Z,411300,0,东南网架,副总经理,2021-01-20T22:28:28.707Z
5f658146ade9005a1ecdbe95,尤源,002151,0,58,2020-09-19T03:55:50.139Z,本科,"尤源,男,中国籍,无境外永久居留权,1962年1月出生,民建党员,浙江工业大学工业电气自动化专业学士学位,高级工程师。2000年2月至今任浙江正原电气股份有限公司(以下简称“正原电气”)董事长,曾任嘉兴佳利电子有限公司董事长,2013年1月至今任嘉兴佳利电子有限公司总经理。尤源先生为全国工商联优秀民营企业家、嘉兴市人大代表、浙江省劳动模范、嘉兴市优秀私营企业家、嘉兴市十佳创业者、中国第二代卫星导航系统重大专项应用推广与产业化专家组专家。",男,manager,,1,2017-12-29T00:00:00.000Z,618700,657900,北斗星通,副总经理,2020-12-21T05:52:25.564Z
5f6581daade9005a1ecdde26,蒋海鸣,002175,0,46,2020-09-19T03:58:18.625Z,硕士,"蒋海鸣女士,中国国籍,无境外居留权,出生于1974年,硕士研究生学历,党员。曾任博思关联咨询有限公司行政财务、洛娃集团有限公司财务主任、北京高德悦勤会计师事务所项目经理,现任北京瑞德励勤税务师事务所副总经理。",女,board,,1,2018-03-02T00:00:00.000Z,0,0,*ST东网,独立董事,2020-09-19T03:58:18.625Z
5f658281ade9005a1ece03e6,付键,002200,0,43,2020-09-19T04:01:05.468Z,硕士,"付键先生,1977年6月生,中国党员,硕士;工程师,三级企业人力资源管理师。1997年7月至2007年2月先后任云南云景林纸股份有限公司热电分厂班长、值班长、工艺工程师,企业管理部绩效考核管理岗;2007年2月至2010年11月先后任云南勐象竹业有限公司综合部人力资源部副经理;2010年11月至2011年6月先后任云南省投资控股集团有限公司组织人事部部长助理、副部长,2016年11月至今任云南省投资控股集团有限公司经营管理部副总经理,其中2019年8月至今兼任中视云投文化旅游产业投资有限公司副总经理。",男,board,,1,2020-12-03T00:00:00.000Z,0,0,ST云投,董事,2020-12-21T05:59:04.162Z
5f6582aaade9005a1ece0ce1,汤洋,002207,0,52,2020-09-19T04:01:46.442Z,本科,"汤洋:女,1968年11月出生,中国国籍,党员,无境外永久居留权,本科学历,高级会计师、注册税务师、资产评估师、注册房地产估价师、土地估价师。1989年7月毕业于新疆农业大学,1989年参加工作。2012年至2016年在中瑞岳华税务师事务所新疆有限公司任总经理;2017年1月至2017年8月在新疆远大华美建筑工业有限公司任财务总监;2017年10月至2018年3月在新疆水利投资控股有限公司任资产管理运营部总经理;2018年3月至2018年9月在新疆光正投资控股有限公司任财务总监;2018年10月至今在新疆启润农业生物科技有限公司任副总经理兼财务总监,目前兼任中信国安葡萄酒业股份有限公司、新疆国统管道股份有限公司独立董事。",女,board,,1,2019-01-19T00:00:00.000Z,50000,0,准油股份,独立董事,2020-12-21T05:59:38.899Z
5f658290ade9005a1ece07e1,董志强,002203,0,51,2020-09-19T04:01:20.756Z,本科,"董志强,男,中国国籍,党员,1969年12月出生,本科学历,工程师、高级经济师。曾任金龙精密铜管集团股份有限公司、上海龙阳精密复合铜管有限公司生产主管,上海龙昂国际贸易有限公司副经理,江苏仓环铜业股份有限公司总经理,金龙精密铜管集团股份有限公司副总裁。现任浙江海亮股份有限公司副总经理。",男,manager,,1,2019-09-17T00:00:00.000Z,759400,0,海亮股份,副总经理,2020-12-21T05:59:18.849Z
5f6582f6ade9005a1ece1dfe,宋丽华,002219,0,57,2020-09-19T04:03:02.560Z,硕士,"宋丽华,女,1963年出生,东北财经大学管理学在职研究生,1999年担任瓦房店中心医院副院长,2002年担任瓦房店第三医院院长,2014年任瓦房店第三医院董事长。曾先后是辽宁省五一劳动奖章获得者,大连市党代表,瓦房店市人大常委,全国三八红旗手。宋丽华女士拥有三十多年医院临床和管理工作经验,18年的医院院长管理经历。现任恒康医疗集团股份有限公司董事、副董事长、常务副总裁。",女,board,,1,2020-06-12T00:00:00.000Z,1040000,27780000,*ST恒康,"副董事长,董事",2021-01-20T22:28:27.239Z
5f65837cade9005a1ece3cb9,莫建华,002244,0,50,2020-09-19T04:05:16.518Z,硕士,"莫建华先生:男,1970年出生,EMBA,工程师。2003年至2012年5月任公司董事、常务副总经理;2012年5月今任今公司董事;曾任杭州滨江房屋建设开发有限公司副总经理,杭州滨江房产集团有限公司副总经理;1988年-1992年任职于杭州市江干区第四建筑工程公司。被评为江干区机关工委先进工作者,江干区第四期领导干部培训班优秀学员,江干区直属机关工委党员积极分子,杭州墙改领导小组墙改先进个人。2017你那12月25日担任滨江服务集团有限公司非执行董事。",男,board,,1,2019-05-08T00:00:00.000Z,0,100300000,滨江集团,董事,2020-12-21T06:02:25.487Z
5f658668ade9005a1ecec95a,张鹰,002324,0,47,2020-09-19T04:17:44.441Z,博士,"张鹰,1973年生,中国国籍,无境外居留权,博士学历,虹口区第九届党代表。荣获2008年,2017年上海市科学技术进步一等奖,2015年上海市科学技术进步二等奖。2004年4月加入公司,上海普利特复合材料股份有限公司应用开发部经理、应用开发部高级经理、上海普利特化工新材料有限公司常务副总经理。现任上海普利特复合材料股份有限公司集团销售总监、监事会主席。",男,supervisoryCommittee,,1,2019-08-16T00:00:00.000Z,592500,1612000,普利特,监事会主席,2021-01-20T22:28:28.914Z
5f659b0eade9005a1ed13c78,施旭,002361,0,47,2020-09-19T05:45:49.998Z,中专,"施旭先生:1973年出生,中专学历,中国国籍,无境外居留权,党员。1991年参加工作,2003-至今,先后任公司办公室秘书、人事专员、人力资源科科长,现任安徽神剑新材料股份有限公司企管部经理。",男,supervisoryCommittee,,1,2020-01-14T00:00:00.000Z,264300,0,神剑股份,监事会主席,2020-12-21T06:12:05.515Z
5f659b3fade9005a1ed1459a,王友林,002367,0,57,2020-09-19T05:46:39.716Z,本科,"王友林先生:1963年出生,中国国籍,大学学历,高级工程师,正高级经济师。为公司创始人及主要发起人股东,曾在南汽吴江跃进客车厂、莘塔通用机械厂工作,历任科长、厂长等职务。目前担任的社会职务主要有:中国国际商会副会长,中国电梯协会副会长,江苏省苏商会副会长,苏州轨道交通产业协会会长,苏州市电梯业商会会长,吴江区电梯行业协会会长,汾湖高新区总商会会长;江苏省人大代表、江苏省工商联执委、苏州市党代表,苏州市人大代表,苏州工商联副主席;苏州大学董事会常务董事等。曾荣获:“全国就业创业先进个人”、“江苏省优秀企业家”、“苏州市优秀中国特色社会主义事业建设者”、“苏州市劳动模范”、“苏州慈善楷模”等荣誉称号。2014年至今任北京康力优蓝机器人科技有限公司董事长,2016年至今任苏州工业园区康力机器人产业投资有限公司执行董事兼总经理,2007年至今任康力电梯股份有限公司董事长、总经理。",男,manager,,1,2020-05-09T00:00:00.000Z,830000,358600000,康力电梯,总经理,2021-01-20T22:28:29.090Z
5f659d27ade9005a1ed1a6f1,刘菁,002430,0,63,2020-09-19T05:54:47.158Z,,"刘菁女士,1957年11月6日出生,汉族,党员,会计学教授,1982年1月至2004年2月于青海大学任教,2004年3月至今于浙江财经大学会计学院任教。",女,board,,1,2018-01-31T00:00:00.000Z,120000,0,杭氧股份,独立董事,2020-12-21T06:20:49.231Z
5f659d3fade9005a1ed1ace3,黄勇,002435,0,34,2020-09-19T05:55:11.316Z,,"黄勇,男,中国国籍,无永久境外居留权,1986年生,中国党员,毕业于海南师范大学英语专业。历任海南四环医药有限公司首席营运官秘书;现任海南海灵化学制药有限公司总经理办公室经理。",男,supervisoryCommittee,,1,2016-12-28T00:00:00.000Z,220600,0,长江健康,监事,2020-12-21T06:21:33.841Z
5f659d61ade9005a1ed1b3a5,陈钿瑞,002441,0,43,2020-09-19T05:55:45.856Z,本科,"陈钿瑞,男,1977年出生,党员,中国国籍,无境外永久居留权。1997年毕业于广东石油学校自动化系。1997年至1999年任汕头市达濠机电设备有限公司销售人员;2000年至2005年任广州市众业达电器有限公司副总经理;2006年至2013年任广州市众业达电器有限公司总经理;2014年1月至今任众业达电气股份有限公司南区经理。2014年4月至今任众业达电气股份有限公司监事。",男,manager,,1,2020-05-19T00:00:00.000Z,1150000,631500,众业达,副总经理,2020-12-21T06:22:01.605Z
5f659df8ade9005a1ed1d14f,蔡卫东,002462,0,54,2020-09-19T05:58:16.620Z,本科,"蔡卫东,男,汉族,北京市人,1966年8月出生,1990年1月参加工作,党员,本科。1990年-2003年8月北京超市发固有资产经营公司财务部员工,2003年9月-2004年12月北京中关村数字物流港有限公司财务部经理,2005年1月-2008年12月北京超市发国有资产经营公司财务部副部长,2009年1月至今任北京海淀置业集团有限公司财务部部长。",男,board,,1,2019-03-21T00:00:00.000Z,0,0,嘉事堂,董事,2020-12-21T06:23:44.384Z
5f659e59ade9005a1ed1e5ea,董美珠,002472,0,52,2020-09-19T05:59:53.923Z,大专,"董美珠女士,1968年11月出生,中国国籍,无境外长期居留权,大专学历。历任浙江双环控股集团股份有限公司项目部经理、浙江双环传动机械股份有限公司项目部经理,2005年11月当选为玉环县珠港镇第三届人大代表,2007年6月至2011年3月担任浙江双环传动机械股份有限公司总经办主任,2007年11月至今担任浙江双环传动机械股份有限公司监事会主席,2013年8月至今担任玉环县双环小额贷款有限公司董事。2016年12月担任玉环县党代表。",女,supervisoryCommittee,,1,2018-09-18T00:00:00.000Z,589600,352800,双环传动,监事会主席,2021-01-20T22:28:29.610Z
5f659e9fade9005a1ed1f528,陈忠逸,002484,0,69,2020-09-19T06:01:03.956Z,,"陈忠逸先生,党员,中国国籍,无境外永久居留权,1951年出生,现任中国电子元件电容器分会秘书长,陈忠逸先生曾任职于上海天和电容器厂、上海仪电控股集团、中国核工业集团公司。",男,board,,1,2017-09-29T00:00:00.000Z,60000,5096,江海股份,独立董事,2020-09-19T06:01:03.956Z
5f659f77ade9005a1ed2308d,傅坚政,002515,0,60,2020-09-19T06:04:39.300Z,硕士,"傅坚政,男,1960年出生,中国籍,研究生结业,专职律师,无永久境外居留权。历任共青团金华县委副书记,金华县人大常委会委员;1987年5月至2002年5月,金华县人民法院工作,先后任行政庭、刑事庭、经济庭庭长,审判委员会委员,一级法官;期间就读复旦大学法律系经济法专业、浙江大学研究生班宪法与行政法专业。现任金华仲裁委员会仲裁员、浙江一剑律师事务所副主任。傅坚政先生已取得深交所独立董事资格证书。",男,board,,1,2020-04-01T00:00:00.000Z,72000,0,金字火腿,独立董事,2021-01-21T01:03:34.961Z
5f659fbaade9005a1ed2443f,朱文明,002530,0,53,2020-09-19T06:05:46.547Z,本科,"朱文明,男,中国国籍,1967年出生,本科学历。历任金财互联控股股份有限公司前身盐城丰东热处理有限公司生产部技术员、营销部部长、副总经理、总经理、董事、董事长。现任金财互联控股股份有限公司董事长、总经理;江苏东润金财投资管理有限公司董事长;兼任上海丰东热处理工程有限公司、广州鑫润丰东热处理有限公司、天津丰东热处理有限公司、江苏石川岛丰东真空技术有限公司、盐城高周波热炼有限公司董事长,广州丰东热炼有限公司副董事长,上海垒土资产管理有限公司、苏州丰东热处理技术有限公司董事,江苏菌钥生命科技发展有限公司监事,上海君德实业有限公司、上海君浩实业有限公司执行董事。社会职务有:中国机械工程学会热处理分会常务理事、江苏省党代表、盐城市工商联副会长。",男,board,,1,2020-01-31T00:00:00.000Z,586000,58160000,金财互联,"董事长,董事",2021-01-20T22:28:29.696Z
5f65a072ade9005a1ed260cd,黄向东,002544,0,52,2020-09-19T06:08:50.058Z,本科,"黄向东先生,中国国籍,无永久境外居留权,1968年6月出生,毕业于华南理工大学。1990年7月起任职于广州通信研究所,1994年任七所印制电路板厂副厂长,2000年起担任杰赛科技印制电路分公司总经理。曾获中国电子科技集团公司第七研究所“十佳青年”、“优秀党员”称号。现任杰赛科技副总裁兼电子电路分公司总经理,珠海杰赛科技有限公司副董事长,广州杰赛电子有限公司副董事长。",男,manager,,1,2018-08-09T00:00:00.000Z,1259000,855100,杰赛科技,副总裁,2020-12-21T06:30:41.037Z
5f65a23dade9005a1ed2b2db,杨成安,002590,0,51,2020-09-19T06:16:29.202Z,硕士,"杨成安:男,1969年出生,党员,研究生,硕士学位。曾参加大连理工大学MBA培训,赴日本丰田公司全球生产推进中心(GPC)及生产调查部培训,获得培训证书。获得一汽集团公司科学技术协会物流专业学会“物流专家”的荣誉称号。历任四川一汽丰田汽车有限公司长春丰越公司制造部主查兼任总装科科长,中国第一汽车集团公司发展部商用车室主任。现任浙江万安科技股份有限公司副总经理。",男,manager,,1,2020-06-17T00:00:00.000Z,865200,0,万安科技,副总经理,2020-09-19T06:16:29.202Z
5f65a307ade9005a1ed2e5d5,孙慧,002621,0,32,2020-09-19T06:19:51.816Z,本科,"孙慧,女,1988年出生,中国国籍,党员,无境外永久居留权,毕业于郑州大学升达经贸管理学院,本科学历。曾任职于北京天威诚信电子商务服务有限公司副总裁助理,2016年12月至今任天津美杰姆教育科技有限公司总经理助理。",女,supervisoryCommittee,,1,2019-03-20T00:00:00.000Z,303900,0,美吉姆,职工监事,2020-12-21T06:39:23.109Z
5f65a4f2ade9005a1ed33e9b,张辉玉,002655,0,53,2020-09-19T06:28:02.357Z,本科,"张辉玉,男,1967年出生,华东政法大学法学学士,现为山东誉实律师事务所高级合伙人、执业律师,荣获山东省律师行业优秀党员律师、济南市先锋律师等荣誉称号。现任山东誉实律师事务所做高级合伙人、执业律师。不存在在上市公司股东、实际控制人等单位任职的情况。张辉玉先生已取得交易所颁发的独立董事资格证书。",男,board,,1,2020-09-15T00:00:00.000Z,0,0,共达电声,独立董事,2020-12-21T06:42:01.570Z
5f65a748ade9005a1ed3a552,刘勇,002717,0,44,2020-09-19T06:38:00.744Z,本科,"刘勇:男,中国国籍,无境外居留权,1976年生,本科学历,园林高级工程师。毕业于仲恺农业工程学院观赏园艺专业,历任江门市花木公司副总经理、岭南建设总经理助理、副总经理、董事,现任岭南生态文旅股份有限公司副总裁。主持完成的中国(济南)第七届国际园林花卉博览会东莞园项目获全国综合金奖及室外展园设计、施工、建筑小品、植物配置四项单项大奖,参与完成的东莞市寮步市民广场园林景观工程项目获得中国风景园林学会“优秀园林绿化工程”金奖;荣获中国风景园林学会工程分会评选的“2010年度优秀项目经理”,2016荣获广东园林学会颁发的“2013-2016年先进个人”奖,2017年被评为广东省非公有制经济组织“党员标兵”等。",男,manager,,1,2019-09-18T00:00:00.000Z,540000,6714000,岭南股份,副总裁,2020-12-21T06:48:58.139Z
5f65a75bade9005a1ed3a7c6,李勇,002719,0,50,2020-09-19T06:38:19.108Z,硕士,"李勇先生,麦趣尔集团股份有限公司董事长。中国国籍,无境外永久居留权,1970年12月出生,研究生学历,高级经济师,昌吉州人大常委会委员、自治区工商联执委,昌吉州工商联副会长,昌吉市工商联副会长。历任麦趣尔集团总经理,麦趣尔乳业董事长。现任麦趣尔股份董事长、麦趣尔集团总经理,曾荣获2002年中国奶业协会优秀工作者、2007年昌吉市首届优秀青年企业家、2007年昌吉州科学技术进步奖第一名、2007年全国轻工行业劳模、2008年和2009年昌吉市总工会“支持工会党政”好领导、2009年昌吉高新技术产业开发区优秀企业管理者等荣誉称号。",男,board,,,2017-10-20T00:00:00.000Z,265000,11220000,*ST麦趣,"董事长,董事",2020-12-21T06:49:05.881Z
5f65a7b7ade9005a1ed3b9ef,罗贤旭,002733,0,57,2020-09-19T06:39:51.015Z,硕士,"罗贤旭,中国国籍,无永久境外居留权。出生于1963年,研究生学历,工程师。历任京山县针织厂副厂长,京山县委办公室科长,京山县体改委副主任等职,1999年至2004年4月任湖北京山轻工机械股份有限公司董事、副总经理;2004年4月至2005年5月任湖北京山轻工机械股份有限公司董事、副总经理、董事会秘书;2005年5月至今任湖北京山轻工机械股份有限公司董事;2014年1月至2018年6月任中泰和融资租赁有限公司董事;2015年8月至今任深圳雄韬电源科技股份有限公司董事。",男,board,,1,2019-12-27T00:00:00.000Z,0,0,雄韬股份,董事,2021-01-21T01:03:55.225Z
5f65a84aade9005a1ed3d476,张海清,002748,0,58,2020-09-19T06:42:17.959Z,大专,"张海清:男,1962年出生,中国国籍,无境外永久居留权,大专学历,注册会计师、高级会计师。1981年至1983年,在乐平县接渡镇卫生院工作,1983年至1988年任江西省乐平县环保局(办)股长,1988年至1990年历任乐平县委组织部副科长、县委组织员,1990年至1991年,任乐平县环保局副局长、环境检测站站长,1991年至1992年任乐平县计生委副主任、计生服务站站长,1992年至1993年任乐平市招商局副局长,1993年至1995年任深圳经济特区审计师事务所审计二部经理,1995年至2004年任深圳市中大投资管理有限公司财务部经理,2003年至今任江西电化高科有限责任公司董事,2004年至2010年历任江西大龙实业有限公司总经理、江西电化高科有限责任公司总经理,2010年至今任江西世龙实业股份有限公司常务副总经理。现任江西电化高科有限责任公司董事、江西大龙实业有限公司董事、乐平市远景投资中心(有限合伙)执行事务合伙人、江西世龙实业股份有限公司常务副总经理。",男,manager,,1,2017-05-12T00:00:00.000Z,433000,0,世龙实业,总经理,2021-01-21T01:03:56.406Z
5f65a8f2ade9005a1ed3f44d,钟建荣,002773,0,63,2020-09-19T06:45:06.528Z,大专,"钟建荣女士,1957年1月出生,中国国籍,拥有新加坡居留权,雅安财贸学校会统专业毕业。从事组织人事工作10年,医药行业工作20余年,先后在芦山县委组织部、成都蜀锦厂组织科、成都市医药公司及成都康弘药业集团股份有限公司工作。现任成都康弘药业集团股份有限公司董事、副总裁。",女,manager,,,2019-12-28T00:00:00.000Z,1195000,10580000,康弘药业,副总裁,2020-12-21T06:52:49.275Z
5f6607d0ade9005a1ede5183,刘碧龙,002861,0,50,2020-09-19T13:29:52.218Z,博士,"刘碧龙先生:男,中国国籍,1970年出生,明革党员,博士学历,青岛理工大学二级教授博导。安徽师范大学物理学学士、首都经济贸易大学安全工程硕士、中国科学院研究生院声学博士、瑞典皇家工学院技术声学博士。1997年7月至1999年9月任淮阴师范学院讲师。2006年10月至2007年7月任中国科学院声学研究所副研究员。2007年7月至2017年2月任中国科学院声学研究所研究员、特聘研究员。2017年3月至今任青岛理工大学教授。刘碧龙先生系知名声学专家,中国科学院优秀百人(2013),中国科学院特聘研究员(2016),山东省泰山学者特聘专家(2018)。曾长期担任中国科学院噪声与振动重点实验室声学材料与结构研究方向学术带头人,主持过各类科研项目,其中参与的低噪声水润滑轴承项目,成果已在战略型号装备上应用。刘碧龙先生尚未获得独立董事资格证书,承诺根据《深圳证券交易所独立董事备案办法》第六条的规定,将参加最近一次独立董事培训,并取得深圳证券交易所认可的独立董事资格证书。",男,board,,1,2020-01-10T00:00:00.000Z,0,0,瀛通通讯,独立董事,2020-12-21T07:00:19.088Z
5f66272dade9005a1ee22887,陈命家,300009,0,64,2020-09-19T15:43:41.262Z,本科,"陈命家先生,中国国籍,未拥有永久境外居留权,1956年7月出生,大学本科,教授。曾获原国家卫生部、国家中医药管理局、国家食品药品监督管理局先进个人表彰,原卫生厅优秀党员表彰。历任安徽省立新安医院院长,安徽医学高等专科学校校长职务。2019年11月取得深圳证券交易所独立董事资格证书。",男,board,,1,2019-12-27T00:00:00.000Z,6000,0,安科生物,独立董事,2020-12-21T07:11:42.950Z
5f663786ade9005a1ee404ff,房坤,300103,0,47,2020-09-19T16:53:26.799Z,硕士,"房坤女士:中国国籍,汉族,1973年出生,民盟党员。中国香港理工大学工商管理硕士。注册会计师、高级会计师、注册资产评估师、注册招标师。1993年9月至1997年10月,历任粤港实业有限责任公司会计、财务经理;1997年11月至1999年10月,任岳华会计师事务所有限责任公司项目经理;1999年11月至2005年6月,任陕西华西会计师事务所有限公司审计部负责人;2005年7月至2011年10月,任瑞华会计师事务所有限责任公司陕西分所副所长;2011年11月至2013年12月,任信永中和会计师事务所有限责任公司西安分所合伙人;2014年1月至今,任西安魔力石金刚石工具有限公司董事、财务总监。",女,board,,1,2017-10-27T00:00:00.000Z,48000,0,达刚控股,独立董事,2020-09-19T16:53:26.799Z
5f66394aade9005a1ee43c64,张辉玉,300121,0,53,2020-09-19T17:00:58.622Z,本科,"张辉玉,男,1967年出生,华东政法大学法学学士,现为山东誉实律师事务所高级合伙人、执业律师,荣获山东省律师行业优秀党员律师、济南市先锋律师等荣誉称号。现任山东誉实律师事务所做高级合伙人、执业律师。不存在在上市公司股东、实际控制人等单位任职的情况。张辉玉先生已取得交易所颁发的独立董事资格证书。",男,board,,1,2018-10-12T00:00:00.000Z,50000,0,阳谷华泰,独立董事,2020-12-21T07:33:01.128Z
5f663b2fade9005a1ee47da2,贺灵,300143,0,37,2020-09-19T17:09:03.544Z,硕士,"贺灵,女,1983年8月出生,中国国籍,无境外永久居留权,中国党员,硕士学历,美国注册管理会计师。2005年8月至2017年5月,历任海尔集团公司财务管理部财务专员、财务主管、财务经理;2017年6月至2019年3月,任海尔集团(青岛)金融控股有限公司战略平台战略合作总监。2019年5月至今,任公司财务总监。",女,manager,,1,2020-09-17T00:00:00.000Z,361200,0,盈康生命,财务总监,2020-12-21T07:34:47.595Z
5f663c0dade9005a1ee4a1ec,钱炳,300169,0,47,2020-09-19T17:12:45.030Z,博士,"钱炳:男,中国国籍,无境外居留权,1973年1月出生,副教授。1995年毕业于常州工学院应用中文专业;2004年毕业于南京理工大学工商管理专业,获工商管理硕士学位;2013年毕业于东南大学,获产业经济学博士学位;2014年起在中国社会科学院从事博士后研究。曾任常州市党员电教中心科员,大通国际运输有限公司常州分公司总经理,天津大田运输有限公司常州分公司销售总经理,常州工学院经济与管理学院教师、工商管理系主任,现任常州工学院经济与管理学院应用经济系教师。钱炳先生为江苏省“青蓝工程”优秀青年骨干教师,近年来发表论文8篇,主持和参与国家、省市级课题7项。",男,board,,1,2017-10-30T00:00:00.000Z,80000,0,天晟新材,独立董事,2020-09-19T17:12:45.030Z
5f663c74ade9005a1ee4b2ab,俞有强,300181,0,58,2020-09-19T17:14:28.584Z,,"俞有强先生,公司董事长,男,1962年3月出生,曾用名俞友强,中国国籍,无境外永久居留权,高级经济师。2003年至今,任浙江佐力药业股份有限公司董事长。兼任湖州市福利企业协会副理事长,湖州市医药商会常务副会长及德清县工商业联合会副会长,浙商经济发展理事会副主席,德清县人大常委会财经工作委员会副主任。曾获第五届全国乡镇企业家,浙江省杰出青年民营企业家,浙江省关爱员工优秀企业家,浙江省劳动模范,湖州市优秀企业家,扶残助残先进个人等荣誉称号,并获湖州市光彩事业奖,企业家科技创新奖,浙江省人民教育基金“绿叶奖”,全国五一劳动奖章,第二届科技新浙商,浙江省“民企党员百名闪光典型”。2011年4月至今担任佐力控股集团有限公司董事长;2011年6月至2016年1月5日担任德清普华能源有限公司执行董事、经理;2011年12月至今担任德清银天股权投资管理有限公司执行董事、经理;2015年11月至今至2016年5月担任浙江佐力百草中药饮片有限公司董事长;2015年12月至今至2016年6月担任浙江佐力百草医药有限公司执行董事;2016年4月起担任杭州精医康健康管理有限公司董事。",男,board,,1,2017-01-13T00:00:00.000Z,1010000,173200000,佐力药业,"董事长,董事",2020-12-21T07:40:07.594Z
5f664791ade9005a1ee60192,李占明,300263,0,58,2020-09-19T18:01:53.883Z,,"李占明先生,1962年出生,中国国籍,未拥有永久境外居留权,长江商学院EMBA在读,高级经济师。曾任政协孟津县第五、六、七、八届常委,洛阳市第十一届政协委员,孟津县工商联主席,洛阳市工商联副主席,洛阳市第十四届人大代表,隆华有限监事。现任洛阳市第十五届人大代表,孟津县委委员,公司董事长。李占明先生曾主持和参与申请12项专利,其中发明专利2项,曾被授予“河南省优秀中国特色社会主义事业建设者”等荣誉。",男,board,,1,2019-04-12T00:00:00.000Z,1280000,101000000,隆华科技,"董事长,董事",2021-01-21T01:04:38.795Z
5f6648eaade9005a1ee634e1,于彤,300287,0,59,2020-09-19T18:07:38.410Z,硕士,"于彤,男,中国籍,无境外居留权,1961年出生,1985年毕业于新疆石河子大学农经专业,1995年至1997年在南京大学攻读MBA。1997年-2003年,在农业部中国农垦经济发展中心任主任;2003年-2006年,在国务院扶贫办扶贫培训中心任主任(正局级);2006年-2016年7月,在帝华企业集团任董事局副主席、副总裁;2016年11月至今,担任北京飞利信科技股份有限公司董事。江苏省原江宁县县委副书记（挂职）、原农业部办公厅秘书、原国家计委办公厅秘书等职。自2018年06月16日起任德邦基金管理有限公司独立董事。",男,board,,1,2017-10-17T00:00:00.000Z,80000,0,飞利信,董事,2021-01-21T01:04:39.787Z
5f664944ade9005a1ee64409,袁洪,300298,0,62,2020-09-19T18:09:08.004Z,博士,"袁洪先生,中国国籍,1958年出生,无境外永久居留权,毕业于中南大学,获内科学博士学位,中国党员。1983年7月至1992年7月在湖南医科大学附属第一医院(现为中南大学湘雅医院)心血管内科工作,1992年8月先后任湖南医科大学附属第一医院(现为中南大学湘雅三医院)心血管内科副主任、医务部主任、副院长、医学实验中心主任、临床药理中心主任,公司独立董事(2010年12月至2014年11月);国务院政府特殊津贴专家、国家新药创制重大专项、973课题首席专家。发表论文420余篇(其中SCI论文122篇),主编、参编著作40余部,获部省级成果8项,发明专利、软件著作权22项,主持国家科研项目等40余项。现任中南大学湘雅三医院内科学和药理学教授、主任医师、博士生导师。",男,board,,1,2019-12-23T00:00:00.000Z,0,0,三诺生物,独立董事,2020-12-21T07:53:44.674Z
5f664ba1ade9005a1ee6baad,柳正晞,300393,0,56,2020-09-19T18:19:13.158Z,,"柳正晞先生,中国国籍,无境外居留权,1964年6月出生,一级律师,浙江台温律师事务所主任,浙江省律师协会常务理事,台州市律师协会会长,浙江省第十二、十三届人大代表,浙江省千名好支书。曾获全国优秀律师、全国律师行业创先争优活动党员律师标兵、浙江省优秀律师、浙江省十佳律师、浙江省律师事业突出贡献奖、浙江省律师行业模范党员律师、浙江省司法行政系统“第二届百名优秀人物”称号,连续三届被评为台州市拔尖人才,台州市人大立法专家库成员,曾立集体二等功一次,个人三等功一次,台州市仲裁员协会副会长。2017年7月起担任苏州中来光伏新材股份有限公司独立董事。",男,board,,1,2020-12-03T00:00:00.000Z,80000,0,中来股份,独立董事,2020-12-21T08:07:13.933Z
5f664d21ade9005a1ee708b6,尹正龙,300452,0,55,2020-09-19T18:25:37.399Z,本科,"尹正龙先生:1965年8月生,中国国籍,无永久境外居留权。毕业于安徽中医大学药学专业,本科学历,高级工程师,现任安徽山河药用辅料股份有限公司董事长兼总经理、合肥山河执行董事、曲阜天利董事长。1989年8月至1997年9月,先后任淮南市第五制药厂技术员、技术科长、副总工程师、总工程师;1997年9月至2001年4月,先后任淮南山河药业有限公司副总经理、总工程师;2001年至今,任山河有限和山河药辅董事长兼总经理。目前担任全国药用辅料专业委员会副主任委员、安徽省战略性新兴产业领军人才、安徽省产学研联合专家库成员、淮南市药学会常务理事、淮南市药学会专家库成员,安徽省级党代表、淮南市人大代表、安徽省工商联副会长、淮南市科协常委、安徽省科协委员、安徽理工大学和安徽中医药大学外聘教授。尹正龙先生系公司发明专利“崩解剂羧甲淀粉钠的制备方法”的发明人之一,个人获“高溶胀型羧甲淀粉钠制备技术及应用项目”淮南市科技进步奖二等奖。",男,manager,,1,2018-08-06T00:00:00.000Z,438800,48300000,山河药辅,总经理,2021-01-20T22:28:27.167Z
5f664dbaade9005a1ee72633,韩淑云,300474,0,64,2020-09-19T18:28:10.160Z,硕士,"韩淑云女士,1956年3月出生,毕业于清华大学,硕士学历,中国国籍,无境外居留权。1971年至2003年先后在辽宁省康平县县委办公室、武汉钢铁公司、冶金工业部、中国技术进出口总公司、西班牙奇米赛尔公司上海公司工作,2003年至今在和易陶瓷(上海)有限公司担任执行董事。",女,supervisoryCommittee,,,2018-03-06T00:00:00.000Z,60000,0,景嘉微,监事,2020-12-21T08:15:13.374Z
5f664e15ade9005a1ee73889,周姚娟,300488,0,47,2020-09-19T18:29:41.284Z,大专,"周姚娟女士,1973年生,中国国籍,无境外永久居留权,大专学历,工程师。历任海盐贵工量刃具有限公司拉刀量具车间主任助理、副主任、主任,公司制造中心主任、拉量车间主任、监事会主席。现任恒锋工具股份有限公司副总经理。海盐县第十二、十三、十四届党代表,嘉兴市第七届、第八届党代表。曾获得全国机械工业劳动模范荣誉称号。",女,manager,,1,2020-04-21T00:00:00.000Z,405900,33690,恒锋工具,副总经理,2021-01-20T22:28:29.095Z
5f664ed5ade9005a1ee76083,李飞,300520,0,38,2020-09-19T18:32:53.429Z,硕士,"李飞先生,中国国籍,无境外永久居留权,1982年8月出生,硕士,安徽省优秀党员,安徽省劳动竞赛先进个人。历任苏州科大国创信息技术有限公司软件工程师、项目经理、部门经理、产品总监、副总经理、总经理,安徽科大国创云网科技有限公司副总经理、总经理。现任科大国创软件股份有限公司副总经理,安徽科大国创云网科技有限公司总经理,苏州科大国创信息技术有限公司董事、总经理,贵州科大国创大数据科技有限公司董事长。",男,manager,,1,2019-07-16T00:00:00.000Z,209000,413000,科大国创,副总经理,2020-12-21T08:19:17.762Z
5f665082ade9005a1ee7bdb9,关勇,300603,0,65,2020-09-19T18:40:01.953Z,硕士,"关勇先生,出生于1955年,中国国籍,无境外永久居留权,党员,EMBA研究生学历教育背景:2002年9月至2004年7月在苏州大学法学院经济行政法专业学习,取得研究生学历2011年10月至2013年7月,在东北财经大学EMBA学院学习,取得硕士研究生学位2014年8月取得上海证券交易所独立董事资格2017年10月取得深圳证券交易所独立董事资格工作经历:1974年12月至1985年12月在中国人民解放军北京军区政治部文化处、军事检察院等部门工作1986年1月至1989年8月转业到昌吉州中级人民法院工作,任经济庭副庭长1989年9月至1991年9月,任昌吉市人民法院副院长1991年9月至1992年3月,任昌吉州中级人民法院民事庭庭长1992年3月至1996年5月,任自治区高级人民法院经济庭审判员1996年5月至1998年5月,新疆天阳律师事务所合伙人,律师1998年5月至今,新疆元正律师事务所主任、律师、合伙人2018年12月至今,新疆元正律师事务所主任。",男,board,,1,2019-02-15T00:00:00.000Z,60000,0,立昂技术,独立董事,2020-12-21T08:29:10.713Z
5f66556cade9005a1ee8d9ee,林光耀,300863,0,55,2020-09-19T19:01:00.208Z,硕士,"林光耀先生,1965年5月出生,中国国籍,无境外永久居留权,硕士研究生学历。1988年9月至1996年9月,就职于宁海县乡镇区、县委办,任科员;1996年10月至1999年4月,就职于宁波市政府办公厅,任科员;1999年5月至2001年6月,就职于宁波市外经贸委,任科员;2001年7月至2007年12月,任协成电子经理;2003年11月至2007年4月,任新协投资执行董事;2007年5月至2016年11月,任新协投资监事;2016年12月至今,任新协投资执行董事;2004年3月至2016年5月,历任卡倍亿有限董事长、副董事长、总经理;2016年6月至今,任股份公司董事长、总经理。现兼任卡倍亿铜线执行董事、经理,成都卡倍亿执行董事、总经理,本溪卡倍亿执行董事、经理,卡倍亿新材料执行董事、经理,武汉纽硕监事,上海卡倍亿执行董事,成都新硕执行董事兼经理。2020年3月至今,任中国香港卡倍亿董事。",男,manager,,,2020-07-30T00:00:00.000Z,1111000,2068000,C卡倍亿,总经理,2020-12-21T08:49:30.392Z
5f665751ade9005a1ee946a4,李智光,600081,0,56,2020-09-19T19:09:05.571Z,硕士,"李智光:男,1964年7月出生,硕士研究生,高级会计师,中国党员。先后在东风汽车公司股改办东风公司海外上市财务工作、东风汽车公司计财部、东风汽车有限公司财务会计总部工作并历任东风汽车公司计财部科长、部长、总部长等职务。现任东风汽车有限公司财务会计总部总部长兼财务管理部部长。",男,board,,1,2016-01-09T00:00:00.000Z,0,0,东风科技,董事,2020-12-21T01:17:36.592Z
5f665764ade9005a1ee94a6c,汤洋,600084,0,52,2020-09-19T19:09:24.022Z,本科,"汤洋:女,1968年11月出生,中国国籍,党员,无境外永久居留权,本科学历,高级会计师、注册税务师、资产评估师、注册房地产估价师、土地估价师。1989年7月毕业于新疆农业大学,1989年参加工作。2012年至2016年在中瑞岳华税务师事务所新疆有限公司任总经理;2017年1月至2017年8月在新疆远大华美建筑工业有限公司任财务总监;2017年10月至2018年3月在新疆水利投资控股有限公司任资产管理运营部总经理;2018年3月至2018年9月在新疆光正投资控股有限公司任财务总监;2018年10月至今在新疆启润农业生物科技有限公司任副总经理兼财务总监,目前兼任中信国安葡萄酒业股份有限公司、新疆国统管道股份有限公司独立董事。",女,board,,1,2018-08-02T00:00:00.000Z,50000,0,ST中葡,独立董事,2020-12-21T01:17:46.316Z
5f665783ade9005a1ee950c5,罗军,600089,0,48,2020-09-19T19:09:55.492Z,大专,"罗军:男,汉,党员,大专学历,助理会计师职称,曾任特变电工股份有限公司变压器厂销售公司经理、厂长助理兼销售公司经理,特变电工股份有限公司销售公司副总经理,特变电工股份有限公司变压器厂副厂长.",男,manager,,1,2018-10-13T00:00:00.000Z,1235000,0,特变电工,副总裁,2020-12-21T01:18:13.397Z
5f6657c3ade9005a1ee95e3e,高志,600100,0,57,2020-09-19T19:10:59.288Z,硕士,"高志先生,1963年5月生人,山西人,党员,硕士,毕业于清华大学经济管理学院。2013年6月至今,任专务副总裁兼运营中心总经理。1997年7月至今,历任空调设备公司副总经理、常务副总经理;销售中心副总经理、总经理;应用信息系统本部副总经理;企管部总经理;总裁助理兼运营中心总经理。",男,manager,,1,2016-05-12T00:00:00.000Z,1440000,0,同方股份,副总经理,2020-12-21T01:19:04.931Z
5f6657baade9005a1ee95c18,常康忠,600099,0,48,2020-09-19T19:10:50.365Z,本科,"常康忠,男,汉族,1972年8月出生,江苏泰州人,大学毕业,高级工程师。2013年12月入党。1995年8月参加工作,2002年12月至2012年12月任林海股份有限公司销售公司主管、副经理、经理;2013年1月至2015年8月任林海股份有限公司副总经济师;2015年8月至2017年8月任江苏林海动力机械集团有限公司副总经济师兼林机通机事业部常务副经理、经理;2017年8月至2018年11月任江苏林海动力机械集团有限公司副总经理兼林机通机事业部经理;2018年12月10日始任林海股份有限公司总经理。",男,manager,,1,2018-12-29T00:00:00.000Z,509900,0,林海股份,总经理,2021-01-20T22:28:29.231Z
5f665807ade9005a1ee96e70,高恩华,600113,0,34,2020-09-19T19:12:07.287Z,本科,"高恩华,女,1986年出生,本科学历,助理农艺师。现任浙江东日股份有限公司检测中心检测员,曾为温州菜篮子集团检测中心检测员,2016年当选为温州市第十二届党代表。",女,supervisoryCommittee,,1,2019-05-15T00:00:00.000Z,0,0,浙江东日,职工监事,2021-01-20T22:28:29.570Z
5f6657baade9005a1ee95c2f,李猛,600099,0,48,2020-09-19T19:10:50.512Z,硕士,"李猛:男,汉族,1972年4月出生,安徽太和人,1997年2月入党,1994年7月参加工作,高级工程师,研究生学历,工商管理硕士,现任中国福马机械集团有限公司监事、人力资源部部长。",男,board,,1,2017-10-25T00:00:00.000Z,0,0,林海股份,董事,2021-01-20T22:28:29.654Z
5f6657c3ade9005a1ee95e4a,秦绪忠,600100,0,48,2020-09-19T19:10:59.358Z,博士,"秦绪忠先生,1972年6月生人,江苏人,党员,博士,毕业于清华大学热能工程系。2013年6月至今,任公司总裁助理兼数字城市产业本部常务副总经理、工程中心总经理、同方节能工程技术有限公司总经理。2000年6月至今,同方股份有限公司之智能市政事业部总经理;数字城市产业本部常务副总经理、工程中心总经理;公司总裁助理;同方节能工程技术有限公司总经理。秦绪忠先生(‘秦先生’)已获委任为同方泰德国际科技有限公司执行董事,自二零一八年二月七日起生效。于二零一八年四月三日获委任为同方泰德国际科技有限公司董事会主席。",男,manager,,1,2016-05-12T00:00:00.000Z,1788000,0,同方股份,副总经理,2020-12-21T01:19:05.001Z
5f66596cade9005a1ee9a633,林钧,600146,0,41,2020-09-19T19:18:04.510Z,硕士,"林钧先生:1979出生,硕士研究生学历,执业律师,毕业于华东政法大学,现任上海市白玉兰律师事务所合伙人,TATA健康国际控股有限公司(原名称:港大零售国际控股有限公司)非执行董事。上海市司法局直属律师事务所优秀党员,两届上海市优秀青年律师提名奖。",男,supervisoryCommittee,,1,2020-04-30T00:00:00.000Z,50000,0,*ST环球,监事会主席,2020-12-21T01:23:00.585Z
5f665a78ade9005a1ee9e2da,君洁,600197,0,43,2020-09-19T19:22:32.938Z,硕士,"君洁,女,1977年出生,党员,研究生学历,中级职称,现任新疆伊力特实业股份有限公司董事会秘书。",女,manager,,1,2020-11-10T00:00:00.000Z,400000,0,伊力特,董事会秘书,2020-12-21T01:27:57.882Z
5f665a79ade9005a1ee9e2f1,李超,600197,0,55,2020-09-19T19:22:33.082Z,大专,"李超:男,党员,大学专科,工程师,现任新疆伊力特实业股份有限公司副总经理;曾任新疆伊力特集团有限公司副总经理;兼任伊力特玻璃制品有限公司董事长。2014年8月26日聘任为新疆伊力特实业股份有限公司副总经理。",男,manager,,1,2020-11-10T00:00:00.000Z,281700,0,伊力特,副总经理,2020-12-21T01:27:58.089Z
5f665a78ade9005a1ee9e286,刘新宇,600197,0,56,2020-09-19T19:22:32.365Z,本科,"刘新宇,男,1964年出生,党员,本科学历,高级工程师,国家级白酒评委、中国首席白酒品酒师、中国白酒大师,现任新疆伊力特实业股份有限公司副总经理。",男,manager,,1,2020-11-10T00:00:00.000Z,285200,0,伊力特,副总经理,2020-12-21T01:27:57.943Z
5f665a79ade9005a1ee9e306,李强,600197,0,49,2020-09-19T19:22:33.226Z,硕士,"李强:男,1971年出生,党员,研究生学历,高级工程师,现任新疆伊力特实业股份有限公司总工程师兼生产设备部部长,曾任新疆伊力特实业股份有限公司酿酒一厂厂长。",男,manager,,1,2020-11-10T00:00:00.000Z,278100,0,伊力特,总工程师,2020-12-21T01:27:58.154Z
5f665abcade9005a1ee9f1a1,江日初,600212,0,49,2020-09-19T19:23:40.928Z,博士,"江日初,男,汉族,1971年1月出生,中国党员,金融学博士。历任江西省陶瓷工艺美术职业技术学院讲师、基建处副处长,厦门国际银行发展研究部处长,现任厦门国家会计学院副教授、硕士生导师。",男,board,,1,2019-12-14T00:00:00.000Z,5000,0,*ST江泉,独立董事,2020-12-21T01:28:39.420Z
5f665ae5ade9005a1ee9fb50,徐玭,600220,0,45,2020-09-19T19:24:21.497Z,大专,"徐玭:女,党员,中国国籍,无境外永久居留权,1975年生,大专学历,同济大学工业电气自动化专业毕业,现任江苏阳光股份有限公司纺部车间主任。",女,supervisoryCommittee,,1,2020-05-20T00:00:00.000Z,0,0,江苏阳光,监事,2020-12-21T01:29:15.339Z
5f665ae5ade9005a1ee9fb64,赵静,600220,0,32,2020-09-19T19:24:21.643Z,本科,"赵静:女,中国国籍,无境外永久居留权,党员,1988年生,本科学历、管理学学士,2011年进入公司证券部工作,江苏阳光股份有限公司证券事务代表,2018年3月至今任江苏阳光股份有限公司董事会秘书。",女,manager,,1,2020-05-20T00:00:00.000Z,120600,0,江苏阳光,董事会秘书,2020-12-21T01:29:15.469Z
5f665ae5ade9005a1ee9fb84,徐霞,600220,0,55,2020-09-19T19:24:21.862Z,,"徐霞:女,中国国籍,无境外永久居留权,党员,1965年生,会计师,曾任江阴市精毛纺厂财务科副科长,江苏阳光股份有限公司监事会主席,江苏阳光集团有限公司财务总监。现任江苏阳光股份有限公司财务总监。",女,manager,,1,2017-05-11T00:00:00.000Z,549700,0,江苏阳光,财务总监,2020-12-21T01:29:15.680Z
5f665c6eade9005a1eea4e15,史哲,600295,0,39,2020-09-19T19:30:54.573Z,本科,"史哲女士:党员,注册会计师,本科学历,出生于1981年12月,2006年1月参加工作,曾任北京美廉美商业连锁有限责任公司会计、北京兴华会计师事务所项目经理、内蒙古宏丰置业集团有限责任公司财务部长,2013年至今在鄂尔多斯晨光联合会计师事务所工作,现为合伙人。",女,board,,1,2017-12-28T00:00:00.000Z,60000,0,鄂尔多斯,独立董事,2020-12-21T01:33:52.281Z
5f665c6eade9005a1eea4e00,康喜,600295,0,53,2020-09-19T19:30:54.420Z,硕士,"康喜先生:党员,硕士学历,出生于1967年12月,1991年7月参加工作,曾任包头草原糖业集团有限责任公司财务处副处长、包头华资实业股份有限公司计财部部长、上海爱使股份有限公司财务总监、中弘卓业集团有限公司财务总监、安徽科苑集团股份有限公司董事、副总裁兼财务总监、中弘控股股份有限公司董事、副总裁兼财务总监、云南金源再生资源开发利用有限公司董事、副总裁兼财务总监;现任中资蓝天生态科技集团有限公司副总裁兼财务总监。",男,board,,1,2017-12-28T00:00:00.000Z,60000,0,鄂尔多斯,独立董事,2020-12-21T01:33:52.140Z
5f665dd5ade9005a1eea9943,陈争跃,600359,0,42,2020-09-19T19:36:53.589Z,本科,"陈争跃:女,1978年4月出生,汉族,籍贯上海,2006年5月入党,1995年12月参加工作,高级会计师职称,本科学历,塔里木大学会计学(在职)。在新疆青松建材化工(集团)股份有限公司先后担任:青松集团公司计划财务部科员、和田青松建材有限责任公司财务部部长、副总经理;集团公司财务部第二部长、集团公司纪检监察部、审计部部长等职务;现任新疆塔里木农业综合开发股份有限公司财务总监。",女,manager,,1,2019-08-08T00:00:00.000Z,123000,0,新农开发,财务总监,2021-01-20T22:28:29.421Z
5f665dd4ade9005a1eea98c8,欧阳金琼,600359,0,48,2020-09-19T19:36:52.696Z,博士,"欧阳金琼:男,1972年出生,湖南隆回县人,博士,塔里木大学经济与管理学院教授,硕士生导师,农业经济理论与政策学术带头人。多次荣获塔里木大学优秀教师、优秀党员与教学质量优秀奖。近年来主持与参与省部级以上课题10余项,出版专著3部,发表论文30余篇,其中CSSCI收录期刊10余篇,获省部级哲学社会科学奖3项,主要研究方向为农业经济学与劳动经济学。",男,board,,1,2019-05-21T00:00:00.000Z,30000,0,新农开发,独立董事,2020-12-21T01:38:14.365Z
5f665e86ade9005a1eeac075,杨振海,600392,0,47,2020-09-19T19:39:50.081Z,博士,"杨振海简历:男,汉族,1973年8月出生,工学博士,高级工程师。1991.9-2000.10在东北大学有色金属冶金专业学习。2001.6-2008.2任中国铝业郑州研究院铝电解及铝用炭素研究所副所长,2006.8-2011.11任中国有色金属工业协会铝业分会副秘书长,2012.7-2013.7任中国有色集团产业规划部副经理;参加中组部、团中央博士服务团,2003.10-2004.10挂任广元市市长助理、2004.10-2005.10挂任凉山州州长助理、2009.11-2010.12挂任贵州钢绳(集团)有限责任公司总经理助理,2010.12-2012.5挂任遵义市市长助理兼遵义县委副书记。2013.7至今任中国稀有稀土有限公司企业管理部综合处副经理,2014.4至今任中铝四川稀土有限公司常务副总经理,2014.5至今任甘孜州银峰矿业有限责任公司副总经理。",男,board,,1,2019-04-26T00:00:00.000Z,0,0,盛和资源,董事,2021-01-21T01:03:39.700Z
5f665e8dade9005a1eeac26e,隆利,600393,0,59,2020-09-19T19:39:57.475Z,本科,"隆利:女,1961年生,大学本科,高级会计师,党员。曾任广州铁路第五工程公司、广州铁路工程总公司助理会计师、会计师;广州铁路第五工程公司、广铁工程实业公司、广州铁路工程总公司会计师、高级会计师、审计部副部长、总会计师;中铁二十五局集团公司工程实业公司总会计师;中铁二十五局集团公司财务部副部长;中铁二十五局集团公司监察审计部副部长;中铁二十五局集团公司审计处长。2012年1月按中铁二十五局集团公司规定退居二线。2012年经公司第七届董事会聘任,隆利女士为公司审计中心主任。",女,supervisoryCommittee,,1,2018-09-11T00:00:00.000Z,620800,0,粤泰股份,监事会主席,2020-12-21T01:40:29.395Z
5f666069ade9005a1eeb26b4,李春芳,600501,0,52,2020-09-19T19:47:53.298Z,本科,"李春芳:男,1968年4月出生,汉族,江苏溧阳人,1992年10月入党,1993年8月参加工作,大连理工大学化工机械与设备专业本科毕业,工学学士,高级工程师.历任南京晨光集团有限责任公司双层管分公司见习技术员、专用车辆设计研究所设计员,南京航天晨光应用技术股份有限公司专用车辆分公司设计室主任、泵阀(管件)分公司副总经理,南京航天晨光股份有限公司专用车辆分公司副总经理,航天晨光股份有限公司专用车辆分公司总经理等职务.现任航天晨光股份有限公司化工机械分公司总经理.",男,manager,,1,2017-10-28T00:00:00.000Z,421700,0,航天晨光,副总经理,2021-01-20T22:28:29.614Z
5f666069ade9005a1eeb26bf,王镭,600501,0,51,2020-09-19T19:47:53.377Z,本科,"王镭,男,汉族,1969年6月出生,山东曹县人,1996年11月入党,1990年8月参加工作,北京理工大学车辆工程专业大学本科毕业,工学学士,研究员。历任航天三院8359所二室技术员、工程组长,航天总公司综合规划计划局934办公室干部、主任科员,中国航天科工集团公司发展计划部固定资产投资处副处长、计划统计处处长、固定资产投资处处长等职务。",男,manager,,1,2017-10-28T00:00:00.000Z,554000,0,航天晨光,副总经理,2021-01-20T22:28:29.786Z
5f6660aeade9005a1eeb35b7,潘和平,600513,0,56,2020-09-19T19:49:01.999Z,本科,"潘和平,1964年4月28日出生,中国国籍,无境外永久居留权,本科学历,中国党员,毕业于华东师范大学化学系,高级工程师。历任扬州制药厂二车间副主任、扬州制药有限公司制药四车间主任、扬州制药有限公司副总经理。2009年6月至今任江苏联环药业股份有限公司副总经理;2010年8月至2018年5月兼任江苏联环药业股份有限公司董事会秘书;2017年1月起任江苏联环药业股份有限公司董事。",男,manager,,1,2018-05-04T00:00:00.000Z,573800,190600,联环药业,副总经理,2020-12-21T01:47:45.885Z
5f666210ade9005a1eeb81a7,崔洪明,600578,0,63,2020-09-19T19:54:56.175Z,本科,"崔洪明,男,1957年8月出生,党员,大学本科学历。历任原石嘴山矿务局二矿,先后任技术员、设计室主任、调度室主任、总工程师;矿务局副总工程师;宁煤集团总工程师师;神华宁煤集团总工程师;神华集团总工办主任;神华集团产权管理局专职董事;现已退休。",男,board,,1,2019-04-12T00:00:00.000Z,60000,0,京能电力,独立董事,2020-12-21T01:52:36.498Z
5f6662b2ade9005a1eeba542,郝娟,600608,0,46,2020-09-19T19:57:38.885Z,本科,"郝娟女士,女,1974年10月生,本科学历,党员,高级经济师。1996.08至2005.12在昆明国际信托投资公司人力资源部工作;2005.12至2010.02任昆明产业开发投资有限责任公司人力资源部副经理;2010.02至2011.02任昆明国有资产管理有限公司人力资源部副经理;2011.02至2017.03任昆明国有资产管理有限公司人力资源部经理;2017.03至今任昆明产业开发投资有限责任公司纪检监察室主任;2018.04至今任昆明产业开发投资有限责任公司总经理助理。",女,supervisoryCommittee,,1,2020-06-30T00:00:00.000Z,0,0,ST沪科,监事会主席,2020-12-21T01:54:52.058Z
5f6663e6ade9005a1eebeb99,孙大伟,600667,0,30,2020-09-19T20:02:46.111Z,硕士,"孙大伟,男,汉族,30岁,无境外永久居留权,党员,毕业于苏州大学,硕士研究生学历,持有法律职业资格证、证券从业资格证和基金从业资格证。2015年4月至2015年10月担任无锡国联环保能源集团有限公司法务;2015年11月至2016年11月担任江苏聚业机械装备股份有限公司投资法务经理兼证券事务代表;2016年12月至今先后担任无锡市太极实业股份有限公司证券专员、公司律师兼证券事务代表、证券法务部副部长。",男,manager,,1,2020-04-29T00:00:00.000Z,179000,0,太极实业,董事会秘书,2020-12-21T02:01:36.446Z
5f6663e5ade9005a1eebeb5b,黄士强,600667,0,58,2020-09-19T20:02:45.318Z,本科,"黄士强:男,1962年4月生,中国国籍。1979年7月参加工作,1982年12月入党,本科学历,高级经济师职称,现任无锡产业发展集团有限公司组织人事部部长、太极实业监事会主席、无锡太平针织有限公司董事长、无锡华亚织造有限公司董事、无锡芯奥微传感技术有限公司董事长。",男,supervisoryCommittee,,1,2019-08-31T00:00:00.000Z,0,0,太极实业,监事会主席,2021-01-20T22:28:29.959Z
5f666471ade9005a1eec09b1,栗利玲,600694,0,47,2020-09-19T20:05:05.007Z,博士,"栗利玲,女,1973年出生,党员,博士研究生,毕业于财政部财政科学研究院。2003年至2017年,任职于中国保险监督管理委员会财务会计部(偿付能力监管部);2017年至今,任中国银行保险监督管理委员会安邦保险集团接管组成员,远洋集团控股有限公司董事。于2018年9月11日担任远洋集团控股有限公司审核委员会委员.",女,board,,1,2019-08-09T00:00:00.000Z,0,0,大商股份,董事,2020-12-21T02:03:29.518Z
5f666471ade9005a1eec09bd,吴波,600694,0,44,2020-09-19T20:05:05.088Z,硕士,"吴波,男,1976年8月出生,党员,硕士研究生,毕业于中央财经大学。1998年至2005年,泰康人寿保险股份有限公司财务资金部;2006年至2011年,中国保险监督管理委员会保险资金运用部;2011年至2014年,中央国家机关、中央企业第七批援疆,新疆维吾尔自治区政府金融工作办公室;2014年至2017年,中国银行保险监督管理委员会保险资金运用监管部制度综合处。2017年至今,中国银行保险监督管理委员会安邦保险集团接管工作组成员。",男,board,,1,2019-08-09T00:00:00.000Z,0,0,大商股份,董事,2020-12-21T02:03:29.590Z
5f666604ade9005a1eec576d,庞连义,600751,0,39,2020-09-19T20:11:48.428Z,硕士,"庞连义:男,39岁,党员,中国人民大学经济管理专业硕士。2008年7月毕业后进入海航集团,曾先后担任的主要职务有海航集团人力资源部培训发展中心经理、海航实业人力资源部总经理助理、安庆天柱山机场有限责任公司副总经理、海航商业控股有限公司人资行政部总经理、供销大集集团股份有限公司监事、人力资源部总经理等职务,2018年4月进入海航科技股份有限公司,现为海航科技股份有限公司人力资源部副总经理。",男,supervisoryCommittee,,1,2020-06-20T00:00:00.000Z,166000,0,海航科技,职工监事,2020-12-21T02:08:22.292Z
5f66666eade9005a1eec6ed2,于隽隽,600773,0,48,2020-09-19T20:13:34.105Z,本科,"于隽隽先生,出生于1972年11月,汉族,中国党员,大学本科学历,工程师,现任西藏城市发展投资股份有限公司副总经理。教育背景:1991.09-1995.06上海城市建设学院环境系给排水专业本科工作简历:1995.08-2010.12上海北方城市发展投资有限公司历任工程部员工、副经理、经理、总经理助理2011.01至今西藏城市发展投资股份有限公司副总经理所获奖励2010年闸北区第七届优秀青年人才。",男,manager,,1,2018-05-12T00:00:00.000Z,1097000,0,西藏城投,副总经理,2020-12-21T02:09:55.489Z
5f66666dade9005a1eec6e66,陈卫东,600773,0,51,2020-09-19T20:13:33.303Z,本科,"陈卫东先生,出生于1969年3月,汉族,中国党员,本科学历,现任西藏城市发展投资股份有限公司董事、上海北方企业(集团)有限公司总经理,工程师。教育背景:1984.9-1987.7新华二医医校中专1995.9-1997.6上海市建设职工大学建筑工程专业大专2002.9-2006.6海军指挥学院经济管理专业本科工作简历:1987-1993上海市闸北区中心医院职工1993-2005.4闸北区城市发展投资总公司副总经理2005.4-2009.03上海北方企业(集团)有限公司副总经理2009.03-2014.03上海北方城市发展投资有限公司历任副总经理、总经理2009.1-2014.03西藏城市发展投资股份有限公司董事、常务副总经理2014.03至今上海北方企业(集团)有限公司总经理2014.03至今西藏城市发展投资股份有限公司董事所获奖励:1999年市立功竞赛市级个人记功2001年闸北区建设功臣2002年、2006年市级个人记功2006年闸北区旧区改造动拆迁工作优秀组织者、闸北区先进工作者、闸北区动拆迁工作优秀组织者2007年闸北区重大工程立功竞赛建设功臣2008年上海市重大工程立功竞赛个人记功2010年上海市闸北区第七届拔尖人才。",男,board,,1,2018-05-12T00:00:00.000Z,0,0,西藏城投,董事,2020-12-21T02:09:54.669Z
5f6666c4ade9005a1eec81eb,杨帅,600789,0,46,2020-09-19T20:14:59.953Z,大专,"杨帅,女,1974年1月生。1995年7月参加工作,大专学历,制剂工程师。1995年起先后任山东鲁抗医药股份有限公司104车间无菌室称量员、无菌室班长、二工段技术员。2009年9月任105车间南工段技术员,2011年1至今任105车间南工段工段长。曾荣获2007年全国医药行业QC二等奖,2008年公司“十佳青年”,2010年公司“劳动模范”,2012年公司“优秀党员”等荣誉称号。2013年4月起任公司职工代表监事",女,supervisoryCommittee,,1,2018-05-17T00:00:00.000Z,68600,0,鲁抗医药,职工监事,2020-12-21T02:11:11.617Z
5f6667a4ade9005a1eecb1e0,许宁,600827,0,49,2020-09-19T20:18:43.676Z,本科,"许宁女士:女,1971年出生,汉族,大学学历,经营师、心理咨询师二级,全国劳模,十九大党代表。现任东方商厦有限公司五楼居家礼品商场小家电部营业员,兼任百联集团有限公司职工监事。曾任东方商厦有限公司儿童用品商场童装部、玩具部、婴童部营业员。",女,supervisoryCommittee,,1,2019-04-20T00:00:00.000Z,149800,0,百联股份,职工监事,2021-01-20T22:28:29.367Z
5f666864ade9005a1eecdc3f,王海洋,600864,0,40,2020-09-19T20:21:56.774Z,本科,"王海洋,性别:男,民族:汉出生日期:1980年7月7日,政治面貌:党员,文化程度:大学本科,工作经历:2003.07-2007.03黑龙江省电力开发公司经营管理部职员2007.03-2009.03黑龙江省电力开发公司经营管理部副部长2009.04-2010.08神州通信黑龙江有限公司哈尔滨分公司总经理2010.08-2012.12神州通信黑龙江有限公司总经理2013.01-2015.06哈尔滨投资集团有限责任公司正部级员2015.06至今哈尔滨哈投投资股份有限公司副总经理。",男,manager,,1,2018-06-26T00:00:00.000Z,358200,0,哈投股份,副总经理,2020-12-21T02:17:54.452Z
5f666879ade9005a1eece200,胡苏平,600868,0,42,2020-09-19T20:22:16.879Z,本科,"胡苏平,女,1978年11月出生,广东梅州人,党员,本科学历,政工师,现任广东梅雁吉祥水电股份有限公司董事会秘书。2000年8月至今在广东梅雁吉祥水电股份有限公司工作,公司第七届、第八届董事会董事、公司第九届董事会秘书。现任广东梅雁吉祥水电股份有限公司第十届董事会董事、董事会秘书。",女,manager,,1,2019-05-15T00:00:00.000Z,490400,0,梅雁吉祥,董事会秘书,2020-12-21T02:18:17.590Z
5f6668f8ade9005a1eecfdd5,杨世虎,600888,0,45,2020-09-19T20:24:24.654Z,本科,"杨世虎:男,汉族,党员,本科学历,高级营销师。现任新疆众和股份有限公司总经理助理,曾任特变电工股份有限公司新疆变压器厂箱变分公司副总经理、特变电工股份有限公司新疆变压器厂销售分公司副总经理。",男,manager,,1,2018-10-10T00:00:00.000Z,883100,260000,新疆众和,副总经理,2020-12-21T02:20:44.590Z
5f6668f8ade9005a1eecfdc1,郭万花,600888,0,51,2020-09-19T20:24:24.429Z,本科,"郭万花:女,汉族,党员,本科,高级工程师。现任新疆众和股份有限公司总经理助理,曾任新疆众和股份有限公司副总工程师。",女,manager,,1,2018-10-10T00:00:00.000Z,656700,260000,新疆众和,副总经理,2020-12-21T02:20:44.410Z
5f66691cade9005a1eed0635,杜祥,600896,0,57,2020-09-19T20:25:00.858Z,博士,"杜祥先生,1963年9月出生,博士学位、党员。现任览海医疗产业投资股份有限公司副总裁、第九届董事会董事。曾任复旦大学附属肿瘤医院副院长,作为中组部第七批援疆干部挂职新疆医科大学第一附属医院副院长。",男,manager,,1,2017-06-30T00:00:00.000Z,2228000,70000,览海医疗,副总裁,2020-12-21T02:21:28.139Z
5f6668f8ade9005a1eecfdb7,宁红,600888,0,52,2020-09-19T20:24:24.341Z,博士,"宁红:女,汉族,党员,博士研究生学历,提高待遇高级工程师。现任新疆众和股份有限公司总经理助理,曾任新疆众和股份有限公司信息总监。",女,manager,,1,2018-10-10T00:00:00.000Z,1188000,260000,新疆众和,副总经理,2020-12-21T02:20:44.333Z
5f6668f8ade9005a1eecfde5,吴斌,600888,0,49,2020-09-19T20:24:24.734Z,硕士,"吴斌:女,汉族,党员,研究生学历,高级工程师。现任新疆众和股份有限公司副总工程师,曾任新疆众和股份有限公司电极箔分公司副总经理、新疆众和进出口有限公司总经理、副总经理。",女,manager,,1,2018-10-10T00:00:00.000Z,895200,260000,新疆众和,副总经理,2020-12-21T02:20:44.687Z
5f6668f8ade9005a1eecfdef,李功海,600888,0,42,2020-09-19T20:24:24.869Z,硕士,"李功海:男,汉族,42岁,党员,硕士研究生学历,中级经济师,中级会计师。现任新疆众和股份有限公司总经理助理,曾任新疆众和股份有限公司企业管理部部长。",男,manager,,1,2020-03-24T00:00:00.000Z,0,195000,新疆众和,副总经理,2020-12-21T02:20:44.774Z
5f666951ade9005a1eed11e1,丁峰,600909,0,51,2020-09-19T20:25:53.775Z,硕士,"丁峰先生,出生于1969年4月,经济学硕士,高级经济师。华安证券股份有限公司安庆龙山路营业部副总经理、巢湖营业部总经理、安庆人民路营业部总经理(其间挂任祁门县委常委、副县长)、稽核部总经理。现任华安证券股份有限公司风险管理部总经理。",男,supervisoryCommittee,,,2019-01-14T00:00:00.000Z,451200,0,华安证券,职工监事,2020-12-21T02:22:54.418Z
5f666a42ade9005a1eed4667,贺卫东,600984,0,52,2020-09-19T20:29:54.051Z,本科,"贺卫东,男,1968年6月出生,籍贯河南省渑池县,党员,1991年7月毕业于郑州轻工业学院工业自动化专业,本科学历,高级工程师。现任陕西建设机械股份有限公司副总经理。工作简历:1991年7月至1993年12月任西安市第三印刷厂设备科技术员,1993年12月至1995年12月在陕西建设机械股份有限公司工艺处工作,1995年12月至2011年1月在陕西建设机械股份有限公司产品研究所工作,2011年1月至2012年1月任陕西建设机械股份有限公司电液研究所所长,2012年1月至2014年1月任陕西建设机械股份有限公司工程机械研究院副院长,兼任技术管理中心主任,2014年1月至2015年1任陕西建设机械股份有限公司营销总公司总经理,2015年1月至2017年2月任陕西建设机械股份有限公司销售总监;2015年9月至今任陕西建设机械股份有限公司副总经理。",男,manager,,1,2020-12-09T00:00:00.000Z,504100,97500,建设机械,副总经理,2020-12-21T02:25:58.003Z
5f666aacade9005a1eed5ed1,钱建军,601001,0,57,2020-09-19T20:31:40.063Z,硕士,"钱建军先生,1963年4月出生,党员,大学本科学历,硕士学位,高级经济师.曾任局政策研究室干事;通风处管理科副科长;局政策研究室信息科副科长、科长;集团公司董事会秘书处科长;大同煤业股份公司规划发展部副部长、董事会秘书,现任大同煤业股份公司副总经理、董事会秘书.",男,manager,,1,2009-06-30T00:00:00.000Z,404300,0,大同煤业,董事会秘书,2020-12-21T02:27:27.756Z
5f666b66ade9005a1eed86db,汪昌云,601101,0,56,2020-09-19T20:34:46.731Z,博士,"汪昌云先生,1964年生,中国国籍,无永久境外居留权,民盟党员,金融经济学博士。1999-2005年任教于新加坡国立大学商学院。2003年9月起任职中国人民大学金融学教授、博士生导师。现任中国人民大学汉青高级经济与金融研究院院长、中国银行股份有限公司独立董事、北京昊华能源股份有限公司独立董事、尚纬股份有限公司独立董事。",男,board,,1,2019-09-18T00:00:00.000Z,80000,0,昊华能源,独立董事,2020-12-21T02:30:04.229Z
5f666b74ade9005a1eed8af6,刘俊杰,601107,0,56,2020-09-19T20:35:00.841Z,硕士,"刘俊杰先生,56岁,先后毕业于四川遂宁师范学校、川北教育学院生物系、中国社会科学院研究生院工业经济系,研究生学历;高级政工师。历任甘孜州委办公室综合科副科长、阿坝州委办公室副科级秘书、阿坝州委办公室主任科员、阿坝州委办公室副主任、阿坝州州委督察室主任、壤塘县政府副县长、理县县委副书记、阿坝州水利局副局长、四川省交通厅安全监督管理处副处长。现任四川省多式联运投资发展有限公司法定代表人、董事长、四川交投置地有限公司董事、四川交投建设工程股份有限公司董事、四川成渝高速公路股份有限公司副总经理。",男,manager,,1,2019-11-14T00:00:00.000Z,441700,0,四川成渝,副总经理,2021-01-21T01:04:14.295Z
5f666ea5ade9005a1eee4130,吴高连,601818,0,68,2020-09-19T20:48:37.459Z,硕士,"吴高连先生,自2013年1月起任公司董事。现在中央汇金投资有限责任公司任职,兼任中国光大集团股份公司董事。1985年8月至1992年3月,任吉林抚松县委常委、副县长、常务副县长等职;1992年3月至1997年12月,任中国人民保险公司(中保财产保险有限公司)吉林通化市分公司总经理、吉林省分公司副总经理等职;1997年12月至2000年12月,任中国人民保险公司(中保财产保险有限公司)广西分公司总经理等职;2000年12月至2003年7月,任中国人民保险公司辽宁省分公司总经理等职;2003年7月至2008年8月,任中国人民保险集团公司(中国人保控股公司)副总裁等职;2008年8月至2012年8月,任中国再保险(集团)股份有限公司董事、总裁等职。毕业于中国社会科学院研究生院货币银行专业,硕士研究生学历,高级经济师。",男,supervisoryCommittee,,1,2019-07-31T00:00:00.000Z,0,0,光大银行,外部监事,2021-01-21T01:04:13.221Z
5f666ec5ade9005a1eee484c,郑军,601838,0,56,2020-09-19T20:49:09.590Z,本科,"郑军先生,1964年11月出生,中国国籍,中南财经大学计划统计系国民经济计划专业,本科学历,会计师。曾任四川省财政厅综合处科员、副主任科员;四川省财政厅社会保障处主任科员、科长、助理调研员;四川省阿坝州茂县县委副书记(挂职锻炼)。本行营业部副总经理、总经理。2016年9月起,任本行总经济师。",男,manager,,1,2020-07-31T00:00:00.000Z,534100,28400,成都银行,总经济师,2021-01-21T01:04:23.611Z
5f666fa6ade9005a1eee79a0,刘文伟,601969,0,56,2020-09-19T20:52:54.041Z,高中,"刘文伟先生:男,汉族,1964年出生,党员,高中学历。曾在公司采矿部检修车间工作,现任海南矿业股份有限公司采矿场检修车间副主任、十八大代表、焊工高级技师。获得全国“五一”劳动奖章、“全国劳动模范”称号、国务院工程技术特殊津贴专家称号及全国技术能手称号,并当选“十八大”代表。",男,supervisoryCommittee,,1,2016-09-07T00:00:00.000Z,78900,0,海南矿业,职工监事,2020-12-21T02:44:43.683Z
5f666fbeade9005a1eee7ea9,汪昌云,601988,0,56,2020-09-19T20:53:18.885Z,博士,"汪昌云先生,1964年生,中国国籍,无永久境外居留权,民盟党员,金融经济学博士。1999-2005年任教于新加坡国立大学商学院。2003年9月起任职中国人民大学金融学教授、博士生导师。现任中国人民大学汉青高级经济与金融研究院院长、中国银行股份有限公司独立董事、北京昊华能源股份有限公司独立董事、尚纬股份有限公司独立董事。",男,board,,1,2019-05-18T00:00:00.000Z,620800,0,中国银行,独立非执行董事,2020-12-21T02:44:57.497Z
5f6670f1ade9005a1eeec20c,熊莉娜,603053,0,46,2020-09-19T20:58:25.200Z,本科,"熊莉娜女士,1974年7月出生,中国国籍,无境外永久居留权,大学本科学历。熊莉娜女士现任成都燃气集团股份有限公司董事会秘书,历任蒲江县科委、蒲江县政府办公室科员、蒲江县委办公室干事、蒲江县委办公室综合科科长、成都市武侯城市发展投资有限责任公司职员、综合部副部长、综合部部长、成都城建投资管理集团有限责任公司综合办公室副主任。熊莉娜女士自2016年9月起,担任公司董事会秘书。",女,manager,,1,2020-09-26T00:00:00.000Z,672000,0,成都燃气,董事会秘书,2021-01-21T01:05:19.658Z
5f6671f0ade9005a1eeeff16,金顺清,603129,0,74,2020-09-19T21:02:40.005Z,中专,"金顺清,1946年生,中国国籍,无境外永久居留权,中专学历。曾任共青团乐清县委副书记、乐清市虹桥区副区长、乐清市虹桥镇副镇长、春风控股集团高级顾问、浙江春风动力股份有限公司监事会主席等职。现任浙江春风动力股份有限公司监事,兼任乐清市慈善总会虹桥镇分会会长、信阳同合车轮有限公司监事。",男,supervisoryCommittee,,1,2018-12-21T00:00:00.000Z,0,608100,春风动力,监事,2021-01-21T01:05:25.737Z
5f66721bade9005a1eef08f1,杨建伟,603159,0,55,2020-09-19T21:03:23.319Z,大专,"杨建伟,副总经理,中国国籍,无永久境外居留权,男,汉族,1965年生,党员,大专学历,模具设计助理工程师。曾任上海日精仪器有限公司制造部部长,2008年加入上海亚虹塑料模具制造有限公司担任副总经理,2012年8月起任上海亚虹模具股份有限公司副总经理。",男,manager,,1,2018-07-28T00:00:00.000Z,298000,850000,上海亚虹,副总经理,2020-12-21T03:15:17.144Z
5f667234ade9005a1eef0e99,薛锋,603167,0,52,2020-09-19T21:03:48.614Z,本科,"薛锋,男,汉族,出生于1968年1月,党员,本科学历,高级会计师、中国注册税务师,中国国籍,无境外永久居留权。曾任辽渔集团捕捞一公司财务科科长、辽渔集团财务处总账报表会计主任科员、副处长等职务。2006年12月至2009年2月、2009年11月起任渤海轮渡财务总监。",男,manager,,1,2020-05-23T00:00:00.000Z,2111000,270000,渤海轮渡,财务总监,2020-12-21T03:15:36.980Z
5f667234ade9005a1eef0e4e,王福田,603167,0,57,2020-09-19T21:03:48.431Z,本科,"王福田,男,汉族,出生于1963年6月,党员,本科学历,高级船长,中国国籍,无境外永久居留权。曾任交通部烟台救捞局救助船船长、交通部烟台救捞局银河轮渡公司客滚船船长。2009年11月起任渤海轮渡副总经理兼总船长。",男,manager,,1,2020-05-23T00:00:00.000Z,2111000,520000,渤海轮渡,"副总经理,总船长",2020-12-21T03:15:36.810Z
5f667234ade9005a1eef0e76,贾明洋,603167,0,58,2020-09-19T21:03:48.521Z,本科,"贾明洋,男,汉族,出生于1962年12月,党员,本科学历,高级工程师,中国国籍,无境外永久居留权。曾任烟大汽车轮渡股份有限公司副总经理,2001年4月至今,任渤海轮渡副总经理。",男,manager,,1,2020-05-23T00:00:00.000Z,2111000,581300,渤海轮渡,副总经理,2020-12-21T03:15:36.892Z
5f667234ade9005a1eef0ea6,林家治,603167,0,56,2020-09-19T21:03:48.703Z,本科,"林家治,男,汉族,出生于1964年4月,党员,本科学历,高级工程师。曾任烟台海运总公司轮机长、集装箱公司副经理,烟大汽车轮渡股份有限公司总轮机长、机务部副经理,渤海轮渡股份有限公司总轮机长、机务供应部部长等职务。2001年5月进入渤海轮渡,2009年11月起任渤海轮渡总轮机长。",男,manager,,1,2020-05-23T00:00:00.000Z,1696000,530000,渤海轮渡,总轮机长,2020-12-21T03:15:37.058Z
5f667233ade9005a1eef0dc4,李明,603167,0,59,2020-09-19T21:03:47.352Z,本科,"李明,男,汉族,出生于1961年6月,党员,高级工程师,大学学历,工学学士。曾任辽渔集团总调度室副总调度长,辽渔集团总调度室渔捞技术室主任,辽渔集团总调度室总调度长,辽渔集团捕捞三公司经理兼书记,辽渔集团总经理助理兼捕捞三公司经理、书记;现任辽渔集团副总经理,渤海轮渡集团股份有限公司董事。",男,board,,1,2020-05-12T00:00:00.000Z,0,0,渤海轮渡,董事,2020-12-21T03:15:35.706Z
5f667290ade9005a1eef248c,明强华,603199,0,56,2020-09-19T21:05:20.273Z,硕士,"明强华先生,1964年10月出生,中国国籍,无永久境外居留权,硕士研究生学历。历任泾县县委讲师团讲师,泾县凤凰集团公司副总经理,安徽红星宣纸股份有限公司董事、副总经理;现任安徽九华山旅游发展股份有限公司副总经理。",男,manager,,,2019-03-30T00:00:00.000Z,351900,0,九华旅游,副总经理,2020-12-21T03:17:28.881Z
5f66732bade9005a1eef48c6,郑洪霞,603278,0,49,2020-09-19T21:07:55.608Z,本科,"郑洪霞:女,中国国籍,无国外永久居留权,1971年出生,本科学历,中级会计师职称,诸城市第八届政协委员,诸城市第十七届人大代表,诸城市第十三届党代表,潍坊市第十七届人大代表。曾任山东大业工贸有限责任公司董事、诸城市大业金属制品有限责任公司财务总监,2011年3月至今任山东大业股份有限公司董事、副总经理、财务总监。",女,manager,,1,2020-08-22T00:00:00.000Z,389500,7280000,大业股份,总经理,2021-01-20T22:28:29.049Z
5f6673a9ade9005a1eef661d,董仁泽,603319,0,47,2020-09-19T21:10:01.082Z,大专,"董仁泽先生:中国国籍,无境外永久居留权,1973年出生,大专学历。1993年加入湖南机油泵厂(公司前身),历任检测技术员、检验科长、质量主管;2003年至2014年历任衡山齿轮有限责任公司技术质量主管、副总经理、总经理、总工程师;2015年至2016年任湖南机油泵股份有限公司技术中心经理;2017年至今任衡山齿轮有限责任公司总经理。2019年2月至今任湖南机油泵股份有限公司副总经理,2019年10月至今兼任湖南腾智机电有限责任公司董事、总经理。现为衡东县第十三届党代表。",男,manager,,1,2020-10-14T00:00:00.000Z,378700,0,湘油泵,副总经理,2021-01-20T22:28:29.409Z
5f6673eeade9005a1eef746e,汪昌云,603333,0,56,2020-09-19T21:11:10.905Z,博士,"汪昌云先生,1964年生,中国国籍,无永久境外居留权,民盟党员,金融经济学博士。1999-2005年任教于新加坡国立大学商学院。2003年9月起任职中国人民大学金融学教授、博士生导师。现任中国人民大学汉青高级经济与金融研究院院长、中国银行股份有限公司独立董事、北京昊华能源股份有限公司独立董事、尚纬股份有限公司独立董事。",男,board,,1,2020-12-17T00:00:00.000Z,60000,0,尚纬股份,独立董事,2020-12-21T03:22:44.399Z
5f667421ade9005a1eef7fc2,王林,603353,0,66,2020-09-19T21:12:01.864Z,本科,"王林先生,汉族,中国国籍,无永久境外居留权,1954年5月出生,本科学历。1970年起先后在怀化芷江县小学、芷江县教育局、长沙望城县一中、长沙职业技术专科学校、长沙学院、湖南雅泰国际广告公司、湖南王林管理顾问公司、长沙康萨坦咨询有限责任公司、中南大学商学院企业文化研究中心任教和任职,曾任老百姓大药房全国连锁机构有限公司、湖南友谊阿波罗商业股份有限公司、量子高科(中国)生物股份有限公司独立董事。现任潇湘牡丹会文化传播有限公司监事。兼任正和岛首席经济学家、湖南晟通科技集团有限公司顾问、大汉控股集团有限公司顾问、远大科技集团有限公司顾问、民进中央经济委员会副主任、江西财经大学兼职教授、湖南省文物局顾问、怀化市、常德市、张家界市、株洲市人民政府经济顾问,凤凰、芷江、石门、炎陵、永江、洪江县委经济顾问,湖南省培育发展战略性新兴产业专家委员会委员,福建三木集团股份有限公司、湖南电广传媒股份有限公司独立董事;2015年11月至今任湖南和顺石油股份有限公司独立董事。",男,board,,,2020-02-25T00:00:00.000Z,0,0,和顺石油,独立董事,2020-12-21T03:23:20.731Z
5f6674beade9005a1eefa049,刘东,603393,0,45,2020-09-19T21:14:38.263Z,本科,"刘东先生:1975年出生,本科学历,政治面貌党员,具有助理会计师和基金从业资格证书。曾任新疆鑫泰天然气股份有限公司投资管理部副部长,现任新疆鑫泰天然气股份有限公司董事会办公室主任兼投资管理部部长。2012年9月-2016年7月期间,曾在新疆新投经贸发展有限公司任总经理助理,负责投资管理和内控。",男,manager,,1,2019-08-21T00:00:00.000Z,322700,0,新天然气,董事会秘书,2020-12-21T03:25:30.813Z
5f66776eade9005a1ef0347f,白云龙,603686,0,38,2020-09-19T21:26:06.375Z,博士,"白云龙,男,汉族,1982年出生,中国国籍,无境外永久居留权,清华大学汽车工程系动力工程及工程热物理专业博士研究生,福建省百人计划创新人才,龙岩市第五届党代表;曾先后任职于重庆长安汽车股份有限公司动力研究院、产品策划部,历任工程师、室主任、处长助理、产品经理等职;2015年9月起任职于福建龙马环卫装备股份有限公司,现任福建龙马环卫装备股份有限公司副总经理、福建龙马环卫装备销售有限公司总经理。",男,manager,,1,2019-09-12T00:00:00.000Z,1544000,45500,龙马环卫,副总经理,2021-01-20T22:28:29.234Z
5f667798ade9005a1ef03d59,何国胜,603698,0,52,2020-09-19T21:26:48.432Z,硕士,"何国胜,男,1968年5月出生,硕士研究生学历。硕士研究生毕业于哈尔滨工业大学仪表与测试系统专业,1990年8月参加工作,1990年入党,现任中国运载火箭技术研究院产业发展部部长。历任101所副所长,中国运载火箭技术研究院经营投资部副部长等职务。",男,board,,1,2018-07-28T00:00:00.000Z,0,0,航天工程,董事,2021-01-20T22:28:29.419Z
5f667792ade9005a1ef03c9e,付路路,603697,0,30,2020-09-19T21:26:42.609Z,大专,"付路路,男,中国国籍,出生于1990年,无境外永久居留权,大专学历。2011年-2014年在冀中能源峰峰集团(拜城分公司)任综合部秘书,2014年-2018年在新疆拜城县委任办公室秘书。现任有友食品股份有限公司董事长秘书。",男,supervisoryCommittee,,1,2019-11-08T00:00:00.000Z,92800,0,有友食品,职工监事,2021-01-21T01:03:17.842Z
5f66786aade9005a1ef06d92,章炎,603787,0,58,2020-09-19T21:30:18.474Z,,"章炎先生:男,1962年8月生,党员,中国国籍,无境外永久居留权,注册会计师,资产评估师,现任江苏新日电动车股份有限公司独立董事、无锡梁溪会计师事务所有限公司副总经理,曾任无锡梁溪会计师事务所有限公司部门经理、江苏华信资产评估有限公司无锡梁溪分公司总经理。",男,board,,1,2019-05-18T00:00:00.000Z,50000,0,新日股份,独立董事,2020-12-21T03:40:49.243Z
5f66786aade9005a1ef06da8,潘胜利,603787,0,39,2020-09-19T21:30:18.693Z,大专,"潘胜利先生:男,1981年11月生,党员,中国国籍,无境外永久居留权,大专学历。现任江苏新日电动车股份有限公司IT高级经理,监事会主席。曾任陕西省宝鸡市社会福利厂办公室主任。",男,supervisoryCommittee,,1,2019-05-18T00:00:00.000Z,441500,0,新日股份,监事会主席,2020-12-21T03:40:49.431Z
5f667985ade9005a1ef0af50,冯震远,603889,0,55,2020-09-19T21:35:01.295Z,硕士,"冯震远:男,1965年生,中国国籍,无境外永久居留权,硕士学历,一级律师。现任浙江百家律师事务所合伙人、主任,中华全国律师协会理事,嘉兴市党代表、人大代表,浙江省高级人才专家库入选人员;2017年12月至今担任公司独立董事。",男,board,,1,2020-01-18T00:00:00.000Z,0,0,新澳股份,独立董事,2021-01-20T22:28:29.517Z
5f667a29ade9005a1ef0d4d1,张佩莉,603949,0,57,2020-09-19T21:37:45.496Z,高中,"张佩莉女士,董事、常务副总经理,1963年7月出生,中国国籍,无境外永久居留权,高中学历,工程师、高级经济师职称。曾任霞浦礁碶电配厂会计,宁波市北仑汽车塑料风扇厂销售科长,宁波雪龙汽车风扇厂销售科长,群频电子及前身宁波雪龙汽车风扇制造有限公司销售科长,雪龙有限副总经理,曾任北仑区第六届政协委员,北仑区第六届、第七届党代表。现任雪龙股份董事、常务副总经理,雪龙进出口执行董事,雪龙创新中心理事长、中国香港绿源董事。",女,manager,,1,2020-01-21T00:00:00.000Z,710800,0,雪龙集团,常务副总经理,2021-01-20T22:28:29.707Z
5f667b39ade9005a1ef114ac,冯震远,605318,0,55,2020-09-19T21:42:17.648Z,硕士,"冯震远:男,1965年生,中国国籍,无境外永久居留权,硕士学历,一级律师。现任浙江百家律师事务所合伙人、主任,中华全国律师协会理事,嘉兴市党代表、人大代表,浙江省高级人才专家库入选人员;2017年12月至今担任公司独立董事。",男,board,,1,2020-07-10T00:00:00.000Z,50000,0,法狮龙,独立董事,2021-01-20T22:28:29.791Z
5f667bc0ade9005a1ef133cc,黄治家,688025,0,54,2020-09-19T21:44:32.422Z,本科,"黄治家,男,杰普特董事长,1966年出生,中国国籍,无境外永久居留权。1984年9月至1987年7月于鄂西大学(现湖北民族学院)学习特产专业。1987年至1990年任恩施州巴东县农业特产局技术员、办公室副主任;1990年6月至1996年6月任恩施州巴东县县委办公室任县委书记秘书、督查室主任、县委办公室副主任;1996年6月至1999年2月任恩施州巴东县茶店子镇镇长;1999年2月至2001年任北京中经贸信息网络有限公司办公室负责人、副总经理;2001年8月至2006年3月任深圳威谊光通技术有限公司行政总监、总经理;2006年4月至2016年3月任杰普特有限董事长兼总经理;2016年4月至今任杰普特董事长;2010年1月至今任新加坡杰普特董事;2011年11月至今任惠州杰普特法定代表人与执行董事;2011年11月至今任同聚咨询执行事务合伙人;2016年1月至今任华杰软件董事长;2016年2月至今任东莞杰普特法定代表人与执行董事;2018年5月至今任杰普特锦绣董事;2018年12月至今任韩国杰普特执行董事。",男,board,,1,2019-10-14T00:00:00.000Z,760000,19850000,杰普特,"董事长,董事",2021-01-21T01:03:41.823Z
5f667e17ade9005a1ef1b62a,冯震远,688368,0,55,2020-09-19T21:54:31.258Z,硕士,"冯震远:男,1965年生,中国国籍,无境外永久居留权,硕士学历,一级律师。现任浙江百家律师事务所合伙人、主任,中华全国律师协会理事,嘉兴市党代表、人大代表,浙江省高级人才专家库入选人员;2017年12月至今担任公司独立董事。",男,board,,1,2020-05-23T00:00:00.000Z,78000,0,晶丰明源,独立董事,2021-01-20T22:28:27.342Z
5fdff8000082bc584b551873,黄文军,600099,0,51,2020-12-21T01:18:56.664Z,本科,"黄文军:男,汉族,1969年2月出生,江苏泰州人,2004年6月入党,1991年8月参加工作,高级工程师,大学文化,工学学士。2006年5月至2009年5月任林海股份有限公司副总经理;2009年5月至2011年5月,任江苏联海动力机械有限公司常务副总经理、总经理;2011年5月至2017年7月任江苏林海动力机械集团公司副总经理;2017年8月至2018年11月任江苏林海动力机械集团有限公司副董事长,林海股份有限公司总经理;2018年11月至2019年10月任中国福马机械集团有限公司总经理助理;2019年11月至2020年7月任中国福马机械集团有限公司总经理助理兼企业管理部部长;2020年7月至今任中国福马机械集团有限公司副总经理兼企业管理部部长。",男,board,,1,2020-11-21T00:00:00.000Z,250000,0,林海股份,董事,2021-01-20T22:28:29.532Z
5fdff8080082bc584b553ca4,张健,600100,0,35,2020-12-21T01:19:04.653Z,硕士,"张健,男,1985年10月生人,党员,硕士,毕业于清华大学工程物理系,工程师。曾任中国核电工程有限公司工程师,中电投核电有限公司计划项目部主管,国家电投集团战略部专责,国投集团办公厅职员,中核集团综合部副处长。",男,manager,,1,2020-04-30T00:00:00.000Z,0,0,同方股份,董事会秘书,2020-12-21T01:19:04.653Z
5fdffa1d0082bc584b61328f,蒋宏,600197,0,51,2020-12-21T01:27:57.266Z,,"蒋宏,男,1969年出生,党员,工程师,现任新疆天工房地产开发有限公司、中联润世新疆物流有限公司、新疆煜福聚餐饮管理有限公司(麦当劳新疆公司)董事长。",男,board,,1,2020-11-10T00:00:00.000Z,0,0,伊力特,外部董事,2020-12-21T01:27:57.266Z
5fdffa1d0082bc584b6132e5,刘清江,600197,0,46,2020-12-21T01:27:57.343Z,博士,"刘清江,男,1974年出生,党员,经济学博士,现任华西证券股份有限公司投行部执行董事。",男,board,,1,2020-11-10T00:00:00.000Z,0,0,伊力特,独立董事,2020-12-21T01:27:57.343Z
5fe005d10082bc584ba9f045,董英群,600864,0,53,2020-12-21T02:17:53.743Z,,"董英群,女,1967年5月31日出生,文化程度:大学,政治面貌:党员,工作简历:1989年9月-1990年5月哈尔滨市药材公司道里分公司会计,1990年5月-1998年3月哈尔滨国际信托投资公司证券部(曾任职柜台工作人员、债券发行、部门会计、部门综合部经理等职务),1998年3月-2004年3月哈尔滨国际信托投资公司平房营业部总经理,2004年3月-2011年9月江海证券新疆大街营业部总经理,2011年9月-2018年5月江海证券稽核审计部总经理,2018年5月-2020年8月江海证券总裁助理兼稽核审计部总经理,2020年8月-至今江海证券副总裁。",女,supervisoryCommittee,,1,2020-12-01T00:00:00.000Z,0,0,哈投股份,职工监事,2020-12-21T02:17:53.743Z
5fe045550082bc584b2d3941,刘显成,002716,0,49,2020-12-21T06:48:53.211Z,本科,"刘显成,男,汉族,党员,中国国籍,无境外永久居留权,1971年1月生,管理学学士学位,中国注册会计师,房地产评估师,土地估价师,招标师,监理工程师,资产评估师,1991年至2004年10月毕业分配至耒阳市建设委员会(住建局),任干事,从事会计、内部审计、城建投资信息等工作。2004年11月至2006年6月湖南中信高新会计师事务所任项目经理。2006年7月至2019年湖南鹏程会计师事务所,任部门经理,从事审计等工作;湖南建兴房地产土地评估公司(郴州市)兼职,兼任评估师。2020年至今湖南双诚会计师事务所,任所长,从事审计工作;湖南建兴房地产土地评估公司(郴州市)兼职,兼任评估师。",男,board,,1,2020-11-21T00:00:00.000Z,0,0,*ST金贵,独立董事,2020-12-21T06:48:53.211Z
5fe04d690082bc584b5fe757,徐希彬,300021,0,47,2020-12-21T07:23:21.036Z,大专,"徐希彬:男,1973年生,甘肃酒泉人,大专学历,党员,工程师,无境外居留权。2005年4月至2007年1月,在甘肃大禹节水股份有限公司工作,任生产部副部长、部长。2007年1至2007年7月,任新疆大禹节水有限责任公司副总经理,负责公司筹建工作。2007年7月至2009年9月,任武威大禹节水有限责任公司副总经理、常务副总经理,负责公司生产管理、工程管理及日常事务管理工作。2009年9月至2012年6月,任新疆大禹节水有限责任公司常务副总经理,负责新厂项目建设工作。2012年6月至2013年9月,任新疆大禹节水有限责任公司总经理,主持公司工作。2013年9月至2016年7月,任大禹节水(酒泉)有限公司总经理,主持公司工作。2016年7月至2017年2月,任大禹节水集团股份有限公司副总裁兼大禹节水(酒泉)有限公司总经理。2017年2月至今,任大禹节水集团股份有限公司副总裁兼大禹节水(酒泉)有限公司董事长。",男,board,,1,2018-03-10T00:00:00.000Z,273500,0,大禹节水,董事,2020-12-21T07:23:21.036Z
5fe0586b0082bc584ba24911,卢振华,300430,0,45,2020-12-21T08:10:18.810Z,本科,"卢振华,男,1975年生,本科,中国国籍,党员,无境外永久居留权,高级会计师。2013年5月至2020年6月,历任任北京数码视讯科技股份有限公司财务中心经理,北京市博汇科技股份有限公司副总经理兼财务总监,杭州宽云视讯科技有限公司董事;2020年7月起,任北京诚益通控制工程科技股份有限公司财务常务副总监;2020年8月起,任广州龙之杰科技有限公司董事。",男,manager,,1,2020-12-08T00:00:00.000Z,0,0,诚益通,财务总监,2020-12-21T08:10:18.810Z
