_id,name,stockCode,__v,age,createdAt,degree,description,gender,group,is13NPCMember,isCCPMember,lastUpdated,salary,stockAmount,stockName,title,updatedAt,subSentence,tinySentence,department,departmentStart,departmentEnd,position,positionStart,positionEnd,distance,org,orgType,orgStart,orgEnd
5f656df2ade9005a1ec9c3fc,杨志群,000001,0,50,2020-09-19T02:33:22.125Z,博士,"杨志群先生,1970年出生,南开大学世界经济学博士,高级经济师。杨志群先生于1991年至1996年10月,任职于广州市九佛电器实业有限公司、中国南海石油联合服务总公司;1996年10月至2008年9月,任职于中国民生银行,历任广州分行柜员、副科长、科长、市场一部副总经理(主持工作)、天河支行副行长(主持工作)、天河支行行长、分行行长高级助理、分行副行长;2008年10月至2011年2月,历任原平安银行广州分行筹备组组长、分行行长;2011年3月至2015年3月,任平安银行(原深圳发展银行)广州分行行长;2015年3月至2016年11月,任平安证券股份有限公司总经理;2016年11月至今,任平安银行深圳分行党委书记;2017年5月至2019年4月,任平安银行行长助理兼深圳分行行长;2019年4月至今,任平安银行副行长兼深圳分行行长。",男,manager,,1,2020-01-07T00:00:00.000Z,6856000,0,平安银行,副行长,2021-01-21T01:03:11.552Z,任平安银行深圳分行党委书记,任平安银行深圳分行党委书记,党委,9,11,书记,11,13,0,平安银行深圳分行党委书记,financial,1,13
5f656df2ade9005a1ec9c3ec,郭世邦,000001,0,55,2020-09-19T02:33:22.078Z,博士,"郭世邦先生,1965年出生,北京大学光华管理学院博士研究生,高级经济师。郭世邦先生于1991年7月至1998年7月,历任中国工商银行总行资金计划部主任科员、副处级调研员(主持工作);1998年7月至2011年3月,历任中国民生银行北京上地支行行长、北京管理部党委委员兼副总经理、大连分行党委书记兼行长、总行零售管理委员会副主席兼零售银行部总经理;2011年3月至2014年3月,历任平安银行(原深圳发展银行)小微金融事业部总监、小企业金融事业部总裁;2014年3月至2016年10月,历任平安证券CEO特别助理、副总经理,并先后兼任公司首席风险官、合规总监等职务;2016年10月至2017年5月,任平安银行董事长特别助理;2017年5月至2019年4月,任平安银行行长助理;2017年12月至今,任平安银行董事;2019年4月至今,任平安银行副行长。",男,manager,,1,2019-11-08T00:00:00.000Z,7334000,0,平安银行,副行长,2021-01-21T01:03:12.975Z,历任中国民生银行北京上地支行行长、北京管理部党委委员兼副总经理、大连分行党委书记兼行长、总行零售管理委员会副主席兼零售银行部总经理,大连分行党委书记兼行长,党委,4,6,书记,6,8,0,大连分行党委书记,other,0,8
5f656df3ade9005a1ec9c531,鞠维萍,000001,0,57,2020-09-19T02:33:23.567Z,硕士,"鞠维萍先生,1963年1月出生,中南财经政法大学工商管理硕士学位。现任平安银行行长助理兼北京分行行长。鞠先生于1980年12月至2000年10月,历任中国农业银行山东济南市分行槐荫区支行信贷员、营业所主任、支行行长、省分行营业部副总经理;2000年10月至2006年11月,历任上海浦东发展银行济南分行、青岛分行副行长;2006年12月至2007年11月,任平安养老保险股份有限公司青岛分公司总经理;2007年11月至2010年6月,任平安养老保险股份有限公司山东分公司总经理;2010年6月至2012年12月,任平安养老保险股份有限公司北京分公司总经理;2012年12月至2014年3月,任平安养老保险股份有限公司总经理助理;2014年3月至2017年12月,任平安养老保险股份有限公司副总经理;2017年12月至2018年6月,任平安银行北京分行党委书记;2018年6月至今,任平安银行行长助理兼北京分行行长。",男,manager,,1,2020-06-11T00:00:00.000Z,0,0,平安银行,副行长,2021-01-21T01:03:13.146Z,任平安银行北京分行党委书记,任平安银行北京分行党委书记,党委,9,11,书记,11,13,0,平安银行北京分行党委书记,financial,1,13
5f656df3ade9005a1ec9c4f6,孙永桢,000001,0,52,2020-09-19T02:33:23.306Z,硕士,"孙永桢女士,1968年出生,中南财经政法大学经济学硕士,国际注册内部审计师(CIA)、高级经济师。现任平安银行纪委副书记、首席审计官。1993年7月至1996年10月,历任中国人民银行深圳经济特区分行计划资金处副主任科员、主任科员、副处级调研员;1996年10月至2005年2月,历任深圳发展银行计划资金部副总经理、金融机构部副总经理、金融同业银行部副总经理;2005年3月至2017年8月,历任深圳银监局股份制银行监管一处调研员、政策法规处调研员、监察室主任、外资银行监管处处长、人事处处长(党委组织部长)。2017年8月至今,任平安银行纪委副书记、首席审计官。",女,supervisoryCommittee,,1,2020-04-15T00:00:00.000Z,3395000,0,平安银行,职工监事,2021-01-21T01:03:13.404Z,现任平安银行纪委副书记、首席审计官,现任平安银行纪委副书记,纪委,6,8,书记,9,11,1,平安银行纪委,financial,2,8
5f656df3ade9005a1ec9c4f6,孙永桢,000001,0,52,2020-09-19T02:33:23.306Z,硕士,"孙永桢女士,1968年出生,中南财经政法大学经济学硕士,国际注册内部审计师(CIA)、高级经济师。现任平安银行纪委副书记、首席审计官。1993年7月至1996年10月,历任中国人民银行深圳经济特区分行计划资金处副主任科员、主任科员、副处级调研员;1996年10月至2005年2月,历任深圳发展银行计划资金部副总经理、金融机构部副总经理、金融同业银行部副总经理;2005年3月至2017年8月,历任深圳银监局股份制银行监管一处调研员、政策法规处调研员、监察室主任、外资银行监管处处长、人事处处长(党委组织部长)。2017年8月至今,任平安银行纪委副书记、首席审计官。",女,supervisoryCommittee,,1,2020-04-15T00:00:00.000Z,3395000,0,平安银行,职工监事,2021-01-21T01:03:13.404Z,任平安银行纪委副书记、首席审计官,任平安银行纪委副书记,纪委,5,7,书记,8,10,1,平安银行纪委,financial,1,7
5f656e01ade9005a1ec9c6c3,唐绍杰,000002,0,52,2020-09-19T02:33:37.035Z,硕士,"唐绍杰先生,1968年出生,现任深圳市地铁集团有限公司董事、总经理、党委副书记。唐先生于1990年毕业于同济大学公路与城市道路专业,获工学学士学位;1993年获同济大学工学硕士学位;工程师。唐先生曾在深圳市规划国土委(深圳市规划国土局、深圳市规划局)工作,历任房屋租赁管理办公室副主任、办公室副主任、建设用地处处长、光明管理局局长、土地利用处处长;2011年6月-2014年11月,任深汕(尾)特别合作区工作委员会委员、管理委员会副主任;2014年11月-2019年5月,历任深圳市前海深港现代服务业合作区管理局(前海湾保税港区管理局)副局长、前海合作区党工委委员、中国(广东)自由贸易试验区深圳前海蛇口片区管理委员会副主任、党组成员;2019年5月至今,任深圳市地铁集团有限公司董事、总经理、党委副书记。",男,board,,1,2020-07-01T00:00:00.000Z,0,0,万  科Ａ,董事,2021-01-21T01:03:13.734Z,历任深圳市前海深港现代服务业合作区管理局(前海湾保税港区管理局)副局长、前海合作区党工委委员、中国(广东)自由贸易试验区深圳前海蛇口片区管理委员会副主任、党组成员,前海合作区党工委委员,党工委,5,8,委员,8,10,0,前海合作区党工委,other,0,8
5f656e05ade9005a1ec9c79f,黄翔,000004,0,54,2020-09-19T02:33:41.816Z,硕士,"黄翔先生,1966年8月出生,研究生学历,硕士学位,*,制药高级工程师职称,2004年4月至2004年12月任广药盈邦营销有限公司副总经理;2005年1月至2006年11月任广州白云山化学制药厂厂长、党委书记;2006年12月至2014年4月任广州白云山汉方现代药业有限公司董事长、总经理;2011年至2016年6月任广州市人大代表、内务司法委员会成员;2011年至2016年6月任西藏林芝广药发展有限公司董事长;2012年至2016年6月任广州市慈善组织社会监督委员会委员;2013年12月至2016年6月任广药集团大南药板块副总监;2013年至2016年6月任广州白云山星洲药业有限公司董事;2014年4月至2016年6月任广州白云山化学药厂董事长党委书记;2014年8月至2016年6月任广州白云山化学药科技有限公司董事长;2014年10月至2016年6月任浙江广康医药有限公司董事长。2011-2016年间三次获评广州市优秀人大代表。2016年5月至今任深圳中国农大科技股份有限公司董事,2016年7月至2019年4月任公司常务副总经理,2019年4月至今任深圳中国农大科技股份有限公司董事长、总经理,2017年4月至今任山东北大高科华泰制药有限公司董事长。",男,manager,,1,2019-05-21T00:00:00.000Z,350000,0,国农科技,总经理,2020-12-21T04:11:16.781Z,2014年4月至2016年6月任广州白云山化学药厂董事长党委书记,2014年4月至2016年6月任广州白云山化学药厂董事长党委书记,党委,28,30,书记,30,32,0,广州白云山化学药厂,other,11,20
5f656df2ade9005a1ec9c440,郭建,000001,0,56,2020-09-19T02:33:22.399Z,硕士,"郭建先生,1964年出生,成都电讯工程学院(现电子科技大学)电子物理与器件专业硕士研究生毕业。现任深圳中电投资股份有限公司党委委员、董事、总经理。2017年2月至今,任平安银行董事。1988年5月加入深圳中电投资股份有限公司,曾任总经理助理、副总经理等职;2011年7月至今,任公司董事、总经理;2012年4月至2017年10月,任公司党委副书记;2013年8月至2016年3月,任中国中电国际信息服务有限公司副总经理、党委副书记;2014年10月至2016年4月,兼任中国中电国际信息服务有限公司电子商务业务一部总经理。2017年10月至今,兼任深圳市招商局仓储服务有限公司董事、深圳中电前海信息产业有限公司董事长、深圳市京华电子股份有限公司董事长。郭建先生同时兼任深圳市政协委员,深圳市进出口商会会长,深圳市企业联合会副会长等职务。",男,board,,1,2019-11-08T00:00:00.000Z,332600,0,平安银行,非执行董事,2021-01-21T01:03:13.976Z,现任深圳中电投资股份有限公司党委委员、董事、总经理,现任深圳中电投资股份有限公司党委委员,党委,14,16,委员,16,18,0,深圳中电投资股份有限公司,company,2,14
5f656e01ade9005a1ec9c6b7,胡国斌,000002,0,55,2020-09-19T02:33:36.990Z,博士,"胡国斌先生,1965年出生,现任深圳市资本运营集团有限公司(原深圳市远致投资有限公司)党委书记、董事长。胡先生于1987年获武汉大学管理学学士学位;1992年获中南财经政法大学经济学硕士学位;2002年获南开大学经济学博士学位;正高级会计师。胡先生曾在深圳建设集团工作;1997年11月-2019年5月,历任深圳市国有资产管理办公室主任科员、综合管理处助理调研员、副处长,深圳市国资委统计预算处处长,企业二处处长、深圳市国资委总经济师、深圳市国资委副主任等职务。2019年5月至今,任深圳市资本运营集团有限公司党委书记、董事长。",男,board,,1,2020-07-01T00:00:00.000Z,0,0,万  科Ａ,董事,2021-01-21T01:03:14.754Z,现任深圳市资本运营集团有限公司(原深圳市远致投资有限公司)党委书记、董事长,现任深圳市资本运营集团有限公司(原深圳市远致投资有限公司)党委书记,党委,29,31,书记,31,33,0,深圳市资本运营集团有限公司,company,2,15
5f656e01ade9005a1ec9c6b7,胡国斌,000002,0,55,2020-09-19T02:33:36.990Z,博士,"胡国斌先生,1965年出生,现任深圳市资本运营集团有限公司(原深圳市远致投资有限公司)党委书记、董事长。胡先生于1987年获武汉大学管理学学士学位;1992年获中南财经政法大学经济学硕士学位;2002年获南开大学经济学博士学位;正高级会计师。胡先生曾在深圳建设集团工作;1997年11月-2019年5月,历任深圳市国有资产管理办公室主任科员、综合管理处助理调研员、副处长,深圳市国资委统计预算处处长,企业二处处长、深圳市国资委总经济师、深圳市国资委副主任等职务。2019年5月至今,任深圳市资本运营集团有限公司党委书记、董事长。",男,board,,1,2020-07-01T00:00:00.000Z,0,0,万  科Ａ,董事,2021-01-21T01:03:14.754Z,现任深圳市资本运营集团有限公司(原深圳市远致投资有限公司)党委书记、董事长,现任深圳市资本运营集团有限公司(原深圳市远致投资有限公司)党委书记,党委,29,31,书记,31,33,0,深圳市远致投资有限公司,company,16.5,27.5
5f656e01ade9005a1ec9c6b7,胡国斌,000002,0,55,2020-09-19T02:33:36.990Z,博士,"胡国斌先生,1965年出生,现任深圳市资本运营集团有限公司(原深圳市远致投资有限公司)党委书记、董事长。胡先生于1987年获武汉大学管理学学士学位;1992年获中南财经政法大学经济学硕士学位;2002年获南开大学经济学博士学位;正高级会计师。胡先生曾在深圳建设集团工作;1997年11月-2019年5月,历任深圳市国有资产管理办公室主任科员、综合管理处助理调研员、副处长,深圳市国资委统计预算处处长,企业二处处长、深圳市国资委总经济师、深圳市国资委副主任等职务。2019年5月至今,任深圳市资本运营集团有限公司党委书记、董事长。",男,board,,1,2020-07-01T00:00:00.000Z,0,0,万  科Ａ,董事,2021-01-21T01:03:14.754Z,任深圳市资本运营集团有限公司党委书记、董事长,任深圳市资本运营集团有限公司党委书记,党委,14,16,书记,16,18,0,深圳市资本运营集团有限公司,company,1,14
5f656df2ade9005a1ec9c3dc,胡跃飞,000001,0,58,2020-09-19T02:33:22.033Z,硕士,"胡跃飞先生,1962年出生,中南财经政法大学(原中南财经大学)经济学硕士。胡跃飞先生于1990年1月至1999年2月,历任深圳发展银行党办宣传室主任、支行副行长、支行行长;1999年2月至2006年5月,历任深圳发展银行广州分行行长、总行行长助理。2006年5月至2016年12月,任平安银行(原深圳发展银行)副行长。2007年12月至今,任平安银行(原深圳发展银行)董事。2016年12月至今,任平安银行行长。胡跃飞先生加入深圳发展银行之前,曾任中国人民银行湖南省东安县支行科员,中国工商银行湖南省分行科员、人事处副科长。",男,manager,,1,2019-11-08T00:00:00.000Z,7791000,4104,平安银行,行长,2021-01-21T01:03:14.838Z,历任深圳发展银行党办宣传室主任、支行副行长、支行行长,历任深圳发展银行党办宣传室主任,党办,8,10,主任,13,15,3,深圳发展银行,financial,2,8
5f656e00ade9005a1ec9c695,王海武,000002,0,42,2020-09-19T02:33:36.724Z,硕士,"王海武先生,1978年出生,现任万科企业股份有限公司执行副总裁、首席运营官。王先生于2000年毕业于中南财经政法大学会计学专业,获管理学学士学位;2007年获吉林大学管理学硕士学位。王先生曾在深圳同人会计师事务所有限公司工作;于2003年加入万科,初始就职于深圳市万科房地产有限公司,之后历任东莞市万科房地产有限公司财务管理部经理、副总经理、总经理,公司高级副总裁,中西部区域事业集团(BG)首席合伙人、首席执行官(CEO)兼万科(成都)企业有限公司总经理。王先生被深圳市评为“深圳市高层次专业人才”,被四川省委省政府评为“四川省优秀民营企业家”。",男,manager,,,2020-07-01T00:00:00.000Z,0,0,万  科Ａ,"首席运营官,执行副总裁",2020-12-21T04:11:12.521Z,被四川省委省政府评为“四川省优秀民营企业家”,被四川省委省政府评为“四川省优秀民营企业家”,省委,3,5,评为,8,10,3,四川省委省政府,other,1,8
5f656df2ade9005a1ec9c498,邱伟,000001,0,58,2020-09-19T02:33:22.907Z,博士,"邱伟先生,1962年出生,西南财经大学金融学博士,高级经济师。现任平安银行党委副书记、纪委书记、监事长。1983年7月至1990年2月,历任中国人民银行四川省泸州分行信贷员、调研室科员、资金科副科长、外汇科科长;1990年3月至1994年2月,历任深圳发展银行资金计划员、总行办公室综合室主任、支行副行长、总行人力部总经理助理;1994年3月至2004年5月,历任广东发展银行深圳分行办公室主任、分行行长助理、副行长、行长、党委书记;2004年6月至2005年10月,任深圳国际信托投资公司总裁、党委副书记;2005年11月至2010年5月,任原平安银行(深圳市商业银行)监事长、党委副书记、纪委书记、工会主席;2010年6月至今,任平安银行党委副书记、纪委书记、监事长。",男,supervisoryCommittee,,1,2020-04-15T00:00:00.000Z,5021000,0,平安银行,监事长,2021-01-21T01:03:16.205Z,现任平安银行党委副书记、纪委书记、监事长,现任平安银行党委副书记,党委,6,8,书记,9,11,1,平安银行党委,financial,2,8
5f656df2ade9005a1ec9c498,邱伟,000001,0,58,2020-09-19T02:33:22.907Z,博士,"邱伟先生,1962年出生,西南财经大学金融学博士,高级经济师。现任平安银行党委副书记、纪委书记、监事长。1983年7月至1990年2月,历任中国人民银行四川省泸州分行信贷员、调研室科员、资金科副科长、外汇科科长;1990年3月至1994年2月,历任深圳发展银行资金计划员、总行办公室综合室主任、支行副行长、总行人力部总经理助理;1994年3月至2004年5月,历任广东发展银行深圳分行办公室主任、分行行长助理、副行长、行长、党委书记;2004年6月至2005年10月,任深圳国际信托投资公司总裁、党委副书记;2005年11月至2010年5月,任原平安银行(深圳市商业银行)监事长、党委副书记、纪委书记、工会主席;2010年6月至今,任平安银行党委副书记、纪委书记、监事长。",男,supervisoryCommittee,,1,2020-04-15T00:00:00.000Z,5021000,0,平安银行,监事长,2021-01-21T01:03:16.205Z,任平安银行党委副书记、纪委书记、监事长,任平安银行党委副书记,党委,5,7,书记,8,10,1,平安银行党委,financial,1,7
5f656e30ade9005a1ec9d4ad,黄伟良,000014,0,51,2020-09-19T02:34:24.298Z,本科,"黄伟良,男,汉族,1969年11月出生,*。1993年7月本科毕业于吉林大学国际经济系,历任深圳市沙河实业(集团)公司下属都会合成墙板公司副总经理、总经理、党支部书记,沙河集团物业经营部经理、党支部书记,沙河实业股份公司办公室主任、第一党支部书记,长沙深业置业公司常务副总经理、总经理、法定代表人、党支部书记,沙河实业股份公司党委委员。拟任沙河实业股份有限公司副总经理。",男,manager,,1,2020-04-25T00:00:00.000Z,0,0,沙河股份,副总经理,2020-12-21T04:12:10.241Z,沙河实业股份公司党委委员,沙河实业股份公司党委委员,党委,8,10,委员,10,12,0,沙河实业股份公司,company,0,8
5f656e69ade9005a1ec9df37,付德斌,000026,0,43,2020-09-19T02:35:21.968Z,博士,"付德斌,男,1977年2月出生,,中国国籍,无境外永久居留权,北京航空航天大学工学硕士与工学博士。现任天马微电子股份有限公司董事,中国航空技术国际控股有限公司人力资源部部长,飞亚达(集团)股份有限公司董事,深南电路股份有限公司董事。曾任中国航空技术国际控股有限公司行政管理部部长、经理部副部长,北京航空航天大学党政办公室副主任、动力学院党总支副书记,北京航空航天大学动力学院学生工作负责人、动力学院党总支副书记、党政办公室副主任,中航国际经理部副部长、行政管理部部长。",男,board,,1,2018-09-12T00:00:00.000Z,0,0,飞亚达,董事,2021-01-21T01:03:16.925Z,北京航空航天大学党政办公室副主任、动力学院党总支副书记,北京航空航天大学党政办公室副主任,党政办,8,11,主任,14,16,3,北京航空航天大学,other,0,8
5f656e77ade9005a1ec9e31b,邓康诚,000029,0,53,2020-09-19T02:35:35.459Z,本科,"邓康诚先生:中国国籍,53岁,本科。曾任深圳市建设投资控股公司纪检监察干事、副主任、主任。深圳市投资控股有限公司办公室副主任、主任、办公室(信访办)主任。现任深圳经济特区房地产(集团)股份有限公司党委副书记、纪委书记、董事。",男,board,,1,2012-04-18T00:00:00.000Z,1144000,10000,深深房Ａ,董事,2021-01-21T01:03:17.092Z,现任深圳经济特区房地产(集团)股份有限公司党委副书记、纪委书记、董事,现任深圳经济特区房地产(集团)股份有限公司党委副书记,党委,21,23,书记,24,26,1,深圳经济特区房地产(集团)股份有限公司,company,2,20
5f656e77ade9005a1ec9e370,林军,000029,0,50,2020-09-19T02:35:35.826Z,本科,"林军,女,大学本科学历,高级政工师。历任深圳经济特区房地产(集团)股份有限公司党群工作部副主任、纪委副书记兼党群工作部主任。",女,supervisoryCommittee,,,2016-04-29T00:00:00.000Z,546500,0,深深房Ａ,职工监事,2020-12-21T04:13:23.911Z,历任深圳经济特区房地产(集团)股份有限公司党群工作部副主任、纪委副书记兼党群工作部主任,历任深圳经济特区房地产(集团)股份有限公司党群工作部副主任,党群工作部,21,26,主任,27,29,1,深圳经济特区房地产(集团)股份有限公司党群工作部,company,2,25
5f656e80ade9005a1ec9e5cf,叶雄,000031,0,52,2020-09-19T02:35:44.530Z,硕士,"叶雄,男,1968年11月出生,硕士研究生学历。1991年进入中粮集团,先后任上海粮油总经理秘书、中粮上海粮油进出口公司储炼厂副厂长、上海粮油团委书记、副总经理、总经理、党委书记。2007年7月起任大悦城控股集团股份有限公司副总经理。",男,manager,,1,2020-05-23T00:00:00.000Z,2137000,0,大悦城,副总经理,2021-01-21T01:03:17.280Z,先后任上海粮油总经理秘书、中粮上海粮油进出口公司储炼厂副厂长、上海粮油团委书记、副总经理、总经理、党委书记,上海粮油团委书记,团委,4,6,书记,6,8,0,上海粮油团委书记,other,0,8
5f656e29ade9005a1ec9d21c,蔡丽莉,000011,0,48,2020-09-19T02:34:17.598Z,硕士,"蔡丽莉女士,1972年11月出生,*,大学本科学历,经济学硕士。1995年起在深圳市国税局工作,曾任深圳市国税局征管和科技发展处副处长,深圳市福田区国税局党组成员、副局长,现任深圳市物业发展(集团)股份有限公司副总经理、财务负责人。",女,manager,,1,2018-06-16T00:00:00.000Z,1165000,0,深物业A,"副总经理,财务负责人",2020-12-21T04:12:03.952Z,深圳市福田区国税局党组成员、副局长,深圳市福田区国税局党组成员,党组,9,11,成员,11,13,0,深圳市福田区国税局,other,0,9
5f656e3fade9005a1ec9d603,刘凤喜,000016,0,48,2020-09-19T02:34:39.300Z,硕士,"刘凤喜,男,汉族,1972年出生,研究生学历。历任康佳集团多媒体事业部市场部总经理,深圳康佳通信科技有限公司助理总经理、副总经理,康佳集团营运管理中心总监,康佳集团总裁助理,康佳集团副总裁,康佳集团总裁等职务。现任华侨城集团有限公司党委常委、副总经理,康佳集团董事局主席兼首席执行官。",男,board,,1,2018-12-05T00:00:00.000Z,0,0,深康佳Ａ,"董事局主席,董事",2021-01-21T01:03:17.363Z,现任华侨城集团有限公司党委常委、副总经理,现任华侨城集团有限公司党委常委,党委,11,13,常委,13,15,0,华侨城集团有限公司,company,2,11
5f656e60ade9005a1ec9dca3,卓爱萍,000023,0,49,2020-09-19T02:35:12.528Z,本科,"卓爱萍,女,1971年11月出生,本科,经济师,*。曾任广东省汕尾市建行陆丰支行出纳、会计主管;云南省昆明市商业银行国防支行银行事业发展科科长、行长助理、副行长兼二支行龙泉路支行行长;现任昆明市滇池国家旅游度假区工商联主席、云南筑友房地产开发有限公司副总经理、云南兴昂进出口开发有限公司总经理、云南筑友房地产开发有限公司党委书记。",女,board,,1,2019-07-16T00:00:00.000Z,0,0,深天地Ａ,董事,2020-12-21T04:12:38.547Z,现任昆明市滇池国家旅游度假区工商联主席、云南筑友房地产开发有限公司副总经理、云南兴昂进出口开发有限公司总经理、云南筑友房地产开发有限公司党委书记,云南筑友房地产开发有限公司党委书记,党委,13,15,书记,15,17,0,云南筑友房地产开发有限公司,company,0,13
5f656e6fade9005a1ec9e117,徐同彪,000027,0,58,2020-09-19T02:35:27.125Z,硕士,"徐同彪,男,汉族,1962年出生,*,研究生学历,工程师。曾任山东省电力一公司机械科技术员、团支部书记,深圳山东核电公司供应科计划员、副科长、科长、党支部副书记,深圳市西部电力有限公司办公室秘书、副主任、工会副主席、主任、董事会秘书、工会主席、经理助理、副经理、副总经济师,河源电厂联合执行办公室副主任,能源集团计划发展部副部长(正部级)、部长,能源集团计划发展部和燃料管理部党支部书记,惠州深能投资控股有限公司执行监事,深圳能源集团股份有限公司规划发展部总监,深圳能源集团股份有限公司规划发展部和燃料管理部党支部书记,深能合和电力(河源)有限公司董事长,深圳能源集团股份有限公司规划发展部总经理。现任深圳能源集团股份有限公司总经济师、战略规划部总经理、党支部书记兼妈湾公司董事长、党委书记,中海石油天然气有限公司监事会主席。",男,manager,,1,2018-08-23T00:00:00.000Z,1044000,0,深圳能源,总经济师,2020-12-21T04:13:09.519Z,深圳能源集团股份有限公司规划发展部和燃料管理部党支部书记,深圳能源集团股份有限公司规划发展部和燃料管理部党支部书记,党支部,23,26,书记,26,28,0,深圳能源集团股份有限公司,company,0,12
5f656e83ade9005a1ec9e63f,刘桂林,000032,0,49,2020-09-19T02:35:47.731Z,硕士,"刘桂林,男,汉族,1971年9月出生,*,大学学历,硕士学位,高级政工师。曾任山西煤炭进出口集团公司干部、经理办公室副主任、天津公司经理、集团公司经理助理兼天津公司经理、集团公司经理助理兼秦皇岛公司经理、集团公司副总经理、党委委员,山西省经贸资产经营公司副董事长、党委委员、总经理,山西省经贸投资控股集团有限公司副董事长、党委委员、总经理,中国瑞达系统装备公司委员会书记,中国瑞达投资发展集团公司党委书记、党委书记兼副总经理,中国电子信息产业集团有限公司党群工作部(党组办公室)主任、办公厅主任、党建工作部(党组办公室)主任。现任中国中电国际信息服务有限公司董事长兼党委书记,深圳中电蓝海控股有限公司执行董事,中国电子信息产业集团有限公司基建办公室主任。现任深圳市桑达实业股份有限公司董事。于2020年11月26日获委任为中电光谷联合控股有限公司非执行董事，董事长。",男,board,,1,2020-04-21T00:00:00.000Z,0,0,深桑达Ａ,"董事长,董事",2020-12-21T04:13:39.700Z,中国瑞达投资发展集团公司党委书记、党委书记兼副总经理,中国瑞达投资发展集团公司党委书记,党委,12,14,书记,14,16,0,中国瑞达投资发展集团公司,company,0,12
5f656e83ade9005a1ec9e63f,刘桂林,000032,0,49,2020-09-19T02:35:47.731Z,硕士,"刘桂林,男,汉族,1971年9月出生,*,大学学历,硕士学位,高级政工师。曾任山西煤炭进出口集团公司干部、经理办公室副主任、天津公司经理、集团公司经理助理兼天津公司经理、集团公司经理助理兼秦皇岛公司经理、集团公司副总经理、党委委员,山西省经贸资产经营公司副董事长、党委委员、总经理,山西省经贸投资控股集团有限公司副董事长、党委委员、总经理,中国瑞达系统装备公司委员会书记,中国瑞达投资发展集团公司党委书记、党委书记兼副总经理,中国电子信息产业集团有限公司党群工作部(党组办公室)主任、办公厅主任、党建工作部(党组办公室)主任。现任中国中电国际信息服务有限公司董事长兼党委书记,深圳中电蓝海控股有限公司执行董事,中国电子信息产业集团有限公司基建办公室主任。现任深圳市桑达实业股份有限公司董事。于2020年11月26日获委任为中电光谷联合控股有限公司非执行董事，董事长。",男,board,,1,2020-04-21T00:00:00.000Z,0,0,深桑达Ａ,"董事长,董事",2020-12-21T04:13:39.700Z,中国电子信息产业集团有限公司党群工作部(党组办公室)主任、办公厅主任、党建工作部(党组办公室)主任,中国电子信息产业集团有限公司党群工作部(党组办公室)主任,党组,20,22,主任,26,28,4,中国电子信息产业集团有限公司党群工作部,company,0,19
5f656e83ade9005a1ec9e63f,刘桂林,000032,0,49,2020-09-19T02:35:47.731Z,硕士,"刘桂林,男,汉族,1971年9月出生,*,大学学历,硕士学位,高级政工师。曾任山西煤炭进出口集团公司干部、经理办公室副主任、天津公司经理、集团公司经理助理兼天津公司经理、集团公司经理助理兼秦皇岛公司经理、集团公司副总经理、党委委员,山西省经贸资产经营公司副董事长、党委委员、总经理,山西省经贸投资控股集团有限公司副董事长、党委委员、总经理,中国瑞达系统装备公司委员会书记,中国瑞达投资发展集团公司党委书记、党委书记兼副总经理,中国电子信息产业集团有限公司党群工作部(党组办公室)主任、办公厅主任、党建工作部(党组办公室)主任。现任中国中电国际信息服务有限公司董事长兼党委书记,深圳中电蓝海控股有限公司执行董事,中国电子信息产业集团有限公司基建办公室主任。现任深圳市桑达实业股份有限公司董事。于2020年11月26日获委任为中电光谷联合控股有限公司非执行董事，董事长。",男,board,,1,2020-04-21T00:00:00.000Z,0,0,深桑达Ａ,"董事长,董事",2020-12-21T04:13:39.700Z,中国电子信息产业集团有限公司党群工作部(党组办公室)主任、办公厅主任、党建工作部(党组办公室)主任,中国电子信息产业集团有限公司党群工作部(党组办公室)主任,党群工作部,14,19,主任,26,28,7,中国电子信息产业集团有限公司党群工作部,company,0,19
5f656e83ade9005a1ec9e63f,刘桂林,000032,0,49,2020-09-19T02:35:47.731Z,硕士,"刘桂林,男,汉族,1971年9月出生,*,大学学历,硕士学位,高级政工师。曾任山西煤炭进出口集团公司干部、经理办公室副主任、天津公司经理、集团公司经理助理兼天津公司经理、集团公司经理助理兼秦皇岛公司经理、集团公司副总经理、党委委员,山西省经贸资产经营公司副董事长、党委委员、总经理,山西省经贸投资控股集团有限公司副董事长、党委委员、总经理,中国瑞达系统装备公司委员会书记,中国瑞达投资发展集团公司党委书记、党委书记兼副总经理,中国电子信息产业集团有限公司党群工作部(党组办公室)主任、办公厅主任、党建工作部(党组办公室)主任。现任中国中电国际信息服务有限公司董事长兼党委书记,深圳中电蓝海控股有限公司执行董事,中国电子信息产业集团有限公司基建办公室主任。现任深圳市桑达实业股份有限公司董事。于2020年11月26日获委任为中电光谷联合控股有限公司非执行董事，董事长。",男,board,,1,2020-04-21T00:00:00.000Z,0,0,深桑达Ａ,"董事长,董事",2020-12-21T04:13:39.700Z,现任中国中电国际信息服务有限公司董事长兼党委书记,现任中国中电国际信息服务有限公司董事长兼党委书记,党委,20,22,书记,22,24,0,中国中电国际信息服务有限公司,company,2,16
5f656e57ade9005a1ec9dafc,杨雄文,000020,0,50,2020-09-19T02:35:03.418Z,博士,"杨雄文,男,1970年出生,中国人民大学民商法学博士,牛津大学法学院访问学者。现任华南理工大学法学院教授,高级工程师,番禺区人大代表(2016.9.26),番禺区第十七届人大常委会监察与司法工作委员会委员,民建广东省委法委会委员,北京市立方(广州)律师事务所兼职律师,同时兼任中国知识产权法学研究会副秘书长、常务理事。",男,board,,1,2019-09-16T00:00:00.000Z,17500,0,深华发Ａ,独立董事,2021-01-21T01:03:17.605Z,民建广东省委法委会委员,民建广东省委法委会委员,省委,4,6,委员,9,11,3,民建广东省委法委会,other,0,9
5f656e0dade9005a1ec9cab6,陈强,000006,0,55,2020-09-19T02:33:49.571Z,本科,"陈强:男,1965年11月出生,本科学历,高级工程师。1985年8月至1989年11月任柳州铁路局柳州南站助理工程师、运输组织员;1989年12月至1993年9月任柳州铁路分局办公室秘书、工程师;1993年10月至1995年10月任柳州铁路局柳州南站副站长;1995年11月至1998年11月任柳州铁路局柳州南站站长、党委副书记、高级工程师;1998年11月至1999年12月任深圳市地铁有限公司总经理助理兼运营部经理;1999年12月至2006年9月任深圳市地铁有限公司党委委员、工会主席、总经理助理兼运营部经理、办公室主任;2006年10月至2012年7月任深圳市地铁集团有限公司党委委员、工会主席,兼任深圳地铁物业管理发展有限公司董事长、厦深铁路广东有限公司监事会主席;2012年8月至今任深圳市振业(集团)股份有限公司监事会主席;2016年1月起兼任深圳市城市公共安全技术研究院监事;2017年1月起兼任深圳市振业(集团)股份有限公司党委委员、纪委书记。",男,supervisoryCommittee,,1,2017-03-17T00:00:00.000Z,500000,0,深振业Ａ,监事会主席,2021-01-21T01:03:18.436Z,1999年12月至2006年9月任深圳市地铁有限公司党委委员、工会主席、总经理助理兼运营部经理、办公室主任,1999年12月至2006年9月任深圳市地铁有限公司党委委员,党委,26,28,委员,28,30,0,深圳市地铁有限公司,company,11.5,20.5
5f656e0dade9005a1ec9cab6,陈强,000006,0,55,2020-09-19T02:33:49.571Z,本科,"陈强:男,1965年11月出生,本科学历,高级工程师。1985年8月至1989年11月任柳州铁路局柳州南站助理工程师、运输组织员;1989年12月至1993年9月任柳州铁路分局办公室秘书、工程师;1993年10月至1995年10月任柳州铁路局柳州南站副站长;1995年11月至1998年11月任柳州铁路局柳州南站站长、党委副书记、高级工程师;1998年11月至1999年12月任深圳市地铁有限公司总经理助理兼运营部经理;1999年12月至2006年9月任深圳市地铁有限公司党委委员、工会主席、总经理助理兼运营部经理、办公室主任;2006年10月至2012年7月任深圳市地铁集团有限公司党委委员、工会主席,兼任深圳地铁物业管理发展有限公司董事长、厦深铁路广东有限公司监事会主席;2012年8月至今任深圳市振业(集团)股份有限公司监事会主席;2016年1月起兼任深圳市城市公共安全技术研究院监事;2017年1月起兼任深圳市振业(集团)股份有限公司党委委员、纪委书记。",男,supervisoryCommittee,,1,2017-03-17T00:00:00.000Z,500000,0,深振业Ａ,监事会主席,2021-01-21T01:03:18.436Z,2006年10月至2012年7月任深圳市地铁集团有限公司党委委员、工会主席,2006年10月至2012年7月任深圳市地铁集团有限公司党委委员,党委,28,30,委员,30,32,0,深圳市地铁集团有限公司,company,11.5,22.5
5f656e0dade9005a1ec9cab6,陈强,000006,0,55,2020-09-19T02:33:49.571Z,本科,"陈强:男,1965年11月出生,本科学历,高级工程师。1985年8月至1989年11月任柳州铁路局柳州南站助理工程师、运输组织员;1989年12月至1993年9月任柳州铁路分局办公室秘书、工程师;1993年10月至1995年10月任柳州铁路局柳州南站副站长;1995年11月至1998年11月任柳州铁路局柳州南站站长、党委副书记、高级工程师;1998年11月至1999年12月任深圳市地铁有限公司总经理助理兼运营部经理;1999年12月至2006年9月任深圳市地铁有限公司党委委员、工会主席、总经理助理兼运营部经理、办公室主任;2006年10月至2012年7月任深圳市地铁集团有限公司党委委员、工会主席,兼任深圳地铁物业管理发展有限公司董事长、厦深铁路广东有限公司监事会主席;2012年8月至今任深圳市振业(集团)股份有限公司监事会主席;2016年1月起兼任深圳市城市公共安全技术研究院监事;2017年1月起兼任深圳市振业(集团)股份有限公司党委委员、纪委书记。",男,supervisoryCommittee,,1,2017-03-17T00:00:00.000Z,500000,0,深振业Ａ,监事会主席,2021-01-21T01:03:18.436Z,2017年1月起兼任深圳市振业(集团)股份有限公司党委委员、纪委书记,2017年1月起兼任深圳市振业(集团)股份有限公司党委委员,党委,25,27,委员,27,29,0,深圳市振业(集团)股份有限公司,company,7.5,21.5
5f656e19ade9005a1ec9cdb1,陈泰泉,000009,0,57,2020-09-19T02:34:01.143Z,硕士,"陈泰泉,男,1963年出生,管理工程研究生。民建广东省委常委、民建深圳市委副主委、深圳市人大常委、深圳市中级人民法院特约监督员。历任新城友谊公司经理、宝安外轮商品供应公司经理、集团总裁助理、副总裁,宝安鸿基地产集团股份有限公司董事长,本集团第六届、第七届、第八届、第九届、第十届、第十一届、第十二届董事局董事。现任本集团第十三届董事局常务副主席。",男,board,,1,2019-06-28T00:00:00.000Z,2185000,0,中国宝安,董事,2021-01-21T01:03:18.605Z,民建广东省委常委、民建深圳市委副主委、深圳市人大常委、深圳市中级人民法院特约监督员,民建深圳市委副主委,市委,4,6,主委,7,9,1,民建深圳市委,other,0,6
5f656e5aade9005a1ec9dbfa,才淦,000021,0,47,2020-09-19T02:35:06.946Z,硕士,"才淦女士,47岁,中国国籍,毕业于吉林大学企业管理专业,硕士研究生,高级政工师,深圳市福田区第七届人民代表大会代表。现任深圳长城开发科技股份有限公司纪委书记兼工会主席、监事,东莞长城开发科技有限公司监事、惠州长城开发科技有限公司监事、深圳长城开发苏州电子有限公司监事、苏州长城开发科技有限公司监事、重庆深科技有限公司监事。曾任深圳市华明计算机有限公司办公室(人力资源部)主任、总经理助理、董事会秘书、副总经理兼党总支书记,2014年入职深圳长城开发科技股份有限公司,2016年11月首次担任深圳长城开发科技股份有限公司职工监事。",女,supervisoryCommittee,,1,2019-12-24T00:00:00.000Z,843100,150000,深科技,职工监事,2021-01-21T01:03:18.685Z,现任深圳长城开发科技股份有限公司纪委书记兼工会主席、监事,现任深圳长城开发科技股份有限公司纪委书记兼工会主席,纪委,16,18,书记,18,20,0,深圳长城开发科技股份有限公司,company,2,16
5f656e64ade9005a1ec9ddeb,吕航,000025,0,59,2020-09-19T02:35:16.069Z,硕士,"吕航,男,1961年出生,硕士,高级政工师。曾任深圳大学讲师、校长秘书;深圳市特发集团有限公司党群部业务经理、副主任,办公室主任;深圳市特发小梅沙旅游中心董事长,总经理;深圳市特力(集团)股份有限公司董事、总经理;深圳市特发物业管理有限公司总经理;现任深圳市特力(集团)股份有限公司董事长。最近五年曾任深圳市特发物业管理有限公司总经理,现任深圳市特力(集团)股份有限公司董事长。",男,manager,,1,2018-09-08T00:00:00.000Z,947400,0,特  力Ａ,总经理,2021-01-21T01:03:18.763Z,深圳市特发集团有限公司党群部业务经理、副主任,深圳市特发集团有限公司党群部业务经理,党群,11,13,经理,16,18,3,深圳市特发集团有限公司,company,0,11
5f656e7bade9005a1ec9e43d,孙静波,000030,0,42,2020-09-19T02:35:39.015Z,硕士,"孙静波,女,生于1978年5月,硕士研究生学历,高级注册人力资源管理师。现任吉林省亚东国有资本投资有限公司董事、副总经理主持公司经理层全面工作;吉林省国际经济贸易有限责任公司董事长兼法定代表人;吉林东亚经贸新闻有限公司董事;长春羿尧网络股份有限公司董事;长春美华文化交流有限公司监事。曾任吉林省信托投资公司天富期货公司办公室主任;吉林省亚东投资管理有限公司党委副书记、纪委委员、工会主席。",女,board,,1,2019-09-16T00:00:00.000Z,0,0,富奥股份,董事,2021-01-21T01:03:18.930Z,吉林省亚东投资管理有限公司党委副书记、纪委委员、工会主席,吉林省亚东投资管理有限公司党委副书记,党委,13,15,书记,16,18,1,吉林省亚东投资管理有限公司,company,0,13
5f656e0dade9005a1ec9ca7a,赵宏伟,000006,0,52,2020-09-19T02:33:49.298Z,本科,"赵宏伟:男,1968年12月出生,中国政法大学法学专业本科毕业。1988年9月至1990年6月任呼和浩特市律师事务所专职律师;1990年6月至1991年10月任内蒙古自治区律师事务所专职律师;1991年10月至1993年8月任内蒙古自治区地矿局律师;1993年8月至1997年5月任深圳石化集团(深圳石化综合商社)办公室科员、副科长、科长、副主任;1997年7月至2001年6月任深圳沙河高尔夫球会有限公司董事、副总经理;2001年6月至2005年5月任深圳市亿鑫投资有限公司副总经理兼深业投资发展有限公司董事、副总经理;2005年5月至2006年4月任职深圳市亿鑫投资有限公司;2006年4月至2007年5月任深圳市投资控股公司资产管理中心经理;2007年5月至2011年4月任深圳市国际招标有限公司党支部副书记、总经理;2011年4月至2017年1月任深圳市华晟达投资控股有限公司党委书记、董事长;2017年1月起任深圳市振业(集团)股份有限公司党委书记。",男,board,,1,2017-03-17T00:00:00.000Z,1494000,0,深振业Ａ,"董事长,董事",2021-01-21T01:03:19.263Z,2007年5月至2011年4月任深圳市国际招标有限公司党支部副书记、总经理,2007年5月至2011年4月任深圳市国际招标有限公司党支部副书记,党支部,27,30,书记,31,33,1,深圳市国际招标有限公司党支部,company,11,25
5f656e0dade9005a1ec9ca7a,赵宏伟,000006,0,52,2020-09-19T02:33:49.298Z,本科,"赵宏伟:男,1968年12月出生,中国政法大学法学专业本科毕业。1988年9月至1990年6月任呼和浩特市律师事务所专职律师;1990年6月至1991年10月任内蒙古自治区律师事务所专职律师;1991年10月至1993年8月任内蒙古自治区地矿局律师;1993年8月至1997年5月任深圳石化集团(深圳石化综合商社)办公室科员、副科长、科长、副主任;1997年7月至2001年6月任深圳沙河高尔夫球会有限公司董事、副总经理;2001年6月至2005年5月任深圳市亿鑫投资有限公司副总经理兼深业投资发展有限公司董事、副总经理;2005年5月至2006年4月任职深圳市亿鑫投资有限公司;2006年4月至2007年5月任深圳市投资控股公司资产管理中心经理;2007年5月至2011年4月任深圳市国际招标有限公司党支部副书记、总经理;2011年4月至2017年1月任深圳市华晟达投资控股有限公司党委书记、董事长;2017年1月起任深圳市振业(集团)股份有限公司党委书记。",男,board,,1,2017-03-17T00:00:00.000Z,1494000,0,深振业Ａ,"董事长,董事",2021-01-21T01:03:19.263Z,2011年4月至2017年1月任深圳市华晟达投资控股有限公司党委书记、董事长,2011年4月至2017年1月任深圳市华晟达投资控股有限公司党委书记,党委,30,32,书记,32,34,0,深圳市华晟达投资控股有限公司,company,11,25
5f656e0dade9005a1ec9ca7a,赵宏伟,000006,0,52,2020-09-19T02:33:49.298Z,本科,"赵宏伟:男,1968年12月出生,中国政法大学法学专业本科毕业。1988年9月至1990年6月任呼和浩特市律师事务所专职律师;1990年6月至1991年10月任内蒙古自治区律师事务所专职律师;1991年10月至1993年8月任内蒙古自治区地矿局律师;1993年8月至1997年5月任深圳石化集团(深圳石化综合商社)办公室科员、副科长、科长、副主任;1997年7月至2001年6月任深圳沙河高尔夫球会有限公司董事、副总经理;2001年6月至2005年5月任深圳市亿鑫投资有限公司副总经理兼深业投资发展有限公司董事、副总经理;2005年5月至2006年4月任职深圳市亿鑫投资有限公司;2006年4月至2007年5月任深圳市投资控股公司资产管理中心经理;2007年5月至2011年4月任深圳市国际招标有限公司党支部副书记、总经理;2011年4月至2017年1月任深圳市华晟达投资控股有限公司党委书记、董事长;2017年1月起任深圳市振业(集团)股份有限公司党委书记。",男,board,,1,2017-03-17T00:00:00.000Z,1494000,0,深振业Ａ,"董事长,董事",2021-01-21T01:03:19.263Z,2017年1月起任深圳市振业(集团)股份有限公司党委书记,2017年1月起任深圳市振业(集团)股份有限公司党委书记,党委,24,26,书记,26,28,0,深圳市振业(集团)股份有限公司,company,6.5,20.5
5f656e0dade9005a1ec9caf6,张光柳,000006,0,58,2020-09-19T02:33:49.827Z,硕士,"张光柳:男,1962年出生,硕士。历任江西萍乡市百货公司、工业品贸易中心副经理,深圳天虹商场振华分店副经理,深圳华控赛格股份有限公司监事会主席,赛格(中国香港)有限公司董事长,深圳市建材集团有限公司、深圳市医药生产供应总公司、深圳华盛实业股份有限公司财务总监、董事,深圳深爱半导体股份有限公司监事会主席,深圳中恒华发股份有限公司副董事长,深圳赛格股份有限公司董事,深圳市赛格集团有限公司党委委员、副总经理兼董事会秘书。",男,manager,,1,2018-07-21T00:00:00.000Z,979300,0,深振业Ａ,副总裁,2021-01-21T01:03:19.344Z,深圳市赛格集团有限公司党委委员、副总经理兼董事会秘书,深圳市赛格集团有限公司党委委员,党委,11,13,委员,13,15,0,深圳市赛格集团有限公司,company,0,11
5f656e19ade9005a1ec9cdd2,张德冠,000009,0,59,2020-09-19T02:34:01.230Z,大专,"张德冠,男,1961年出生,大专学历,中级经济师、助理工程师。曾任深圳市宝安区永安房地产开发公司副经理,深圳市宝安区物业管理公司副经理,深圳市宝安区电影公司党支部书记、董事长、经理,深圳市宝安区投资管理有限公司董事局董事、综合管理部部长、企业改革重组办公室负责人,深圳市宝安区投资管理集团有限公司企业改革重组办公室主任(兼深圳市全安建设监理有限公司党支部书记、董事长)、资产法务部部长、审计部部长。现任深圳市宝安区投资管理集团有限公司监事、发展投资部部长。",男,board,,1,2020-01-21T00:00:00.000Z,0,0,中国宝安,董事,2021-01-21T01:03:19.422Z,深圳市宝安区电影公司党支部书记、董事长、经理,深圳市宝安区电影公司党支部书记,党支部,10,13,书记,13,15,0,深圳市宝安区电影公司,company,0,10
5f656e19ade9005a1ec9cdd2,张德冠,000009,0,59,2020-09-19T02:34:01.230Z,大专,"张德冠,男,1961年出生,大专学历,中级经济师、助理工程师。曾任深圳市宝安区永安房地产开发公司副经理,深圳市宝安区物业管理公司副经理,深圳市宝安区电影公司党支部书记、董事长、经理,深圳市宝安区投资管理有限公司董事局董事、综合管理部部长、企业改革重组办公室负责人,深圳市宝安区投资管理集团有限公司企业改革重组办公室主任(兼深圳市全安建设监理有限公司党支部书记、董事长)、资产法务部部长、审计部部长。现任深圳市宝安区投资管理集团有限公司监事、发展投资部部长。",男,board,,1,2020-01-21T00:00:00.000Z,0,0,中国宝安,董事,2021-01-21T01:03:19.422Z,深圳市宝安区投资管理集团有限公司企业改革重组办公室主任(兼深圳市全安建设监理有限公司党支部书记、董事长)、资产法务部部长、审计部部长,深圳市宝安区投资管理集团有限公司企业改革重组办公室主任(兼深圳市全安建设监理有限公司党支部书记,党支部,42,45,书记,45,47,0,深圳市宝安区投资管理集团有限公司,company,0,16
5f656e19ade9005a1ec9cdd2,张德冠,000009,0,59,2020-09-19T02:34:01.230Z,大专,"张德冠,男,1961年出生,大专学历,中级经济师、助理工程师。曾任深圳市宝安区永安房地产开发公司副经理,深圳市宝安区物业管理公司副经理,深圳市宝安区电影公司党支部书记、董事长、经理,深圳市宝安区投资管理有限公司董事局董事、综合管理部部长、企业改革重组办公室负责人,深圳市宝安区投资管理集团有限公司企业改革重组办公室主任(兼深圳市全安建设监理有限公司党支部书记、董事长)、资产法务部部长、审计部部长。现任深圳市宝安区投资管理集团有限公司监事、发展投资部部长。",男,board,,1,2020-01-21T00:00:00.000Z,0,0,中国宝安,董事,2021-01-21T01:03:19.422Z,深圳市宝安区投资管理集团有限公司企业改革重组办公室主任(兼深圳市全安建设监理有限公司党支部书记、董事长)、资产法务部部长、审计部部长,深圳市宝安区投资管理集团有限公司企业改革重组办公室主任(兼深圳市全安建设监理有限公司党支部书记,党支部,42,45,书记,45,47,0,深圳市全安建设监理有限公司,company,28.5,41.5
5f656e3fade9005a1ec9d618,张靖,000016,0,38,2020-09-19T02:34:39.392Z,硕士,"张靖,男,汉族,1982年出生,工商管理硕士。历任华侨城集团总裁办公室经理,深圳华侨城股份有限公司战略发展部高级经理,青岛华侨城筹备工作组成员,深圳华侨城房地产有限公司行政部总监(党委办公室副主任),深圳华侨城股份有限公司战略发展部副总监、总监等职务。现任华侨城集团有限公司战略规划部总经理,中国香港华侨城有限公司董事,华侨城(亚洲)控股有限公司非执行董事,华侨城(北京)商业管理有限公司董事长,华万健康产业发展有限责任公司副董事长,康佳集团董事。",男,board,,1,2018-12-04T00:00:00.000Z,0,0,深康佳Ａ,董事,2021-01-21T01:03:19.502Z,深圳华侨城房地产有限公司行政部总监(党委办公室副主任),深圳华侨城房地产有限公司行政部总监(党委办公室副主任),党委,18,20,主任,24,26,4,深圳华侨城房地产有限公司,company,0,12
5f656e53ade9005a1ec9d9d3,赵如冰,000019,0,64,2020-09-19T02:34:59.171Z,硕士,"赵如冰先生,1956年5月出生,金融学硕士,研究员级高级工程师,*,现任西南证券股份有限公司独立董事,深圳市深粮控股股份有限公司独立董事,广东威华股份有限公司独立董事,百隆东方股份有限公司独立董事,博时基金管理有限公司独立董事。赵如冰先生曾任葛洲坝水力发电厂主任;葛洲坝至上海超高压直流输电葛洲坝站站长、书记;华能南方开发公司党组书记、总经理;华能房地产开发公司党组书记、总经理;长城证券有限责任公司董事、副董事长、党委副书记;景顺长城基金管理有限公司董事长;阳光资产管理股份有限公司副董事长。",男,board,,1,2019-02-22T00:00:00.000Z,92800,0,深粮控股,独立董事,2020-12-21T04:12:29.625Z,华能南方开发公司党组书记、总经理,华能南方开发公司党组书记,党组,8,10,书记,10,12,0,华能南方开发公司,company,0,8
5f656e53ade9005a1ec9d9d3,赵如冰,000019,0,64,2020-09-19T02:34:59.171Z,硕士,"赵如冰先生,1956年5月出生,金融学硕士,研究员级高级工程师,*,现任西南证券股份有限公司独立董事,深圳市深粮控股股份有限公司独立董事,广东威华股份有限公司独立董事,百隆东方股份有限公司独立董事,博时基金管理有限公司独立董事。赵如冰先生曾任葛洲坝水力发电厂主任;葛洲坝至上海超高压直流输电葛洲坝站站长、书记;华能南方开发公司党组书记、总经理;华能房地产开发公司党组书记、总经理;长城证券有限责任公司董事、副董事长、党委副书记;景顺长城基金管理有限公司董事长;阳光资产管理股份有限公司副董事长。",男,board,,1,2019-02-22T00:00:00.000Z,92800,0,深粮控股,独立董事,2020-12-21T04:12:29.625Z,华能房地产开发公司党组书记、总经理,华能房地产开发公司党组书记,党组,9,11,书记,11,13,0,华能房地产开发公司,company,0,9
5f656e74ade9005a1ec9e1dc,欧永良,000028,0,51,2020-09-19T02:35:32.109Z,硕士,"欧永良先生:1969年出生,中国国籍,无境外永久居留权,研究生学历。1992年至2001年任职于广东对外经济律师事务所,2001年至今就职于广东合盛律师事务所。现任广东燕塘乳业股份有限公司独立董事、广东合盛律师事务所主任。欧永良先生曾先后担任广东省人大常委会立法顾问、广东省党代会专家顾问、中共广州市第九次代表大会代表、广东省工会法律服务律师团团长、第16届亚运会律师志愿服务团团长等。曾获“广州市十佳律师”称号,多次获得中共广东省律协委员会“优秀共产*”、中共广州市司法局委员会“优秀党务工作者”等称号。现任中国国际经济贸易仲裁委员会、上海国际经济仲裁委员会、华南国际经济贸易仲裁委员会和广州仲裁委员会仲裁员、中华全国律师协会副会长、广东省律师协会会长、广东省法学会副会长。",男,board,,1,2018-04-18T00:00:00.000Z,120000,0,国药一致,独立董事,2020-12-21T04:13:20.036Z,多次获得中共广东省律协委员会“优秀共产*”、中共广州市司法局委员会“优秀党务工作者”等称号,中共广州市司法局委员会“优秀党务工作者”等称号,党务,14,16,工作,16,18,0,中共广州市司法局委员会,other,0,11
5f656e74ade9005a1ec9e259,郎葆瑃,000028,0,56,2020-09-19T02:35:32.636Z,本科,"郎葆瑃:男,1964年出生,大学本科。2007年9月至2008年3月任国药控股有限公司办公室副主任;2008年3月至2009年12月任上海创辉投资有限公司总经理;2010年1月至2010年5月任上海市北高新(集团)有限公司研究室主任;2010年6月至2011年9月任国药控股股份有限公司总裁办公室副主任;2011年10月至2015年12月任国药控股股份有限公司战略规划部部长;2016年1月至2017年6月任国药控股国大药房有限公司党委书记;2016年3月至2018年2月任国药集团一致药业股份有限公司党委副书记、纪委书记;2018年3月起任国药集团一致药业股份有限公司党委副书记、纪委书记、工会主席;2018年3月至2018年8月兼任国药集团一致药业股份有限公司职工监事。",男,manager,,1,2018-08-24T00:00:00.000Z,1625000,0,国药一致,总法律顾问,2021-01-21T01:03:20.130Z,2016年1月至2017年6月任国药控股国大药房有限公司党委书记,2016年1月至2017年6月任国药控股国大药房有限公司党委书记,党委,28,30,书记,30,32,0,国药控股国大药房有限公司,company,11,23
5f656e74ade9005a1ec9e259,郎葆瑃,000028,0,56,2020-09-19T02:35:32.636Z,本科,"郎葆瑃:男,1964年出生,大学本科。2007年9月至2008年3月任国药控股有限公司办公室副主任;2008年3月至2009年12月任上海创辉投资有限公司总经理;2010年1月至2010年5月任上海市北高新(集团)有限公司研究室主任;2010年6月至2011年9月任国药控股股份有限公司总裁办公室副主任;2011年10月至2015年12月任国药控股股份有限公司战略规划部部长;2016年1月至2017年6月任国药控股国大药房有限公司党委书记;2016年3月至2018年2月任国药集团一致药业股份有限公司党委副书记、纪委书记;2018年3月起任国药集团一致药业股份有限公司党委副书记、纪委书记、工会主席;2018年3月至2018年8月兼任国药集团一致药业股份有限公司职工监事。",男,manager,,1,2018-08-24T00:00:00.000Z,1625000,0,国药一致,总法律顾问,2021-01-21T01:03:20.130Z,2016年3月至2018年2月任国药集团一致药业股份有限公司党委副书记、纪委书记,2016年3月至2018年2月任国药集团一致药业股份有限公司党委副书记,党委,30,32,书记,33,35,1,国药集团一致药业股份有限公司,company,11,25
5f656e74ade9005a1ec9e259,郎葆瑃,000028,0,56,2020-09-19T02:35:32.636Z,本科,"郎葆瑃:男,1964年出生,大学本科。2007年9月至2008年3月任国药控股有限公司办公室副主任;2008年3月至2009年12月任上海创辉投资有限公司总经理;2010年1月至2010年5月任上海市北高新(集团)有限公司研究室主任;2010年6月至2011年9月任国药控股股份有限公司总裁办公室副主任;2011年10月至2015年12月任国药控股股份有限公司战略规划部部长;2016年1月至2017年6月任国药控股国大药房有限公司党委书记;2016年3月至2018年2月任国药集团一致药业股份有限公司党委副书记、纪委书记;2018年3月起任国药集团一致药业股份有限公司党委副书记、纪委书记、工会主席;2018年3月至2018年8月兼任国药集团一致药业股份有限公司职工监事。",男,manager,,1,2018-08-24T00:00:00.000Z,1625000,0,国药一致,总法律顾问,2021-01-21T01:03:20.130Z,2018年3月起任国药集团一致药业股份有限公司党委副书记、纪委书记、工会主席,2018年3月起任国药集团一致药业股份有限公司党委副书记,党委,23,25,书记,26,28,1,国药集团一致药业股份有限公司,company,6.5,20.5
5f656e0dade9005a1ec9cacc,谢向荣,000006,0,46,2020-09-19T02:33:49.657Z,本科,"谢向荣:男,1974年4月出生,南开大学企业管理专业本科毕业,学士,经济师。1996年7月至1998年8月任深圳市振业股份有限公司办公室职员,总经理秘书,团总支书记;1998年8月至2001年1月任深圳市振业(集团)股份有限公司党办职员;1999年11月至2004年10月任深圳市振业(集团)股份有限公司团委副书记;2001年1月至2003年9月任深圳市振业(集团)股份有限公司党委办副主任;2003年9月至2004年10月任深圳市振业(集团)股份有限公司人事部副经理;2004年10月至2007年5月任贵州振业董酒股份有限公司董事、党委副书记、纪委书记、副总经理;2007年6月至2013年12月任深圳市振业(集团)股份有限公司党群工作部主任;2008年1月至2014年7月任深圳市振业(集团)股份有限公司机关工会主席;2008年1月至今任深圳市振业(集团)股份有限公司团委书记;2009年12月至今任深圳市振业(集团)股份有限公司纪委委员;2013年1月至今任深圳市振业(集团)股份有限公司职工监事;2013年12月至今任深圳市振业(集团)股份有限公司人力资源部总经理;2016年7月至今任深圳市振业(集团)股份有限公司机关党支部书记。",男,supervisoryCommittee,,1,2017-03-17T00:00:00.000Z,981100,0,深振业Ａ,职工监事,2021-01-21T01:03:20.990Z,1998年8月至2001年1月任深圳市振业(集团)股份有限公司党办职员,1998年8月至2001年1月任深圳市振业(集团)股份有限公司党办职员,党办,31,33,员,34,35,1,深圳市振业(集团)股份有限公司,company,11,25
5f656e0dade9005a1ec9cacc,谢向荣,000006,0,46,2020-09-19T02:33:49.657Z,本科,"谢向荣:男,1974年4月出生,南开大学企业管理专业本科毕业,学士,经济师。1996年7月至1998年8月任深圳市振业股份有限公司办公室职员,总经理秘书,团总支书记;1998年8月至2001年1月任深圳市振业(集团)股份有限公司党办职员;1999年11月至2004年10月任深圳市振业(集团)股份有限公司团委副书记;2001年1月至2003年9月任深圳市振业(集团)股份有限公司党委办副主任;2003年9月至2004年10月任深圳市振业(集团)股份有限公司人事部副经理;2004年10月至2007年5月任贵州振业董酒股份有限公司董事、党委副书记、纪委书记、副总经理;2007年6月至2013年12月任深圳市振业(集团)股份有限公司党群工作部主任;2008年1月至2014年7月任深圳市振业(集团)股份有限公司机关工会主席;2008年1月至今任深圳市振业(集团)股份有限公司团委书记;2009年12月至今任深圳市振业(集团)股份有限公司纪委委员;2013年1月至今任深圳市振业(集团)股份有限公司职工监事;2013年12月至今任深圳市振业(集团)股份有限公司人力资源部总经理;2016年7月至今任深圳市振业(集团)股份有限公司机关党支部书记。",男,supervisoryCommittee,,1,2017-03-17T00:00:00.000Z,981100,0,深振业Ａ,职工监事,2021-01-21T01:03:20.990Z,1999年11月至2004年10月任深圳市振业(集团)股份有限公司团委副书记,1999年11月至2004年10月任深圳市振业(集团)股份有限公司团委副书记,团委,33,35,书记,36,38,1,深圳市振业(集团)股份有限公司,company,12,26
5f656e0dade9005a1ec9cacc,谢向荣,000006,0,46,2020-09-19T02:33:49.657Z,本科,"谢向荣:男,1974年4月出生,南开大学企业管理专业本科毕业,学士,经济师。1996年7月至1998年8月任深圳市振业股份有限公司办公室职员,总经理秘书,团总支书记;1998年8月至2001年1月任深圳市振业(集团)股份有限公司党办职员;1999年11月至2004年10月任深圳市振业(集团)股份有限公司团委副书记;2001年1月至2003年9月任深圳市振业(集团)股份有限公司党委办副主任;2003年9月至2004年10月任深圳市振业(集团)股份有限公司人事部副经理;2004年10月至2007年5月任贵州振业董酒股份有限公司董事、党委副书记、纪委书记、副总经理;2007年6月至2013年12月任深圳市振业(集团)股份有限公司党群工作部主任;2008年1月至2014年7月任深圳市振业(集团)股份有限公司机关工会主席;2008年1月至今任深圳市振业(集团)股份有限公司团委书记;2009年12月至今任深圳市振业(集团)股份有限公司纪委委员;2013年1月至今任深圳市振业(集团)股份有限公司职工监事;2013年12月至今任深圳市振业(集团)股份有限公司人力资源部总经理;2016年7月至今任深圳市振业(集团)股份有限公司机关党支部书记。",男,supervisoryCommittee,,1,2017-03-17T00:00:00.000Z,981100,0,深振业Ａ,职工监事,2021-01-21T01:03:20.990Z,2001年1月至2003年9月任深圳市振业(集团)股份有限公司党委办副主任,2001年1月至2003年9月任深圳市振业(集团)股份有限公司党委办副主任,党委,31,33,主任,35,37,2,深圳市振业(集团)股份有限公司,company,11,25
5f656e0dade9005a1ec9cacc,谢向荣,000006,0,46,2020-09-19T02:33:49.657Z,本科,"谢向荣:男,1974年4月出生,南开大学企业管理专业本科毕业,学士,经济师。1996年7月至1998年8月任深圳市振业股份有限公司办公室职员,总经理秘书,团总支书记;1998年8月至2001年1月任深圳市振业(集团)股份有限公司党办职员;1999年11月至2004年10月任深圳市振业(集团)股份有限公司团委副书记;2001年1月至2003年9月任深圳市振业(集团)股份有限公司党委办副主任;2003年9月至2004年10月任深圳市振业(集团)股份有限公司人事部副经理;2004年10月至2007年5月任贵州振业董酒股份有限公司董事、党委副书记、纪委书记、副总经理;2007年6月至2013年12月任深圳市振业(集团)股份有限公司党群工作部主任;2008年1月至2014年7月任深圳市振业(集团)股份有限公司机关工会主席;2008年1月至今任深圳市振业(集团)股份有限公司团委书记;2009年12月至今任深圳市振业(集团)股份有限公司纪委委员;2013年1月至今任深圳市振业(集团)股份有限公司职工监事;2013年12月至今任深圳市振业(集团)股份有限公司人力资源部总经理;2016年7月至今任深圳市振业(集团)股份有限公司机关党支部书记。",男,supervisoryCommittee,,1,2017-03-17T00:00:00.000Z,981100,0,深振业Ａ,职工监事,2021-01-21T01:03:20.990Z,2007年6月至2013年12月任深圳市振业(集团)股份有限公司党群工作部主任,2007年6月至2013年12月任深圳市振业(集团)股份有限公司党群工作部主任,党群工作部,32,37,主任,37,39,0,深圳市振业(集团)股份有限公司党群工作部,company,11.5,30.5
5f656e0dade9005a1ec9cacc,谢向荣,000006,0,46,2020-09-19T02:33:49.657Z,本科,"谢向荣:男,1974年4月出生,南开大学企业管理专业本科毕业,学士,经济师。1996年7月至1998年8月任深圳市振业股份有限公司办公室职员,总经理秘书,团总支书记;1998年8月至2001年1月任深圳市振业(集团)股份有限公司党办职员;1999年11月至2004年10月任深圳市振业(集团)股份有限公司团委副书记;2001年1月至2003年9月任深圳市振业(集团)股份有限公司党委办副主任;2003年9月至2004年10月任深圳市振业(集团)股份有限公司人事部副经理;2004年10月至2007年5月任贵州振业董酒股份有限公司董事、党委副书记、纪委书记、副总经理;2007年6月至2013年12月任深圳市振业(集团)股份有限公司党群工作部主任;2008年1月至2014年7月任深圳市振业(集团)股份有限公司机关工会主席;2008年1月至今任深圳市振业(集团)股份有限公司团委书记;2009年12月至今任深圳市振业(集团)股份有限公司纪委委员;2013年1月至今任深圳市振业(集团)股份有限公司职工监事;2013年12月至今任深圳市振业(集团)股份有限公司人力资源部总经理;2016年7月至今任深圳市振业(集团)股份有限公司机关党支部书记。",男,supervisoryCommittee,,1,2017-03-17T00:00:00.000Z,981100,0,深振业Ａ,职工监事,2021-01-21T01:03:20.990Z,2008年1月至今任深圳市振业(集团)股份有限公司团委书记,2008年1月至今任深圳市振业(集团)股份有限公司团委书记,团委,25,27,书记,27,29,0,深圳市振业(集团)股份有限公司,company,7.5,21.5
5f656e0dade9005a1ec9cacc,谢向荣,000006,0,46,2020-09-19T02:33:49.657Z,本科,"谢向荣:男,1974年4月出生,南开大学企业管理专业本科毕业,学士,经济师。1996年7月至1998年8月任深圳市振业股份有限公司办公室职员,总经理秘书,团总支书记;1998年8月至2001年1月任深圳市振业(集团)股份有限公司党办职员;1999年11月至2004年10月任深圳市振业(集团)股份有限公司团委副书记;2001年1月至2003年9月任深圳市振业(集团)股份有限公司党委办副主任;2003年9月至2004年10月任深圳市振业(集团)股份有限公司人事部副经理;2004年10月至2007年5月任贵州振业董酒股份有限公司董事、党委副书记、纪委书记、副总经理;2007年6月至2013年12月任深圳市振业(集团)股份有限公司党群工作部主任;2008年1月至2014年7月任深圳市振业(集团)股份有限公司机关工会主席;2008年1月至今任深圳市振业(集团)股份有限公司团委书记;2009年12月至今任深圳市振业(集团)股份有限公司纪委委员;2013年1月至今任深圳市振业(集团)股份有限公司职工监事;2013年12月至今任深圳市振业(集团)股份有限公司人力资源部总经理;2016年7月至今任深圳市振业(集团)股份有限公司机关党支部书记。",男,supervisoryCommittee,,1,2017-03-17T00:00:00.000Z,981100,0,深振业Ａ,职工监事,2021-01-21T01:03:20.990Z,2009年12月至今任深圳市振业(集团)股份有限公司纪委委员,2009年12月至今任深圳市振业(集团)股份有限公司纪委委员,纪委,26,28,委员,28,30,0,深圳市振业(集团)股份有限公司,company,8,22
5f656e0dade9005a1ec9cacc,谢向荣,000006,0,46,2020-09-19T02:33:49.657Z,本科,"谢向荣:男,1974年4月出生,南开大学企业管理专业本科毕业,学士,经济师。1996年7月至1998年8月任深圳市振业股份有限公司办公室职员,总经理秘书,团总支书记;1998年8月至2001年1月任深圳市振业(集团)股份有限公司党办职员;1999年11月至2004年10月任深圳市振业(集团)股份有限公司团委副书记;2001年1月至2003年9月任深圳市振业(集团)股份有限公司党委办副主任;2003年9月至2004年10月任深圳市振业(集团)股份有限公司人事部副经理;2004年10月至2007年5月任贵州振业董酒股份有限公司董事、党委副书记、纪委书记、副总经理;2007年6月至2013年12月任深圳市振业(集团)股份有限公司党群工作部主任;2008年1月至2014年7月任深圳市振业(集团)股份有限公司机关工会主席;2008年1月至今任深圳市振业(集团)股份有限公司团委书记;2009年12月至今任深圳市振业(集团)股份有限公司纪委委员;2013年1月至今任深圳市振业(集团)股份有限公司职工监事;2013年12月至今任深圳市振业(集团)股份有限公司人力资源部总经理;2016年7月至今任深圳市振业(集团)股份有限公司机关党支部书记。",男,supervisoryCommittee,,1,2017-03-17T00:00:00.000Z,981100,0,深振业Ａ,职工监事,2021-01-21T01:03:20.990Z,2016年7月至今任深圳市振业(集团)股份有限公司机关党支部书记,2016年7月至今任深圳市振业(集团)股份有限公司机关党支部书记,党支部,27,30,书记,30,32,0,深圳市振业(集团)股份有限公司,company,7.5,21.5
5f656e28ade9005a1ec9d169,刘声向,000011,0,49,2020-09-19T02:34:16.802Z,硕士,"刘声向先生,1971年8月出生,*,教授级高级工程师,全国一级注册建造师,大学本科学历,工程硕士,高级管理人员工商管理硕士。1994年6月加入深圳市天健(集团)股份有限公司,历任深圳市市政工程总公司副总经理、总经理、党总支书记、天健(集团)公司副总经理。2013年6月加入深圳市路桥建设集团有限公司,任执行董事、党委书记、总经理。2017年8月起任深圳市物业发展(集团)股份有限公司党委书记。刘声向先生曾荣获2001年深圳市优秀共产*称号、2013年第十一届中国土木工程詹天佑奖、2015年深圳市五一劳动奖章。现任深圳市第六次党代会党代表。",男,board,,1,2018-06-16T00:00:00.000Z,1133000,0,深物业A,"董事长,董事",2020-12-21T04:12:03.201Z,2017年8月起任深圳市物业发展(集团)股份有限公司党委书记,2017年8月起任深圳市物业发展(集团)股份有限公司党委书记,党委,26,28,书记,28,30,0,深圳市物业发展(集团)股份有限公司,company,6.5,22.5
5f656e6eade9005a1ec9e07a,龙庆祥,000027,0,59,2020-09-19T02:35:26.212Z,硕士,"龙庆祥,男,1961年出生,硕士研究生,高级政工师、高级企业文化师。曾任深圳市投资管理公司副主任科员、主任科员,深圳市国有资产管理办公室主任科员,深圳市国资办秘书处助理调研员、副处长、处长,深圳市国资委监督稽查处处长,深圳市长城地产集团党委副书记、纪委书记、董事,深圳市长城投资控股股份有限公司党委副书记、纪委书记、董事,深圳能源集团股份有限公司第六届监事会主席。现任深圳市能源集团有限公司监事会主席,深圳能源集团股份有限公司第七届监事会主席。",男,supervisoryCommittee,,1,2011-12-02T00:00:00.000Z,500000,0,深圳能源,监事会主席,2021-01-21T01:03:21.338Z,深圳市长城地产集团党委副书记、纪委书记、董事,深圳市长城地产集团党委副书记,党委,9,11,书记,12,14,1,深圳市长城地产集团,company,0,9
5f656e6eade9005a1ec9e07a,龙庆祥,000027,0,59,2020-09-19T02:35:26.212Z,硕士,"龙庆祥,男,1961年出生,硕士研究生,高级政工师、高级企业文化师。曾任深圳市投资管理公司副主任科员、主任科员,深圳市国有资产管理办公室主任科员,深圳市国资办秘书处助理调研员、副处长、处长,深圳市国资委监督稽查处处长,深圳市长城地产集团党委副书记、纪委书记、董事,深圳市长城投资控股股份有限公司党委副书记、纪委书记、董事,深圳能源集团股份有限公司第六届监事会主席。现任深圳市能源集团有限公司监事会主席,深圳能源集团股份有限公司第七届监事会主席。",男,supervisoryCommittee,,1,2011-12-02T00:00:00.000Z,500000,0,深圳能源,监事会主席,2021-01-21T01:03:21.338Z,深圳市长城投资控股股份有限公司党委副书记、纪委书记、董事,深圳市长城投资控股股份有限公司党委副书记,党委,15,17,书记,18,20,1,深圳市长城投资控股股份有限公司,company,0,15
5f656e7fade9005a1ec9e50b,周政,000031,0,57,2020-09-19T02:35:43.695Z,硕士,周政，1963年出生，毕业于北京航空航天大学，航空宇航制造工程专业，工学硕士学位。2012年10月任中粮集团副总裁，2013年12月任中粮集团党组成员。,男,board,,1,2020-05-23T00:00:00.000Z,0,0,大悦城,"董事长,董事",2021-01-21T01:03:21.417Z,2013年12月任中粮集团党组成员,2013年12月任中粮集团党组成员,党组,13,15,成员,15,17,0,中粮集团,company,6,10
5f656e2dade9005a1ec9d2ff,张金顺,000012,0,55,2020-09-19T02:34:21.112Z,博士,"张金顺:男,55岁,博士研究生。历任平安银行总行党委委员、副行长,平安信托有限责任公司董事长、党委书记,长安国际信托股份有限公司总经理;现任深圳市宝能投资集团有限公司副董事长,钜盛华股份有限公司总裁兼CEO,前海人寿保险股份有限公司董事长,中国南玻集团股份有限公司董事。",男,board,,1,2020-05-22T00:00:00.000Z,0,0,南  玻Ａ,董事,2021-01-21T01:03:21.743Z,历任平安银行总行党委委员、副行长,历任平安银行总行党委委员,党委,8,10,委员,10,12,0,平安银行,financial,2,6
5f656e30ade9005a1ec9d46b,陈瑜,000014,0,48,2020-09-19T02:34:24.034Z,中专,"陈瑜,女,1972年7月出生,*,中专学历,经济师。1991年7月-1997年6月,在湖北省黄石市电缆集团有限公司任总工程师办公室统计员、团委副书记(主持工作);1997年7月-2006年4月,在深圳市沙河工贸发展公司任办公室副主任;2006年5月-2012年3月在深圳市沙河实业(集团)有限公司历任团委副书记、书记、女工主任;2012年4月至今在沙河实业股份有限公司历任人力资源部(党群办公室)副经理、女工委主任、党群办(监察室)主任、公司纪委委员。现任沙河实业股份有限公司党群办主任、职工监事。",女,supervisoryCommittee,,1,2020-04-22T00:00:00.000Z,454400,0,沙河股份,职工监事,2020-12-21T04:12:09.998Z,2006年5月-2012年3月在深圳市沙河实业(集团)有限公司历任团委副书记、书记、女工主任,2006年5月-2012年3月在深圳市沙河实业(集团)有限公司历任团委副书记,团委,33,35,书记,36,38,1,深圳市沙河实业(集团)有限公司,company,10.5,24.5
5f656e30ade9005a1ec9d46b,陈瑜,000014,0,48,2020-09-19T02:34:24.034Z,中专,"陈瑜,女,1972年7月出生,*,中专学历,经济师。1991年7月-1997年6月,在湖北省黄石市电缆集团有限公司任总工程师办公室统计员、团委副书记(主持工作);1997年7月-2006年4月,在深圳市沙河工贸发展公司任办公室副主任;2006年5月-2012年3月在深圳市沙河实业(集团)有限公司历任团委副书记、书记、女工主任;2012年4月至今在沙河实业股份有限公司历任人力资源部(党群办公室)副经理、女工委主任、党群办(监察室)主任、公司纪委委员。现任沙河实业股份有限公司党群办主任、职工监事。",女,supervisoryCommittee,,1,2020-04-22T00:00:00.000Z,454400,0,沙河股份,职工监事,2020-12-21T04:12:09.998Z,2012年4月至今在沙河实业股份有限公司历任人力资源部(党群办公室)副经理、女工委主任、党群办(监察室)主任、公司纪委委员,2012年4月至今在沙河实业股份有限公司历任人力资源部(党群办公室)副经理,党群,28,30,经理,35,37,5,沙河实业股份有限公司,company,7.5,17.5
5f656e30ade9005a1ec9d46b,陈瑜,000014,0,48,2020-09-19T02:34:24.034Z,中专,"陈瑜,女,1972年7月出生,*,中专学历,经济师。1991年7月-1997年6月,在湖北省黄石市电缆集团有限公司任总工程师办公室统计员、团委副书记(主持工作);1997年7月-2006年4月,在深圳市沙河工贸发展公司任办公室副主任;2006年5月-2012年3月在深圳市沙河实业(集团)有限公司历任团委副书记、书记、女工主任;2012年4月至今在沙河实业股份有限公司历任人力资源部(党群办公室)副经理、女工委主任、党群办(监察室)主任、公司纪委委员。现任沙河实业股份有限公司党群办主任、职工监事。",女,supervisoryCommittee,,1,2020-04-22T00:00:00.000Z,454400,0,沙河股份,职工监事,2020-12-21T04:12:09.998Z,现任沙河实业股份有限公司党群办主任、职工监事,现任沙河实业股份有限公司党群办主任,党群,12,14,主任,15,17,1,沙河实业股份有限公司,company,2,12
5f656e3fade9005a1ec9d667,王友来,000016,0,59,2020-09-19T02:34:39.571Z,博士,"王友来,男,汉族,1961年出生,博士研究生学历,工程师。历任康佳集团品质部业务经理,康佳集团助理总经理、副总经理、副总裁,华侨城集团公司行政管理部副总监、总监等职务。现任华侨城集团有限公司总部机关联合党委书记,深圳市光明集团有限公司董事,华侨城(海南)集团有限公司董事,康佳集团监事。",男,supervisoryCommittee,,1,2018-12-05T00:00:00.000Z,0,0,深康佳Ａ,监事会主席,2021-01-21T01:03:21.822Z,现任华侨城集团有限公司总部机关联合党委书记,现任华侨城集团有限公司总部机关联合党委书记,党委,17,19,书记,19,21,0,华侨城集团有限公司,company,2,11
5f656e77ade9005a1ec9e345,何祚文,000029,0,58,2020-09-19T02:35:35.650Z,硕士,"何祚文先生,中国国籍,1962年10月出生,无境外永久居留权,工商管理硕士,会计学副教授,证券从业资格注册会计师,注册税务师。曾任长沙理工大学(原长沙电力学院)会计学副教授、教研室主任,深圳华鹏会计师事务所合伙人、副所长,立信会计师事务所合伙人;现任大华会计师事务所(特殊普通合伙)合伙人、深圳分所党总支书记,深圳市天业税务师事务所有限公司董事长;同时担任深圳市杰普特光电股份有限公司、深圳市纺织(集团)股份有限公司、深圳市易瑞生物股份有限公司和深圳市同益实业股份有限公司独立董事。主要社会职务有:广东省高级会计师评审委员会评委,中共深圳市社会组织纪律检查委员会委员,中共深圳市注册会计师行业委员会副书记兼纪委书记,深圳市注册税务师协会理事等。",男,board,,1,2020-07-01T00:00:00.000Z,0,0,深深房Ａ,独立董事,2021-01-21T01:03:22.083Z,中共深圳市注册会计师行业委员会副书记兼纪委书记,中共深圳市注册会计师行业委员会副书记兼纪委书记,纪委,19,21,书记,21,23,0,中共深圳市注册会计师行业委员会,other,0,15
5f656e84ade9005a1ec9e6bf,姚远,000032,0,39,2020-09-19T02:35:48.272Z,硕士,"姚远,男,1981年4月出生,硕士学位,高级工程师。历任珠海南方软件园发展有限公司网络管理专员,中国电子信息产业集团有限公司办公厅总经理办公室业务助理、业务主办,规划计划部安全生产处工程师、专项副经理,规划科技部科技处专项副经理。现任深圳市桑达实业股份有限公司纪委书记。",男,supervisoryCommittee,,1,2017-12-02T00:00:00.000Z,633800,0,深桑达Ａ,职工监事,2021-01-21T01:03:22.165Z,现任深圳市桑达实业股份有限公司纪委书记,现任深圳市桑达实业股份有限公司纪委书记,纪委,15,17,书记,17,19,0,深圳市桑达实业股份有限公司,company,2,15
5f656e0dade9005a1ec9ca8e,李建春,000006,0,56,2020-09-19T02:33:49.393Z,博士,"李建春:男,1964年8月出生,吉林大学世界经济专业研究生毕业,博士,高级经济师。1990年11月至1994年11月任国务院法制局科员、副主任科员、主任科员;1994年11月至1999年9月任中国进出口银行项目评审部职员、项评处副经理、法务事务处副经理;1999年9月至2000年4月任三亚市国有资产管理局局长兼企业工委副书记;2000年4月至2004年3月任三亚市国有资产监督管理委员会办公室主任;2004年3月至2006年8月任三亚市国有资产监督管理委员会主任、党委副书记;2006年8月至2008年1月任三亚市政府副秘书长;2008年1月至2009年9月任深圳市国资委政策法规处(集体企业工作处)处长;2009年9月至2010年8月任深圳市建筑设计研究总院有限公司党委书记、董事长;2010年12月至2013年5月任深圳市水务(集团)有限公司监事会主席;2013年5月至2017年1月任深圳市信息管线有限公司董事长、党支部书记;2017年1月起任深圳市振业(集团)股份有限公司党委副书记。",男,board,,1,2017-03-17T00:00:00.000Z,1307000,0,深振业Ａ,董事,2021-01-21T01:03:22.799Z,2009年9月至2010年8月任深圳市建筑设计研究总院有限公司党委书记、董事长,2009年9月至2010年8月任深圳市建筑设计研究总院有限公司党委书记,党委,31,33,书记,33,35,0,深圳市建筑设计研究总院有限公司,company,11,26
5f656e0dade9005a1ec9ca8e,李建春,000006,0,56,2020-09-19T02:33:49.393Z,博士,"李建春:男,1964年8月出生,吉林大学世界经济专业研究生毕业,博士,高级经济师。1990年11月至1994年11月任国务院法制局科员、副主任科员、主任科员;1994年11月至1999年9月任中国进出口银行项目评审部职员、项评处副经理、法务事务处副经理;1999年9月至2000年4月任三亚市国有资产管理局局长兼企业工委副书记;2000年4月至2004年3月任三亚市国有资产监督管理委员会办公室主任;2004年3月至2006年8月任三亚市国有资产监督管理委员会主任、党委副书记;2006年8月至2008年1月任三亚市政府副秘书长;2008年1月至2009年9月任深圳市国资委政策法规处(集体企业工作处)处长;2009年9月至2010年8月任深圳市建筑设计研究总院有限公司党委书记、董事长;2010年12月至2013年5月任深圳市水务(集团)有限公司监事会主席;2013年5月至2017年1月任深圳市信息管线有限公司董事长、党支部书记;2017年1月起任深圳市振业(集团)股份有限公司党委副书记。",男,board,,1,2017-03-17T00:00:00.000Z,1307000,0,深振业Ａ,董事,2021-01-21T01:03:22.799Z,2017年1月起任深圳市振业(集团)股份有限公司党委副书记,2017年1月起任深圳市振业(集团)股份有限公司党委副书记,党委,24,26,书记,27,29,1,深圳市振业(集团)股份有限公司,company,6.5,20.5
5f656e28ade9005a1ec9d174,王航军,000011,0,54,2020-09-19T02:34:16.852Z,硕士,"王航军先生,1966年11月出生,*,研究生学历,经济学硕士,高级审计师。王航军先生曾任深圳市南山区审计局副科长;深圳市投资管理公司审计部副部长、部长;深圳市投资管理公司监督部副部长、部长;深圳市投资控股有限公司审计监察部部长;2007年10月加入深圳市物业发展(集团)股份有限公司任副总经理,现任深圳市物业发展(集团)股份有限公司党委副书记、副总经理。",男,manager,,1,2018-06-16T00:00:00.000Z,1361000,0,深物业A,总经理,2020-12-21T04:12:03.863Z,现任深圳市物业发展(集团)股份有限公司党委副书记、副总经理,现任深圳市物业发展(集团)股份有限公司党委副书记,党委,19,21,书记,22,24,1,深圳市物业发展(集团)股份有限公司,company,2,18
5f656e29ade9005a1ec9d1a0,谢畅,000011,0,49,2020-09-19T02:34:17.048Z,本科,"谢畅先生,1971年11月生,*,工学学士,高级工程师、经济师、政工师。谢畅先生曾任深圳市建安(集团)股份有限公司党群工作部部长、纪委委员、资产管理部部长;深圳市赛百诺基因技术有限公司副总经理;深圳市对外劳动服务有限公司运营管理部部长、办公室主任、董事会秘书;深圳市人才交流服务中心有限公司办公室主任。2017年9月起任深圳市投资控股有限公司党委办公室主任,2020年4月起任深圳市物业发展(集团)股份有限公司董事。",男,board,,1,2020-04-29T00:00:00.000Z,0,0,深物业A,董事,2020-12-21T04:12:03.476Z,谢畅先生曾任深圳市建安(集团)股份有限公司党群工作部部长、纪委委员、资产管理部部长,谢畅先生曾任深圳市建安(集团)股份有限公司党群工作部部长,党群工作部,21,26,部长,26,28,0,深圳市建安(集团)股份有限公司党群工作部,company,6,25
5f656e29ade9005a1ec9d1a0,谢畅,000011,0,49,2020-09-19T02:34:17.048Z,本科,"谢畅先生,1971年11月生,*,工学学士,高级工程师、经济师、政工师。谢畅先生曾任深圳市建安(集团)股份有限公司党群工作部部长、纪委委员、资产管理部部长;深圳市赛百诺基因技术有限公司副总经理;深圳市对外劳动服务有限公司运营管理部部长、办公室主任、董事会秘书;深圳市人才交流服务中心有限公司办公室主任。2017年9月起任深圳市投资控股有限公司党委办公室主任,2020年4月起任深圳市物业发展(集团)股份有限公司董事。",男,board,,1,2020-04-29T00:00:00.000Z,0,0,深物业A,董事,2020-12-21T04:12:03.476Z,2017年9月起任深圳市投资控股有限公司党委办公室主任,2017年9月起任深圳市投资控股有限公司党委办公室主任,党委,20,22,主任,25,27,3,深圳市投资控股有限公司,company,6.5,17.5
5f656e2fade9005a1ec9d3ec,陈勇,000014,0,50,2020-09-19T02:34:23.546Z,硕士,"陈勇,男,汉族,1970年1月出生,*,1991年7月本科毕业于安徽大学,1994年7月硕士毕业于中国人民大学。历任深圳市物业发展(集团)股份有限公司秘书科科长、下属国贸发展公司总经理、吉发仓储公司总经理和本部资产部经理;深圳市沙河实业(集团)有限公司资产部经理、总经理助理兼沙河医院支部书记;沙河实业股份有限公司副总经理、总经理。现任沙河实业股份有限公司董事长。",男,board,,1,2020-04-25T00:00:00.000Z,0,0,沙河股份,"董事长,董事",2020-12-21T04:12:09.529Z,深圳市沙河实业(集团)有限公司资产部经理、总经理助理兼沙河医院支部书记,总经理助理兼沙河医院支部书记,支部,10,12,书记,12,14,0,沙河医院,other,0,10
5f656e80ade9005a1ec9e5e4,余巨川,000031,0,53,2020-09-19T02:35:44.619Z,硕士,"余巨川,男,1967年8月出生,内蒙古师范大学数学教育专业理学学士、中国文学专业文学硕士。曾任北京市工商局首都机场分局副局长(正处级),北京市工商局昌平工商分局党组书记、分局长,北京市工商局办公室主任。2013年12至2017年4月任北京市工商局丰台分局党组书记、分局长。2017年4月进入中粮集团。2019年4月起任大悦城控股集团股份有限公司总经理助理。",男,manager,,1,2020-05-23T00:00:00.000Z,1421000,0,大悦城,总经理助理,2021-01-21T01:03:24.373Z,北京市工商局昌平工商分局党组书记、分局长,北京市工商局昌平工商分局党组书记,党组,12,14,书记,14,16,0,北京市工商局昌平工商分局,other,0,12
5f656e80ade9005a1ec9e5e4,余巨川,000031,0,53,2020-09-19T02:35:44.619Z,硕士,"余巨川,男,1967年8月出生,内蒙古师范大学数学教育专业理学学士、中国文学专业文学硕士。曾任北京市工商局首都机场分局副局长(正处级),北京市工商局昌平工商分局党组书记、分局长,北京市工商局办公室主任。2013年12至2017年4月任北京市工商局丰台分局党组书记、分局长。2017年4月进入中粮集团。2019年4月起任大悦城控股集团股份有限公司总经理助理。",男,manager,,1,2020-05-23T00:00:00.000Z,1421000,0,大悦城,总经理助理,2021-01-21T01:03:24.373Z,2013年12至2017年4月任北京市工商局丰台分局党组书记、分局长,2013年12至2017年4月任北京市工商局丰台分局党组书记,党组,26,28,书记,28,30,0,北京市工商局丰台分局,other,10.5,20.5
5f656e29ade9005a1ec9d1f5,王秋平,000011,0,50,2020-09-19T02:34:17.411Z,本科,"王秋平女士,1970年1月生,大学本科学历,*,高级经济师。1992年至2015年,在深圳市物业发展(集团)股份有限公司总经理办公室、计财部、发展管理部从事管理工作,2015年至今,任深圳市物业发展(集团)股份有限公司子公司深圳市国贸物业管理有限公司党委书记,副总经理、工会主席。",女,supervisoryCommittee,,1,2018-05-19T00:00:00.000Z,624000,0,深物业A,职工监事,2020-12-21T04:12:03.776Z,任深圳市物业发展(集团)股份有限公司子公司深圳市国贸物业管理有限公司党委书记,任深圳市物业发展(集团)股份有限公司子公司深圳市国贸物业管理有限公司党委书记,党委,34,36,书记,36,38,0,深圳市物业发展(集团)股份有限公司子公司,company,1,20
5f656e29ade9005a1ec9d1f5,王秋平,000011,0,50,2020-09-19T02:34:17.411Z,本科,"王秋平女士,1970年1月生,大学本科学历,*,高级经济师。1992年至2015年,在深圳市物业发展(集团)股份有限公司总经理办公室、计财部、发展管理部从事管理工作,2015年至今,任深圳市物业发展(集团)股份有限公司子公司深圳市国贸物业管理有限公司党委书记,副总经理、工会主席。",女,supervisoryCommittee,,1,2018-05-19T00:00:00.000Z,624000,0,深物业A,职工监事,2020-12-21T04:12:03.776Z,任深圳市物业发展(集团)股份有限公司子公司深圳市国贸物业管理有限公司党委书记,任深圳市物业发展(集团)股份有限公司子公司深圳市国贸物业管理有限公司党委书记,党委,34,36,书记,36,38,0,深圳市国贸物业管理有限公司,company,20,33
5f656e53ade9005a1ec9d9fc,王慧敏,000019,0,53,2020-09-19T02:34:59.302Z,硕士,"王慧敏女士:1967年出生,硕士研究生,律师执业资格、中级经济师、高级人力资源管理师。历任深圳市建设集团公司法律顾问;深圳市建设投资控股公司经济师、女工委员会主任、人力资源部经理;深圳市投资控股有限公司人力资源部部长;深圳市物业发展(集团)股份有限公司副总经理;深圳市粮食集团有限公司董事、党委副书记、纪委书记。现任深圳市粮食集团有限公司纪委书记、监事会主席;公司第九届监事会监事。",女,supervisoryCommittee,,1,2019-02-22T00:00:00.000Z,501000,0,深粮控股,监事会主席,2021-01-21T01:03:24.830Z,现任深圳市粮食集团有限公司纪委书记、监事会主席,现任深圳市粮食集团有限公司纪委书记,纪委,13,15,书记,15,17,0,深圳市粮食集团有限公司,company,2,13
5f656e69ade9005a1ec9df0b,陈立彬,000026,0,56,2020-09-19T02:35:21.131Z,硕士,"陈立彬先生,1964年6月出生,广东省委党校经济学研究生,中山大学EMBA。现任飞亚达(集团)股份有限公司党委副书记、董事总经理。曾任飞亚达(集团)股份有限公司副总经理、董事会秘书,中国航空技术深圳有限公司党群工作部常务副主任、主任,企业文化部高级专员、副经理、经理。",男,manager,,1,2018-10-11T00:00:00.000Z,1710000,180000,飞亚达,总经理,2021-01-21T01:03:25.352Z,广东省委党校经济学研究生,广东省委党校经济学研究生,党校,4,6,研究生,9,12,3,广东省委党校,other,0,6
5f656e69ade9005a1ec9df0b,陈立彬,000026,0,56,2020-09-19T02:35:21.131Z,硕士,"陈立彬先生,1964年6月出生,广东省委党校经济学研究生,中山大学EMBA。现任飞亚达(集团)股份有限公司党委副书记、董事总经理。曾任飞亚达(集团)股份有限公司副总经理、董事会秘书,中国航空技术深圳有限公司党群工作部常务副主任、主任,企业文化部高级专员、副经理、经理。",男,manager,,1,2018-10-11T00:00:00.000Z,1710000,180000,飞亚达,总经理,2021-01-21T01:03:25.352Z,现任飞亚达(集团)股份有限公司党委副书记、董事总经理,现任飞亚达(集团)股份有限公司党委副书记,党委,15,17,书记,18,20,1,飞亚达(集团)股份有限公司,company,2,14
5f656e69ade9005a1ec9df0b,陈立彬,000026,0,56,2020-09-19T02:35:21.131Z,硕士,"陈立彬先生,1964年6月出生,广东省委党校经济学研究生,中山大学EMBA。现任飞亚达(集团)股份有限公司党委副书记、董事总经理。曾任飞亚达(集团)股份有限公司副总经理、董事会秘书,中国航空技术深圳有限公司党群工作部常务副主任、主任,企业文化部高级专员、副经理、经理。",男,manager,,1,2018-10-11T00:00:00.000Z,1710000,180000,飞亚达,总经理,2021-01-21T01:03:25.352Z,中国航空技术深圳有限公司党群工作部常务副主任、主任,中国航空技术深圳有限公司党群工作部常务副主任,党群工作部,12,17,主任,20,22,3,中国航空技术深圳有限公司党群工作部,company,0,17
5f656e6dade9005a1ec9e04b,李明,000027,0,51,2020-09-19T02:35:25.916Z,硕士,"李明,男,1969年出生,*,硕士研究生,高级经济师。曾任深圳市福田区委组织部科员、副主任科员,广东发展银行深圳分行人事部副科长、科长、行长办公室综合室主任,深圳市投资管理公司人事部业务经理,深圳市国有资产监督管理委员会党委办公室主任科员、副主任、主任,深圳市机场(集团)有限公司董事、党委副书记、纪委书记,现任深圳能源集团股份有限公司党委副书记。",男,board,,1,2017-08-31T00:00:00.000Z,1180000,0,深圳能源,董事,2020-12-21T04:13:08.605Z,曾任深圳市福田区委组织部科员、副主任科员,曾任深圳市福田区委组织部科员,区委,7,9,员,13,14,4,深圳市福田区委组织部,other,2,12
5f656e6dade9005a1ec9e04b,李明,000027,0,51,2020-09-19T02:35:25.916Z,硕士,"李明,男,1969年出生,*,硕士研究生,高级经济师。曾任深圳市福田区委组织部科员、副主任科员,广东发展银行深圳分行人事部副科长、科长、行长办公室综合室主任,深圳市投资管理公司人事部业务经理,深圳市国有资产监督管理委员会党委办公室主任科员、副主任、主任,深圳市机场(集团)有限公司董事、党委副书记、纪委书记,现任深圳能源集团股份有限公司党委副书记。",男,board,,1,2017-08-31T00:00:00.000Z,1180000,0,深圳能源,董事,2020-12-21T04:13:08.605Z,现任深圳能源集团股份有限公司党委副书记,现任深圳能源集团股份有限公司党委副书记,党委,14,16,书记,17,19,1,深圳能源集团股份有限公司,company,2,14
5f656e6eade9005a1ec9e05b,李平,000027,0,61,2020-09-19T02:35:25.960Z,硕士,"李平,男,1959年出生,硕士,研究员,博士生导师。曾任河北大学经济系教师,中国社会科学院数量经济与技术经济研究所副室主任、室主任、副所长,社科院工业经济研究所党委书记、副所长,深圳能源集团股份有限公司第六届董事会独立董事。现任社科院数量经济与技术经济研究所所长,中国区域经济学会副理事长,中国技术经济学会副理事长,中国数量经济学会理事长,深圳能源集团股份有限公司第七届董事会独立董事。",男,board,,1,2011-12-02T00:00:00.000Z,0,0,深圳能源,独立董事,2021-01-21T01:03:25.465Z,社科院工业经济研究所党委书记、副所长,社科院工业经济研究所党委书记,党委,10,12,书记,12,14,0,社科院工业经济研究所,other,0,10
5f656e6eade9005a1ec9e0cd,孙启云,000027,0,66,2020-09-19T02:35:26.774Z,本科,"孙启云,男,1954年出生,大学本科,高级工程师,曾任深圳妈湾电力有限公司妈湾电厂副总工兼运行总监、厂长助理、副厂长,深圳市能源集团有限公司发电分公司副经理,深圳市能源集团有限公司监事、纪检委委员,深圳市能源集团有限公司妈湾发电总厂常务副厂长兼党总支书记、厂长兼党委副书记,深圳市西部电力有限公司董事长,深圳市能源集团有限公司副总经理、安委会副主任。现任深圳能源集团股份有限公司副总经理。",男,manager,,1,2012-03-16T00:00:00.000Z,0,0,深圳能源,副总经理,2021-01-21T01:03:25.640Z,深圳市能源集团有限公司妈湾发电总厂常务副厂长兼党总支书记、厂长兼党委副书记,深圳市能源集团有限公司妈湾发电总厂常务副厂长兼党总支书记,党总支,23,26,书记,26,28,0,深圳市能源集团有限公司妈湾发电总厂,company,0,17
5f656e73ade9005a1ec9e1b9,李智明,000028,0,58,2020-09-19T02:35:31.964Z,大专,"李智明先生:出生于1962年11月,*,大学专科学历,高级经济师、主管药师。1985年7月至1996年7月曾历任新疆新特药民族药商店财务科副科长、新疆医药工贸公司副总经理和总会计师、新疆新特药民族药公司副总经理和总会计师、新疆自治区医药管理局组建集团筹备领导小组办公室副主任;1996年7月至2016年2月曾历任新疆新特药民族药公司总经理、董事长、党委书记,及新疆药业集团公司(现为国药集团新疆药业有限公司)董事、总经理、副董事长、董事长、党委书记;2010年5月至2013年11月担任国药控股股份有限公司副总裁;2012年10月至2014年1月兼任国药控股股份有限公司总法律顾问,2012年11月至2013年10月兼任国药控股股份有限公司纪委书记、工会主席,2012年11月起至今兼任国药控股股份有限公司党委副书记;2013年11月至2017年11月担任国药控股股份有限公司总裁;2014年1月起至今担任国药控股股份有限公司执行董事;2017年3月起担任国药控股股份有限公司董事长、党委书记。目前亦兼任国药产业投资有限公司、国药集团一致药业股份有限公司、国药控股股份中国香港有限公司、国药控股国大药房有限公司的董事,以及国药集团新疆药业有限公司、国药控股(中国)融资租赁有限公司和国药中金(上海)医疗健康投资管理有限公司的董事长。2010年8月至2011年10月担任国药集团药业股份有限公司董事长;2014年2月至今担任国药集团药业股份有限公司董事;2014年2月至2016年6月担任国药集团药业股份有限公司董事长。于2014年12月31日获委任为国药控股股份有限公司战略与投资委员会委员。于2017年3月24日获委任为国药控股股份有限公司战略与投资委员会主席。于2017年3月24日获委任为国药控股股份有限公司提名委员会主席。于2018年3月23日获委任为国药控股股份有限公司法律合规委员会委员。",男,board,,1,2018-04-18T00:00:00.000Z,0,0,国药一致,董事,2020-09-19T02:35:31.964Z,2012年11月至2013年10月兼任国药控股股份有限公司纪委书记、工会主席,2012年11月至2013年10月兼任国药控股股份有限公司纪委书记,纪委,29,31,书记,31,33,0,国药控股股份有限公司,company,13,23
5f656e73ade9005a1ec9e1b9,李智明,000028,0,58,2020-09-19T02:35:31.964Z,大专,"李智明先生:出生于1962年11月,*,大学专科学历,高级经济师、主管药师。1985年7月至1996年7月曾历任新疆新特药民族药商店财务科副科长、新疆医药工贸公司副总经理和总会计师、新疆新特药民族药公司副总经理和总会计师、新疆自治区医药管理局组建集团筹备领导小组办公室副主任;1996年7月至2016年2月曾历任新疆新特药民族药公司总经理、董事长、党委书记,及新疆药业集团公司(现为国药集团新疆药业有限公司)董事、总经理、副董事长、董事长、党委书记;2010年5月至2013年11月担任国药控股股份有限公司副总裁;2012年10月至2014年1月兼任国药控股股份有限公司总法律顾问,2012年11月至2013年10月兼任国药控股股份有限公司纪委书记、工会主席,2012年11月起至今兼任国药控股股份有限公司党委副书记;2013年11月至2017年11月担任国药控股股份有限公司总裁;2014年1月起至今担任国药控股股份有限公司执行董事;2017年3月起担任国药控股股份有限公司董事长、党委书记。目前亦兼任国药产业投资有限公司、国药集团一致药业股份有限公司、国药控股股份中国香港有限公司、国药控股国大药房有限公司的董事,以及国药集团新疆药业有限公司、国药控股(中国)融资租赁有限公司和国药中金(上海)医疗健康投资管理有限公司的董事长。2010年8月至2011年10月担任国药集团药业股份有限公司董事长;2014年2月至今担任国药集团药业股份有限公司董事;2014年2月至2016年6月担任国药集团药业股份有限公司董事长。于2014年12月31日获委任为国药控股股份有限公司战略与投资委员会委员。于2017年3月24日获委任为国药控股股份有限公司战略与投资委员会主席。于2017年3月24日获委任为国药控股股份有限公司提名委员会主席。于2018年3月23日获委任为国药控股股份有限公司法律合规委员会委员。",男,board,,1,2018-04-18T00:00:00.000Z,0,0,国药一致,董事,2020-09-19T02:35:31.964Z,2012年11月起至今兼任国药控股股份有限公司党委副书记,2012年11月起至今兼任国药控股股份有限公司党委副书记,党委,23,25,书记,26,28,1,国药控股股份有限公司,company,10,20
5f656e53ade9005a1ec9da3f,陈小华,000019,0,54,2020-09-19T02:34:59.981Z,硕士,"陈小华先生:1966年出生,硕士研究生,经济师。历任深圳市农产品集团股份有限公司秘书科科长,董事会办公室副主任、主任,董事会秘书、董事、副总裁,兼任广西海吉星国际物流有限公司董事长、天津海吉星农产品市场管理有限公司董事长、天津海吉星农产品物流有限公司董事长。现任深圳市深粮控股股份有限公司党委委员。",男,manager,,1,2020-08-25T00:00:00.000Z,0,0,深粮控股,"董事会秘书,副总经理",2021-01-21T01:03:25.730Z,现任深圳市深粮控股股份有限公司党委委员,现任深圳市深粮控股股份有限公司党委委员,党委,15,17,委员,17,19,0,深圳市深粮控股股份有限公司,company,2,15
5f656e7aade9005a1ec9e428,王振勃,000030,0,57,2020-09-19T02:35:38.922Z,本科,"王振勃,男,1963年8月生,吉林扶余人,1987年7月参加工作,1998年6月*,吉林大学物理专业本科毕业,理学学士。历任一汽集团企业战略研究部信息室主任,一汽集团采购部部长,一汽集团采购部部长兼采购中心总经理,天津一汽丰田汽车有限公司党委书记、纪委书记、工会主席,天津一汽丰田汽车有限公司党委书记、常务副总经理。2017年5月任一汽集团专职外部董事。",男,board,,1,2018-06-29T00:00:00.000Z,0,0,富奥股份,董事,2021-01-21T01:03:26.623Z,天津一汽丰田汽车有限公司党委书记、纪委书记、工会主席,天津一汽丰田汽车有限公司党委书记,党委,12,14,书记,14,16,0,天津一汽丰田汽车有限公司,company,0,12
5f656e7aade9005a1ec9e428,王振勃,000030,0,57,2020-09-19T02:35:38.922Z,本科,"王振勃,男,1963年8月生,吉林扶余人,1987年7月参加工作,1998年6月*,吉林大学物理专业本科毕业,理学学士。历任一汽集团企业战略研究部信息室主任,一汽集团采购部部长,一汽集团采购部部长兼采购中心总经理,天津一汽丰田汽车有限公司党委书记、纪委书记、工会主席,天津一汽丰田汽车有限公司党委书记、常务副总经理。2017年5月任一汽集团专职外部董事。",男,board,,1,2018-06-29T00:00:00.000Z,0,0,富奥股份,董事,2021-01-21T01:03:26.623Z,天津一汽丰田汽车有限公司党委书记、常务副总经理,天津一汽丰田汽车有限公司党委书记,党委,12,14,书记,14,16,0,天津一汽丰田汽车有限公司,company,0,12
5f656e25ade9005a1ec9d042,曾嵘,000010,0,47,2020-09-19T02:34:13.259Z,本科,"曾嵘,女,中国国籍,无境外永久居留权,1973年6月出生,本科学历,EMBA在读;*,中级经济师。曾嵘获中国建设银行深圳市分行“先进工作者”、“优秀管理者”、“先进*”、“十佳支行行长”、“广东省总工会2009年南粤女职工之友”、“全国建筑装饰行业信息化建设先进个人”、“深圳市优秀党员”等荣誉。历任中国建设银行深圳市分行益民支行行长、深圳广田装饰集团股份有限公司党支部书记、董事、副总经理,深圳广田控股集团有限公司副总裁、深圳美丽生态股份有限公司董事长等职。现任深圳美丽生态股份有限公司董事。",女,board,,1,2019-06-28T00:00:00.000Z,864300,0,美丽生态,"副董事长,董事",2020-12-21T04:11:59.478Z,历任中国建设银行深圳市分行益民支行行长、深圳广田装饰集团股份有限公司党支部书记、董事、副总经理,深圳广田装饰集团股份有限公司党支部书记,党支部,14,17,书记,17,19,0,深圳广田装饰集团股份有限公司,company,0,14
5f656e29ade9005a1ec9d23c,李鹏,000011,0,44,2020-09-19T02:34:17.684Z,本科,"李鹏先生,1976年5月生,*,本科学历,工学学士,中级经济师。1999年7月起在深圳市物业发展(集团)股份有限公司从事经营管理工作,历任深圳市物业发展(集团)股份有限公司发展管理部副经理、成本控制部经理,深圳市皇城地产有限公司党支部书记、副总经理,现任深圳市物业发展(集团)股份有限公司副总经理。",男,manager,,1,2018-06-16T00:00:00.000Z,1210000,0,深物业A,副总经理,2020-12-21T04:12:04.037Z,深圳市皇城地产有限公司党支部书记、副总经理,深圳市皇城地产有限公司党支部书记,党支部,11,14,书记,14,16,0,深圳市皇城地产有限公司,company,0,11
5f656e52ade9005a1ec9d99c,胡翔海,000019,0,56,2020-09-19T02:34:58.836Z,硕士,"胡翔海先生:1964年出生,硕士研究生,高级经济师。历任深圳教育学院讲师;深圳市华乐实业股份有限公司亚细亚分公司办公室主任;深圳市企业管理干部培训中心主任;深圳市企业管理协会、深圳市中外企业家协会秘书处副秘书长兼办公室主任;深圳市经济特区免税商品企业公司发展部部长、营销管理部部长;特免电子科技城专业市场管理有限公司总经理;深圳市农产品股份有限公司总经理助理兼企业部经理、副总经理、党委副书记、董事、总经理,担任副总经理期间兼任深圳市南方农产品物流有限公司董事长,深圳前海农产品交易所股份有限公司董事长。现任深圳市粮食集团有限公司党委副书记、董事、总经理。",男,manager,,1,2019-02-22T00:00:00.000Z,712700,0,深粮控股,总经理,2021-01-21T01:03:27.247Z,现任深圳市粮食集团有限公司党委副书记、董事、总经理,现任深圳市粮食集团有限公司党委副书记,党委,13,15,书记,16,18,1,深圳市粮食集团有限公司,company,2,13
5f656e53ade9005a1ec9da26,郑胜桥,000019,0,53,2020-09-19T02:34:59.476Z,本科,"郑胜桥先生,1967年出生,大学本科,中级会计师。历任国家审计署驻广州特派员办事处科员;中国香港粤海企业(集团)有限公司会计部副经理;深圳市港中旅物流贸易有限公司副总经理;深圳市奥维讯科技股份有限公司财务总监;深圳市粮食集团有限公司财务部副部长、企业管理部副部长、董事会办公室主任。现任深圳市粮食集团有限公司纪委副书记、监事会秘书、纪检监察室(监事会办公室)主任、职工监事。",男,supervisoryCommittee,,1,2019-02-22T00:00:00.000Z,546900,0,深粮控股,职工监事,2021-01-21T01:03:27.505Z,现任深圳市粮食集团有限公司纪委副书记、监事会秘书、纪检监察室(监事会办公室)主任、职工监事,现任深圳市粮食集团有限公司纪委副书记,纪委,13,15,书记,16,18,1,深圳市粮食集团有限公司,company,2,13
5f656e6fade9005a1ec9e104,孙川,000027,0,49,2020-09-19T02:35:27.038Z,本科,"孙川,男,汉族,1971年出生,*,工学学士,高级政工师。深圳能源集团股份有限公司党群部团委副书记,公司团委书记,公司党委办公室临时负责人,公司党群办公室副主任、主任兼党支部书记,公司企业文化部总监,深圳市国资委党办负责人(挂职),公司纪委副书记,公司人力资源部总经理,公司人力资源部和产权管理部党支部书记,深圳市深能环保东部有限公司执行董事。现任深圳市能源环保有限公司党委书记、董事长,喀什深圳城有限公司监事会主席、深圳能源集团股份有限公司副总裁。",男,manager,,1,2019-07-11T00:00:00.000Z,949600,0,深圳能源,副总裁,2020-12-21T04:13:09.428Z,深圳能源集团股份有限公司党群部团委副书记,深圳能源集团股份有限公司党群部团委副书记,团委,15,17,书记,18,20,1,深圳能源集团股份有限公司党群部,company,0,15
5f656e6fade9005a1ec9e104,孙川,000027,0,49,2020-09-19T02:35:27.038Z,本科,"孙川,男,汉族,1971年出生,*,工学学士,高级政工师。深圳能源集团股份有限公司党群部团委副书记,公司团委书记,公司党委办公室临时负责人,公司党群办公室副主任、主任兼党支部书记,公司企业文化部总监,深圳市国资委党办负责人(挂职),公司纪委副书记,公司人力资源部总经理,公司人力资源部和产权管理部党支部书记,深圳市深能环保东部有限公司执行董事。现任深圳市能源环保有限公司党委书记、董事长,喀什深圳城有限公司监事会主席、深圳能源集团股份有限公司副总裁。",男,manager,,1,2019-07-11T00:00:00.000Z,949600,0,深圳能源,副总裁,2020-12-21T04:13:09.428Z,深圳能源集团股份有限公司党群部团委副书记,深圳能源集团股份有限公司党群部团委副书记,党群,12,14,书记,18,20,4,深圳能源集团股份有限公司党群部,company,0,15
5f656e6fade9005a1ec9e104,孙川,000027,0,49,2020-09-19T02:35:27.038Z,本科,"孙川,男,汉族,1971年出生,*,工学学士,高级政工师。深圳能源集团股份有限公司党群部团委副书记,公司团委书记,公司党委办公室临时负责人,公司党群办公室副主任、主任兼党支部书记,公司企业文化部总监,深圳市国资委党办负责人(挂职),公司纪委副书记,公司人力资源部总经理,公司人力资源部和产权管理部党支部书记,深圳市深能环保东部有限公司执行董事。现任深圳市能源环保有限公司党委书记、董事长,喀什深圳城有限公司监事会主席、深圳能源集团股份有限公司副总裁。",男,manager,,1,2019-07-11T00:00:00.000Z,949600,0,深圳能源,副总裁,2020-12-21T04:13:09.428Z,深圳市国资委党办负责人(挂职),深圳市国资委党办负责人(挂职),党办,6,8,负责人,8,11,0,深圳市国资委,other,0,6
5f656e6fade9005a1ec9e104,孙川,000027,0,49,2020-09-19T02:35:27.038Z,本科,"孙川,男,汉族,1971年出生,*,工学学士,高级政工师。深圳能源集团股份有限公司党群部团委副书记,公司团委书记,公司党委办公室临时负责人,公司党群办公室副主任、主任兼党支部书记,公司企业文化部总监,深圳市国资委党办负责人(挂职),公司纪委副书记,公司人力资源部总经理,公司人力资源部和产权管理部党支部书记,深圳市深能环保东部有限公司执行董事。现任深圳市能源环保有限公司党委书记、董事长,喀什深圳城有限公司监事会主席、深圳能源集团股份有限公司副总裁。",男,manager,,1,2019-07-11T00:00:00.000Z,949600,0,深圳能源,副总裁,2020-12-21T04:13:09.428Z,现任深圳市能源环保有限公司党委书记、董事长,现任深圳市能源环保有限公司党委书记,党委,13,15,书记,15,17,0,深圳市能源环保有限公司,company,2,13
5f656e7aade9005a1ec9e410,张志新,000030,0,52,2020-09-19T02:35:38.768Z,硕士,"张志新先生:1968年出生,*,硕士学位。现任吉林省国有资本运营有限责任公司党委书记、董事长,吉林省亚东国有资本投资有限公司董事长。兼任吉林大学商学院兼职教授,东北师范大学兼职教授,河北省南皮县经济发展委员会顾问。历任吉林省国有资产管理公司副总经理,吉林省亚东投资管理有限公司党委书记、执行董事、总经理等职。",男,board,,1,2018-07-02T00:00:00.000Z,0,0,富奥股份,"副董事长,董事",2020-12-21T04:13:28.206Z,现任吉林省国有资本运营有限责任公司党委书记、董事长,现任吉林省国有资本运营有限责任公司党委书记,党委,17,19,书记,19,21,0,吉林省国有资本运营有限责任公司,company,2,17
5f656e7aade9005a1ec9e410,张志新,000030,0,52,2020-09-19T02:35:38.768Z,硕士,"张志新先生:1968年出生,*,硕士学位。现任吉林省国有资本运营有限责任公司党委书记、董事长,吉林省亚东国有资本投资有限公司董事长。兼任吉林大学商学院兼职教授,东北师范大学兼职教授,河北省南皮县经济发展委员会顾问。历任吉林省国有资产管理公司副总经理,吉林省亚东投资管理有限公司党委书记、执行董事、总经理等职。",男,board,,1,2018-07-02T00:00:00.000Z,0,0,富奥股份,"副董事长,董事",2020-12-21T04:13:28.206Z,吉林省亚东投资管理有限公司党委书记、执行董事、总经理等职,吉林省亚东投资管理有限公司党委书记,党委,13,15,书记,15,17,0,吉林省亚东投资管理有限公司,company,0,13
5f656e7bade9005a1ec9e4b5,张立德,000030,0,56,2020-09-19T02:35:39.966Z,硕士,"张立德先生,生于1964年,研究生学历,硕士学位。现任富奥股份公司泵业事业部总经理兼党委书记。曾任一汽集团公司辽泵厂气泵车间主任助理、机加车间主任助理、主任、财务科副科长;原富奥制泵分公司生产副总经理;原富奥股份泵业分公司经营副总经理、副总经理兼党委副书记兼工会负责人、总经理等职。",男,manager,,,2018-07-02T00:00:00.000Z,680000,196000,富奥股份,副总经理,2020-12-21T04:13:29.067Z,现任富奥股份公司泵业事业部总经理兼党委书记,现任富奥股份公司泵业事业部总经理兼党委书记,党委,17,19,书记,19,21,0,富奥股份公司,company,2,8
5f656e80ade9005a1ec9e586,余福平,000031,0,60,2020-09-19T02:35:44.182Z,硕士,"余福平先生,1960年1月出生。毕业于中南财经政法大学,研究生学历,高级经济师。1980年加入中粮集团,历任中粮集团中国畜禽联营公司武汉经理部副经理,武汉中粮进出口公司副总经理、总经理,中粮集团财务部副总监兼中国香港中良财务有限公司总经理,2007年7月至2009年7月任安徽省蚌埠市市委常委、副市长。2013年9月至2015年9月任中粮置地控股有限公司(现:大悦城地产有限公司)副总经理。2009年11月起任中粮地产(集团)股份有限公司监事会主席。",男,supervisoryCommittee,,1,2017-05-06T00:00:00.000Z,1180000,0,大悦城,监事会主席,2021-01-21T01:03:27.606Z,2007年7月至2009年7月任安徽省蚌埠市市委常委、副市长,2007年7月至2009年7月任安徽省蚌埠市市委常委,市委,22,24,常委,24,26,0,安徽省蚌埠市市委,other,11,19
5f656e2cade9005a1ec9d2df,王健,000012,0,56,2020-09-19T02:34:20.976Z,,"王健:男,56岁,高级经济师。历任北方工业天津发展有限公司总经理兼执行董事,中国北方车辆有限公司总经理,上海有色金属电子商务有限公司副董事长、董事长,中国北方工业公司投资经营部总经理,成都银河王朝大酒店有限公司董事长,深圳宝银电器有限公司副董事长,北方物业开发有限公司董事长;现任中国南玻集团股份有限公司党委书记、副董事长、首席执行官。",男,board,,1,2020-05-23T00:00:00.000Z,4509000,1012000,南  玻Ａ,"副董事长,董事",2021-01-21T01:03:27.690Z,现任中国南玻集团股份有限公司党委书记、副董事长、首席执行官,现任中国南玻集团股份有限公司党委书记,党委,14,16,书记,16,18,0,中国南玻集团股份有限公司,company,2,14
5f656e53ade9005a1ec9d9c8,卢启光,000019,0,58,2020-09-19T02:34:59.128Z,本科,"卢启光先生:1962年出生,大学本科,助理经济师。历任博罗县粮食局办事员、副股长;深圳市粮食公司办公室科员、副主任;深圳市粮食总公司办公室副主任、总经理助理、副总经理;深圳市粮食集团有限公司党委委员、副总经理,兼下属深圳市面粉有限公司董事长。现任深圳市粮食集团有限公司党委副书记、董事。",男,board,,1,2019-02-22T00:00:00.000Z,701900,0,深粮控股,董事,2021-01-21T01:03:28.021Z,深圳市粮食集团有限公司党委委员、副总经理,深圳市粮食集团有限公司党委委员,党委,11,13,委员,13,15,0,深圳市粮食集团有限公司,company,0,11
5f656e53ade9005a1ec9d9c8,卢启光,000019,0,58,2020-09-19T02:34:59.128Z,本科,"卢启光先生:1962年出生,大学本科,助理经济师。历任博罗县粮食局办事员、副股长;深圳市粮食公司办公室科员、副主任;深圳市粮食总公司办公室副主任、总经理助理、副总经理;深圳市粮食集团有限公司党委委员、副总经理,兼下属深圳市面粉有限公司董事长。现任深圳市粮食集团有限公司党委副书记、董事。",男,board,,1,2019-02-22T00:00:00.000Z,701900,0,深粮控股,董事,2021-01-21T01:03:28.021Z,现任深圳市粮食集团有限公司党委副书记、董事,现任深圳市粮食集团有限公司党委副书记,党委,13,15,书记,16,18,1,深圳市粮食集团有限公司,company,2,13
5f656e69ade9005a1ec9df01,黄勇峰,000026,0,46,2020-09-19T02:35:21.087Z,硕士,"黄勇峰先生,1974年5月出生,高级工程师,北京航空航天大学管理工程硕士,中欧国际工商学院EMBA。现任飞亚达(集团)股份有限公司党委书记、董事长。曾任中航国际控股(珠海)有限公司董事长、总经理,中国航空技术国际控股有限公司总经理助理,中国航空技术深圳有限公司副总经理、总经理助理、企业战略与管理部经理,中航国际控股股份有限公司董事会秘书,中航善达股份有限公司董事,天虹商场股份有限公司董事,天马微电子股份有限公司董事,深圳中施机械设备有限公司董事长。",男,board,,1,2018-10-11T00:00:00.000Z,1979000,180000,飞亚达,"董事长,董事",2021-01-21T01:03:28.108Z,现任飞亚达(集团)股份有限公司党委书记、董事长,现任飞亚达(集团)股份有限公司党委书记,党委,15,17,书记,17,19,0,飞亚达(集团)股份有限公司,company,2,14
5f656e28ade9005a1ec9d18a,魏晓东,000011,0,50,2020-09-19T02:34:16.955Z,本科,"魏晓东先生,1970年1月出生,*,大学本科学历。魏晓东先生在深圳市政府部门工作多年,2008年进入深圳市国资委工作,历任深圳市国资委办公室副主任科员、主任科员,2014年6月任深圳市国资委办公室副主任,现任深圳市物业发展(集团)股份有限公司党委副书记,纪委书记。",男,board,,1,2018-06-16T00:00:00.000Z,1210000,0,深物业A,董事,2020-12-21T04:12:03.417Z,现任深圳市物业发展(集团)股份有限公司党委副书记,现任深圳市物业发展(集团)股份有限公司党委副书记,党委,19,21,书记,22,24,1,深圳市物业发展(集团)股份有限公司,company,2,18
5f656e4aade9005a1ec9d80d,李翔,000017,0,46,2020-09-19T02:34:50.044Z,硕士,"李翔先生,1974年出生,硕士。曾在太平洋人寿江西分公司担任机关党委书记、党委组织部部长、人力资源部经理等职。自2008年3月起担任深圳市国晟能源投资发展有限公司副总经理。",男,supervisoryCommittee,,1,2018-02-14T00:00:00.000Z,0,0,*ST中华A,监事会召集人,2021-01-21T01:03:28.550Z,曾在太平洋人寿江西分公司担任机关党委书记、党委组织部部长、人力资源部经理等职,曾在太平洋人寿江西分公司担任机关党委书记,机关党委,14,18,书记,18,20,0,太平洋人寿江西分公司,company,2,12
5f656e54ade9005a1ec9da53,孟晓贤,000019,0,48,2020-09-19T02:35:00.074Z,硕士,"孟晓贤先生:1972年出生,中国国籍,硕士研究生。历任深圳市团校干部;共青团深圳市委员会学少部科员、联络部副主任科员、联络部主任科员、办公室主任科员、组织与宣传部副部长、办公室主任、社区与权益部部长;深圳市坪山新区公共事业局副局长、规划土地监察局局长;中共深圳市坪山新区坪山工作委员会副书记、坪山办事处主任;中共深圳市坪山新区马峦工作委员会书记兼马峦办事处主任;中共深圳市坪山区马峦街道工作委员会书记兼马峦街道办事处主任。现任中共深圳市坪山区马峦街道工作委员会书记。",男,manager,,,2019-09-12T00:00:00.000Z,140900,0,深粮控股,副总经理,2020-12-21T04:12:30.150Z,共青团深圳市委员会学少部科员、联络部副主任科员、联络部主任科员、办公室主任科员、组织与宣传部副部长、办公室主任、社区与权益部部长,共青团深圳市委员会学少部科员,市委,5,7,员,13,14,6,共青团深圳市委员会学少部,other,0,12
5f656e5aade9005a1ec9db82,周剑,000021,0,48,2020-09-19T02:35:06.253Z,硕士,"周剑先生,48岁,中国国籍,毕业于中国人民大学法学院国际经济法专业,法学硕士。现任深圳长城开发科技股份有限公司党委书记、副董事长。历任深圳市桑达实业股份有限公司董事长,珠海南方软件园发展有限公司董事长,深圳市兴业有限公司董事长,中国中电国际信息服务有限公司副总经理、总经理,深圳桑达电子集团有限公司董事、总经理,中国电子信息产业集团有限公司商贸板块业务整合筹备组成员,中国电子信息产业集团有限公司办公厅主任兼综合研究室主任,中国电子信息产业集团有限公司董事会办公室主任兼代理办公厅主任,中国电子产业工程公司办公室主任,中国电子信息产业集团公司办公室法律事务室主任。2019年4月首次担任深圳长城开发科技股份有限公司董事、副董事长。",男,board,,1,2020-01-09T00:00:00.000Z,1621000,0,深科技,"董事长,董事",2021-01-21T01:03:28.644Z,现任深圳长城开发科技股份有限公司党委书记、副董事长,现任深圳长城开发科技股份有限公司党委书记,党委,16,18,书记,18,20,0,深圳长城开发科技股份有限公司,company,2,16
5f656ec0ade9005a1ec9f808,付德斌,000050,0,43,2020-09-19T02:36:48.301Z,博士,"付德斌,男,1977年2月出生,,中国国籍,无境外永久居留权,北京航空航天大学工学硕士与工学博士。现任天马微电子股份有限公司董事,中国航空技术国际控股有限公司人力资源部部长,飞亚达(集团)股份有限公司董事,深南电路股份有限公司董事。曾任中国航空技术国际控股有限公司行政管理部部长、经理部副部长,北京航空航天大学党政办公室副主任、动力学院党总支副书记,北京航空航天大学动力学院学生工作负责人、动力学院党总支副书记、党政办公室副主任,中航国际经理部副部长、行政管理部部长。",男,board,,1,2019-07-09T00:00:00.000Z,0,0,深天马Ａ,董事,2021-01-21T01:03:29.782Z,北京航空航天大学党政办公室副主任、动力学院党总支副书记,北京航空航天大学党政办公室副主任,党政办,8,11,主任,14,16,3,北京航空航天大学,other,0,8
5f656ee3ade9005a1eca01ab,徐宁,000061,0,55,2020-09-19T02:37:23.727Z,本科,"徐宁先生,1965年4月出生,本科学历,法律学专业。历任江西省人民检察院反贪局科员级书记员、副科级助理检察员,深圳市人民检察院副主任科员、主任科员、监察员,深圳市福田区纪委监察综合室主任、主任科员,深圳市福田区纪委常委、监察局副局长,深圳市福田区香蜜湖街道党工委副书记、纪工委书记,深圳市福田区莲花街道党工委委员、副书记、纪工委委员、书记,深圳市人民政府国有资产监督管理委员会、深圳市国有资产监督管理局信访室正处级调研员,深圳赛格股份有限公司监事会主席,深圳市赛格集团有限公司董事、党委副书记、纪委书记,深圳市盐田港集团有限公司党委委员、纪委书记、监事会主席,现任深圳市农产品集团股份有限公司副总裁。",男,manager,,1,2020-08-29T00:00:00.000Z,0,0,农 产 品,副总裁,2021-01-21T01:03:30.664Z,深圳市福田区纪委监察综合室主任、主任科员,深圳市福田区纪委监察综合室主任,纪委,6,8,主任,13,15,5,深圳市福田区纪委,other,0,8
5f656ee3ade9005a1eca01ab,徐宁,000061,0,55,2020-09-19T02:37:23.727Z,本科,"徐宁先生,1965年4月出生,本科学历,法律学专业。历任江西省人民检察院反贪局科员级书记员、副科级助理检察员,深圳市人民检察院副主任科员、主任科员、监察员,深圳市福田区纪委监察综合室主任、主任科员,深圳市福田区纪委常委、监察局副局长,深圳市福田区香蜜湖街道党工委副书记、纪工委书记,深圳市福田区莲花街道党工委委员、副书记、纪工委委员、书记,深圳市人民政府国有资产监督管理委员会、深圳市国有资产监督管理局信访室正处级调研员,深圳赛格股份有限公司监事会主席,深圳市赛格集团有限公司董事、党委副书记、纪委书记,深圳市盐田港集团有限公司党委委员、纪委书记、监事会主席,现任深圳市农产品集团股份有限公司副总裁。",男,manager,,1,2020-08-29T00:00:00.000Z,0,0,农 产 品,副总裁,2021-01-21T01:03:30.664Z,深圳市福田区纪委常委、监察局副局长,深圳市福田区纪委常委,纪委,6,8,常委,8,10,0,深圳市福田区纪委,other,0,8
5f656ee3ade9005a1eca01ab,徐宁,000061,0,55,2020-09-19T02:37:23.727Z,本科,"徐宁先生,1965年4月出生,本科学历,法律学专业。历任江西省人民检察院反贪局科员级书记员、副科级助理检察员,深圳市人民检察院副主任科员、主任科员、监察员,深圳市福田区纪委监察综合室主任、主任科员,深圳市福田区纪委常委、监察局副局长,深圳市福田区香蜜湖街道党工委副书记、纪工委书记,深圳市福田区莲花街道党工委委员、副书记、纪工委委员、书记,深圳市人民政府国有资产监督管理委员会、深圳市国有资产监督管理局信访室正处级调研员,深圳赛格股份有限公司监事会主席,深圳市赛格集团有限公司董事、党委副书记、纪委书记,深圳市盐田港集团有限公司党委委员、纪委书记、监事会主席,现任深圳市农产品集团股份有限公司副总裁。",男,manager,,1,2020-08-29T00:00:00.000Z,0,0,农 产 品,副总裁,2021-01-21T01:03:30.664Z,深圳市福田区香蜜湖街道党工委副书记、纪工委书记,深圳市福田区香蜜湖街道党工委副书记,党工委,11,14,书记,15,17,1,深圳市福田区香蜜湖街道党工委,other,0,14
5f656ee3ade9005a1eca01ab,徐宁,000061,0,55,2020-09-19T02:37:23.727Z,本科,"徐宁先生,1965年4月出生,本科学历,法律学专业。历任江西省人民检察院反贪局科员级书记员、副科级助理检察员,深圳市人民检察院副主任科员、主任科员、监察员,深圳市福田区纪委监察综合室主任、主任科员,深圳市福田区纪委常委、监察局副局长,深圳市福田区香蜜湖街道党工委副书记、纪工委书记,深圳市福田区莲花街道党工委委员、副书记、纪工委委员、书记,深圳市人民政府国有资产监督管理委员会、深圳市国有资产监督管理局信访室正处级调研员,深圳赛格股份有限公司监事会主席,深圳市赛格集团有限公司董事、党委副书记、纪委书记,深圳市盐田港集团有限公司党委委员、纪委书记、监事会主席,现任深圳市农产品集团股份有限公司副总裁。",男,manager,,1,2020-08-29T00:00:00.000Z,0,0,农 产 品,副总裁,2021-01-21T01:03:30.664Z,深圳市福田区莲花街道党工委委员、副书记、纪工委委员、书记,深圳市福田区莲花街道党工委委员,党工委,10,13,委员,13,15,0,深圳市福田区莲花街道党工委,other,0,13
5f656ee3ade9005a1eca01ab,徐宁,000061,0,55,2020-09-19T02:37:23.727Z,本科,"徐宁先生,1965年4月出生,本科学历,法律学专业。历任江西省人民检察院反贪局科员级书记员、副科级助理检察员,深圳市人民检察院副主任科员、主任科员、监察员,深圳市福田区纪委监察综合室主任、主任科员,深圳市福田区纪委常委、监察局副局长,深圳市福田区香蜜湖街道党工委副书记、纪工委书记,深圳市福田区莲花街道党工委委员、副书记、纪工委委员、书记,深圳市人民政府国有资产监督管理委员会、深圳市国有资产监督管理局信访室正处级调研员,深圳赛格股份有限公司监事会主席,深圳市赛格集团有限公司董事、党委副书记、纪委书记,深圳市盐田港集团有限公司党委委员、纪委书记、监事会主席,现任深圳市农产品集团股份有限公司副总裁。",男,manager,,1,2020-08-29T00:00:00.000Z,0,0,农 产 品,副总裁,2021-01-21T01:03:30.664Z,深圳市盐田港集团有限公司党委委员、纪委书记、监事会主席,深圳市盐田港集团有限公司党委委员,党委,12,14,委员,14,16,0,深圳市盐田港集团有限公司,company,0,12
5f656e96ade9005a1ec9ec0a,黄庆,000037,0,49,2020-09-19T02:36:06.575Z,硕士,"黄庆先生,1971年生,*,研究生学历,武汉大学投资经济专业毕业,管理学硕士,中国国籍,无境外永久居留权。1995年参加工作,历任山西省人民政府驻广州办事处党组成员、副主任,山西省人民政府办公厅、国家文化部、湖南省人民政府办公厅、深圳市人民政府办公厅处级干部等职。现任深圳市资本运营集团有限公司(原深圳市远致投资有限公司)副总经理、深圳市建筑科学研究院股份有限公司董事。同时担任广州纳斯威尔信息技术有限公司董事长,深圳市环水投资(集团)有限公司副董事长,深圳市能源集团有限公司、深圳南山热电股份有限公司、雄安绿研智库有限公司、深圳市高新投集团有限公司、深业投资发展有限公司、华润深国投投资有限公司、深圳润信股权投资基金管理有限公司等公司董事,深圳市亿鑫投资有限公司监事等职。",男,board,,1,2019-06-04T00:00:00.000Z,0,0,深南电A,董事,2020-12-21T04:13:54.058Z,历任山西省人民政府驻广州办事处党组成员、副主任,历任山西省人民政府驻广州办事处党组成员,党组,15,17,成员,17,19,0,山西省人民政府驻广州办事处,other,2,15
5f656edbade9005a1ec9ff76,郑金华,000060,0,52,2020-09-19T02:37:15.611Z,硕士,"郑金华:男,汉族,1968年4月出生,*,中国国籍,无境外居留权;本科学历,MBA,高级工程师。曾任韶关冶炼厂厂长,深圳市中金岭南有色金属股份有限公司总裁助理兼韶关冶炼厂厂长,总裁助理兼贸易事业部部长、职工监事,现任深圳市中金岭南有色金属股份有限公司党委委员、副总裁,兼任中金岭南(中国香港)矿业有限公司董事长、深业有色金属有限公司董事长、广州市南沙区中金岭南国际贸易有限公司执行董事、澳大利亚佩利雅公司董事。",男,manager,,1,2020-04-30T00:00:00.000Z,2103000,60000,中金岭南,副总裁,2020-12-21T04:15:03.934Z,现任深圳市中金岭南有色金属股份有限公司党委委员、副总裁,现任深圳市中金岭南有色金属股份有限公司党委委员,党委,19,21,委员,21,23,0,深圳市中金岭南有色金属股份有限公司,company,2,19
5f656ec0ade9005a1ec9f851,檀庄龙,000050,0,53,2020-09-19T02:36:48.912Z,本科,"檀庄龙先生,1967年3月出生,中国国籍,无境外永久居留权,本科学历。历任福建省经委体改处科员、副主任科员、主任科员、企业处主任科员、处长助理、助理调研员、培训与职称处副处长、企业管理处副处长、福建省厦门市经济发展局企业处处长兼市中小企业管理办公室主任、福建省厦门市政府国有资产监督管理委员会企业改革处处长、副局级稽查专员、市属国有企业监事会主席、市纪委国资监管工委委员、福建省厦门市政府办公厅副主任、副秘书长、办公厅党组成员。现任厦门金圆投资集团有限公司党委书记、董事长,兼任厦门金圆金控股份有限公司董事长、总经理等职务。天马微电子股份有限公司第七届董事会董事。",男,supervisoryCommittee,,1,2019-07-09T00:00:00.000Z,0,0,深天马Ａ,监事,2021-01-21T01:03:31.438Z,历任福建省经委体改处科员、副主任科员、主任科员、企业处主任科员、处长助理、助理调研员、培训与职称处副处长、企业管理处副处长、福建省厦门市经济发展局企业处处长兼市中小企业管理办公室主任、福建省厦门市政府国有资产监督管理委员会企业改革处处长、副局级稽查专员、市属国有企业监事会主席、市纪委国资监管工委委员、福建省厦门市政府办公厅副主任、副秘书长、办公厅党组成员,市纪委国资监管工委委员,纪委,1,3,委员,9,11,6,市纪委,other,0,3
5f656ec0ade9005a1ec9f851,檀庄龙,000050,0,53,2020-09-19T02:36:48.912Z,本科,"檀庄龙先生,1967年3月出生,中国国籍,无境外永久居留权,本科学历。历任福建省经委体改处科员、副主任科员、主任科员、企业处主任科员、处长助理、助理调研员、培训与职称处副处长、企业管理处副处长、福建省厦门市经济发展局企业处处长兼市中小企业管理办公室主任、福建省厦门市政府国有资产监督管理委员会企业改革处处长、副局级稽查专员、市属国有企业监事会主席、市纪委国资监管工委委员、福建省厦门市政府办公厅副主任、副秘书长、办公厅党组成员。现任厦门金圆投资集团有限公司党委书记、董事长,兼任厦门金圆金控股份有限公司董事长、总经理等职务。天马微电子股份有限公司第七届董事会董事。",男,supervisoryCommittee,,1,2019-07-09T00:00:00.000Z,0,0,深天马Ａ,监事,2021-01-21T01:03:31.438Z,现任厦门金圆投资集团有限公司党委书记、董事长,现任厦门金圆投资集团有限公司党委书记,党委,14,16,书记,16,18,0,厦门金圆投资集团有限公司,company,2,14
5f656ee2ade9005a1eca0089,黄守岩,000061,0,70,2020-09-19T02:37:22.706Z,硕士,"黄守岩先生,1950年10月出生,研究生学历,工商管理专业,经济师。历任深圳发展银行支行行长、业务部总经理、行长助理、工会主席。现任富德生命人寿保险股份有限公司监事会主席,富德保险控股股份有限公司党委书记、监事,公司第七届董事会董事。",男,board,,1,2017-04-13T00:00:00.000Z,0,0,农 产 品,董事,2021-01-21T01:03:31.522Z,富德保险控股股份有限公司党委书记、监事,富德保险控股股份有限公司党委书记,党委,12,14,书记,14,16,0,富德保险控股股份有限公司,company,0,12
5f656ee2ade9005a1eca009d,陈穗生,000061,0,53,2020-09-19T02:37:22.804Z,本科,"陈穗生先生,1967年7月出生,本科学历,经济管理专业,政工师。曾任广东铁青国际旅行社有限责任公司党委书记、副总经理、广州铁路(集团)公司羊城铁路实业发展总公司总经理、党委副书记兼广州庆达运输有限公司、广州铁城实业有限公司董事长;2017年12月至今担任广东羊城铁路实业有限公司党委书记、董事长兼广州庆达运输有限公司、广州铁城实业有限公司董事长。",男,board,,1,2018-08-23T00:00:00.000Z,0,0,农 产 品,董事,2021-01-21T01:03:31.773Z,曾任广东铁青国际旅行社有限责任公司党委书记、副总经理、广州铁路(集团)公司羊城铁路实业发展总公司总经理、党委副书记兼广州庆达运输有限公司、广州铁城实业有限公司董事长,曾任广东铁青国际旅行社有限责任公司党委书记,党委,17,19,书记,19,21,0,广东铁青国际旅行社有限责任公司,company,2,17
5f656ee2ade9005a1eca009d,陈穗生,000061,0,53,2020-09-19T02:37:22.804Z,本科,"陈穗生先生,1967年7月出生,本科学历,经济管理专业,政工师。曾任广东铁青国际旅行社有限责任公司党委书记、副总经理、广州铁路(集团)公司羊城铁路实业发展总公司总经理、党委副书记兼广州庆达运输有限公司、广州铁城实业有限公司董事长;2017年12月至今担任广东羊城铁路实业有限公司党委书记、董事长兼广州庆达运输有限公司、广州铁城实业有限公司董事长。",男,board,,1,2018-08-23T00:00:00.000Z,0,0,农 产 品,董事,2021-01-21T01:03:31.773Z,2017年12月至今担任广东羊城铁路实业有限公司党委书记、董事长兼广州庆达运输有限公司、广州铁城实业有限公司董事长,2017年12月至今担任广东羊城铁路实业有限公司党委书记,党委,24,26,书记,26,28,0,广东羊城铁路实业有限公司,company,9,21
5f656eaeade9005a1ec9f37d,臧炜,000046,0,,2020-09-19T02:36:30.290Z,硕士,"臧炜先生,工商管理硕士,高级经济师职称。历任中国太平洋保险公司潍坊分公司总经理助理、副总经理、党委副书记、党委书记、总经理,中国太平洋财产保险股份有限公司山东分公司党委书记、总经理、纪委书记,中国太平洋财产保险股份有限公司北京分公司党委书记、总经理,中国太平洋财产保险股份有限公司副总经理,泛海控股股份有限公司第八届监事会监事等。现任中国泛海控股集团有限公司监事,泛海控股股份有限公司第九届监事会股东代表监事,武汉中央商务区股份有限公司董事,亚太财产保险有限公司董事长。",男,board,,1,2020-05-21T00:00:00.000Z,4004000,0,泛海控股,董事,2021-01-21T01:03:32.268Z,中国太平洋财产保险股份有限公司山东分公司党委书记、总经理、纪委书记,中国太平洋财产保险股份有限公司山东分公司党委书记,党委,20,22,书记,22,24,0,中国太平洋财产保险股份有限公司山东分公司,company,0,20
5f656eaeade9005a1ec9f37d,臧炜,000046,0,,2020-09-19T02:36:30.290Z,硕士,"臧炜先生,工商管理硕士,高级经济师职称。历任中国太平洋保险公司潍坊分公司总经理助理、副总经理、党委副书记、党委书记、总经理,中国太平洋财产保险股份有限公司山东分公司党委书记、总经理、纪委书记,中国太平洋财产保险股份有限公司北京分公司党委书记、总经理,中国太平洋财产保险股份有限公司副总经理,泛海控股股份有限公司第八届监事会监事等。现任中国泛海控股集团有限公司监事,泛海控股股份有限公司第九届监事会股东代表监事,武汉中央商务区股份有限公司董事,亚太财产保险有限公司董事长。",男,board,,1,2020-05-21T00:00:00.000Z,4004000,0,泛海控股,董事,2021-01-21T01:03:32.268Z,中国太平洋财产保险股份有限公司北京分公司党委书记、总经理,中国太平洋财产保险股份有限公司北京分公司党委书记,党委,20,22,书记,22,24,0,中国太平洋财产保险股份有限公司北京分公司,company,0,20
5f656ee3ade9005a1eca013b,叶琴,000061,0,39,2020-09-19T02:37:23.449Z,硕士,"叶琴女士,汉族,1981年2月出生,硕士研究生,发展与教育心理学专业,*。曾任上海祥阳勘测设计有限公司质检科质检专员、公司党群工作部企业文化专员、部长助理、高级党工经理、党工部副部长;现任深圳市农产品集团股份有限公司党委办公室(党群工作部)副主任。",女,supervisoryCommittee,,1,2019-08-23T00:00:00.000Z,415800,1000,农 产 品,职工监事,2020-12-21T04:15:07.415Z,曾任上海祥阳勘测设计有限公司质检科质检专员、公司党群工作部企业文化专员、部长助理、高级党工经理、党工部副部长,公司党群工作部企业文化专员,党群工作部,2,7,员,12,13,5,公司党群工作部,company,0,7
5f656ee3ade9005a1eca013b,叶琴,000061,0,39,2020-09-19T02:37:23.449Z,硕士,"叶琴女士,汉族,1981年2月出生,硕士研究生,发展与教育心理学专业,*。曾任上海祥阳勘测设计有限公司质检科质检专员、公司党群工作部企业文化专员、部长助理、高级党工经理、党工部副部长;现任深圳市农产品集团股份有限公司党委办公室(党群工作部)副主任。",女,supervisoryCommittee,,1,2019-08-23T00:00:00.000Z,415800,1000,农 产 品,职工监事,2020-12-21T04:15:07.415Z,现任深圳市农产品集团股份有限公司党委办公室(党群工作部)副主任,现任深圳市农产品集团股份有限公司党委办公室(党群工作部)副主任,党群工作部,22,27,主任,29,31,2,深圳市农产品集团股份有限公司,company,2,16
5f656ee3ade9005a1eca013b,叶琴,000061,0,39,2020-09-19T02:37:23.449Z,硕士,"叶琴女士,汉族,1981年2月出生,硕士研究生,发展与教育心理学专业,*。曾任上海祥阳勘测设计有限公司质检科质检专员、公司党群工作部企业文化专员、部长助理、高级党工经理、党工部副部长;现任深圳市农产品集团股份有限公司党委办公室(党群工作部)副主任。",女,supervisoryCommittee,,1,2019-08-23T00:00:00.000Z,415800,1000,农 产 品,职工监事,2020-12-21T04:15:07.415Z,现任深圳市农产品集团股份有限公司党委办公室(党群工作部)副主任,现任深圳市农产品集团股份有限公司党委办公室(党群工作部)副主任,党群工作部,22,27,主任,29,31,2,党群工作部,other,21.5,26.5
5f656e93ade9005a1ec9eaf7,丁跃,000036,0,62,2020-09-19T02:36:03.200Z,本科,"丁跃:男,1958年3月出生,大学学历,高级经济师。曾任纺织工业部人事劳动司副处长,纺织总会人事劳动部处长,纺织总会人事劳动部副主任、兼任纺织总会人才交流培训中心主任,华联发展集团有限公司党委副书记、纪委书记、副总裁,深圳中冠纺织印染股份有限公司副董事长,华联控股股份有限公司董事长、监事会主席等职。1998年8月至今,任华联发展集团有限公司副总裁;2008年4月至2015年10月,任深圳中冠纺织印染股份有限公司副董事长;2001年6月至2004年6月,任华联控股股份有限公司董事长;2004年6月至2013年6月,任华联控股股份有限公司监事会召集人;2013年6月至今,任华联控股股份有限公司副董事长。",男,board,,1,2019-06-12T00:00:00.000Z,120000,1351000,华联控股,"董事长,董事",2021-01-21T01:03:32.458Z,华联发展集团有限公司党委副书记、纪委书记、副总裁,华联发展集团有限公司党委副书记,党委,10,12,书记,13,15,1,华联发展集团有限公司党委,company,0,12
5f656e9aade9005a1ec9ed43,张贞齐,000038,0,56,2020-09-19T02:36:09.974Z,博士,"张贞齐,男,1964年生,研究生学历,管理学博士,研究员,青岛大学硕士生导师。曾任青岛大学研究生处副处长、青岛大学机电工程学院党总支书记、青岛大学科技处处长。现任山东青大教育集团理事长、青岛大学教育集团总经理。",男,board,,1,2019-12-19T00:00:00.000Z,5800,0,深大通,独立董事,2021-01-21T01:03:32.541Z,曾任青岛大学研究生处副处长、青岛大学机电工程学院党总支书记、青岛大学科技处处长,青岛大学机电工程学院党总支书记,党总支,10,13,书记,13,15,0,青岛大学机电工程学院,other,0,10
5f656eaeade9005a1ec9f35d,张博,000046,0,46,2020-09-19T02:36:30.149Z,硕士,"张博先生,工商管理硕士,在读博士,经济师职称。历任中国银行侯马市支行副行长,中国民生银行太原分行风险管理部副总经理、公司银行营销委员会秘书长兼公司银行部总经理、公司银行部融资理财处负责人,中国民生银行长沙分行筹备组副组长,民生金融租赁股份有限公司党委委员、风险总监、副总裁兼飞机租赁事业部总裁,泛海控股股份有限公司第八届董事会董事等。现任泛海控股股份有限公司第九届董事会董事,中国民生信托有限公司副董事长、总裁,亚太财产保险有限公司董事,民生证券股份有限公司董事,中国通海国际金融有限公司执行董事、执行委员会主席,中国民生银行股份有限公司监事,武汉中央商务区股份有限公司董事。",男,manager,,1,2020-05-21T00:00:00.000Z,6829000,0,泛海控股,总裁,2021-01-21T01:03:32.622Z,民生金融租赁股份有限公司党委委员、风险总监、副总裁兼飞机租赁事业部总裁,民生金融租赁股份有限公司党委委员,党委,12,14,委员,14,16,0,民生金融租赁股份有限公司,company,0,12
5f656ed0ade9005a1ec9fc0b,赵晓建,000058,0,47,2020-09-19T02:37:04.819Z,本科,"赵晓建,男,1973年出生,北京航空航天大学流体传动与控制专业。现任深圳赛格集团有限公司党委副书记,深圳华控赛格股份有限公司副董事长,深圳赛格晶端显示器件有限公司董事长,深圳深爱半导体股份有限公司监事会主席,深圳赛格高技术投资股份有限公司监事会主席,深圳市赛格新产业发展有限公司董事。历任深圳赛格日立彩显有限公司团委书记、总秘、党办副主任,深圳市赛格集团有限公司办公室业务助理,深圳赛格股份有限公司市场部部长助理、企划部部长助理、办公室副主任、主任、物业经营部部长,深圳市赛格集团有限公司纪委副书记、工委会副主席、党群工作部部长。",男,board,,1,2019-10-11T00:00:00.000Z,0,0,深 赛 格,董事,2021-01-21T01:03:32.972Z,现任深圳赛格集团有限公司党委副书记,现任深圳赛格集团有限公司党委副书记,党委,12,14,书记,15,17,1,深圳赛格集团有限公司,company,2,12
5f656ed0ade9005a1ec9fc0b,赵晓建,000058,0,47,2020-09-19T02:37:04.819Z,本科,"赵晓建,男,1973年出生,北京航空航天大学流体传动与控制专业。现任深圳赛格集团有限公司党委副书记,深圳华控赛格股份有限公司副董事长,深圳赛格晶端显示器件有限公司董事长,深圳深爱半导体股份有限公司监事会主席,深圳赛格高技术投资股份有限公司监事会主席,深圳市赛格新产业发展有限公司董事。历任深圳赛格日立彩显有限公司团委书记、总秘、党办副主任,深圳市赛格集团有限公司办公室业务助理,深圳赛格股份有限公司市场部部长助理、企划部部长助理、办公室副主任、主任、物业经营部部长,深圳市赛格集团有限公司纪委副书记、工委会副主席、党群工作部部长。",男,board,,1,2019-10-11T00:00:00.000Z,0,0,深 赛 格,董事,2021-01-21T01:03:32.972Z,历任深圳赛格日立彩显有限公司团委书记、总秘、党办副主任,历任深圳赛格日立彩显有限公司团委书记,团委,14,16,书记,16,18,0,深圳赛格日立彩显有限公司,company,2,14
5f656ed0ade9005a1ec9fc0b,赵晓建,000058,0,47,2020-09-19T02:37:04.819Z,本科,"赵晓建,男,1973年出生,北京航空航天大学流体传动与控制专业。现任深圳赛格集团有限公司党委副书记,深圳华控赛格股份有限公司副董事长,深圳赛格晶端显示器件有限公司董事长,深圳深爱半导体股份有限公司监事会主席,深圳赛格高技术投资股份有限公司监事会主席,深圳市赛格新产业发展有限公司董事。历任深圳赛格日立彩显有限公司团委书记、总秘、党办副主任,深圳市赛格集团有限公司办公室业务助理,深圳赛格股份有限公司市场部部长助理、企划部部长助理、办公室副主任、主任、物业经营部部长,深圳市赛格集团有限公司纪委副书记、工委会副主席、党群工作部部长。",男,board,,1,2019-10-11T00:00:00.000Z,0,0,深 赛 格,董事,2021-01-21T01:03:32.972Z,深圳市赛格集团有限公司纪委副书记、工委会副主席、党群工作部部长,深圳市赛格集团有限公司纪委副书记,纪委,11,13,书记,14,16,1,深圳市赛格集团有限公司,company,0,11
5f656ea5ade9005a1ec9f0c9,谭华森,000042,0,58,2020-09-19T02:36:21.771Z,硕士,"谭华森,男,1962年出生,广东省委党校经济学研究生,高级经济师。1987年3月起参与筹备深圳发展银行,历任总行会计部副主任、上步支行行长、深圳发展银行房地产公司总经理、总行理财业务部副总经理、深圳管理二部总经理、深圳管理部总经理(深圳分行行长)等职务;2006年10月起历任中信深圳集团公司总经理助理、副总经理;2007年4月起任中信(深圳)惠州控股公司董事长、中信惠州城建总经理等职务;2009年10月至2011年3月任深圳市中洲投资控股股份有限公司常务副总经理;2011年4月至2012年5月任深圳市中洲投资控股股份有限公司总经理;2011年4月至今任深圳市中洲投资控股股份有限公司董事;2014年1月起任深圳市中洲投资控股股份有限公司副董事长。",男,board,,1,2020-10-29T00:00:00.000Z,3123000,556400,中洲控股,"副董事长,董事",2021-01-21T01:03:33.139Z,广东省委党校经济学研究生,广东省委党校经济学研究生,党校,4,6,研究生,9,12,3,广东省委党校,other,0,6
5f656ea5ade9005a1ec9f0c9,谭华森,000042,0,58,2020-09-19T02:36:21.771Z,硕士,"谭华森,男,1962年出生,广东省委党校经济学研究生,高级经济师。1987年3月起参与筹备深圳发展银行,历任总行会计部副主任、上步支行行长、深圳发展银行房地产公司总经理、总行理财业务部副总经理、深圳管理二部总经理、深圳管理部总经理(深圳分行行长)等职务;2006年10月起历任中信深圳集团公司总经理助理、副总经理;2007年4月起任中信(深圳)惠州控股公司董事长、中信惠州城建总经理等职务;2009年10月至2011年3月任深圳市中洲投资控股股份有限公司常务副总经理;2011年4月至2012年5月任深圳市中洲投资控股股份有限公司总经理;2011年4月至今任深圳市中洲投资控股股份有限公司董事;2014年1月起任深圳市中洲投资控股股份有限公司副董事长。",男,board,,1,2020-10-29T00:00:00.000Z,3123000,556400,中洲控股,"副董事长,董事",2021-01-21T01:03:33.139Z,广东省委党校经济学研究生,广东省委党校经济学研究生,省委,2,4,研究生,9,12,5,广东省委党校,other,0,6
5f656edbade9005a1ec9ff6c,薛泽彬,000060,0,35,2020-09-19T02:37:15.560Z,本科,"薛泽彬:男,汉族,1985年5月出生,广东潮州人,*,本科学历,双学士学位。2008年8月参加工作,历任中共广东省委办公厅综合一处科员、副主任科员;广东省广晟资产经营有限公司综合部(办公室)高级主管;深圳市中金岭南有色金属股份有限公司证券部副总经理、资本运营部副总经理。现任深圳市中金岭南有色金属股份有限公司资本运营部副总经理。",男,manager,,1,2018-08-15T00:00:00.000Z,990800,0,中金岭南,董事局秘书,2020-09-19T02:37:15.560Z,历任中共广东省委办公厅综合一处科员、副主任科员,历任中共广东省委办公厅综合一处科员,省委,6,8,员,16,17,8,广东省委办公厅,other,4,11
5f656ed1ade9005a1ec9fc43,张宇杰,000058,0,57,2020-09-19T02:37:05.050Z,硕士,"张宇杰,男,1963年出生,硕士研究生,高级工程师。现任深圳赛格股份有限公司党委副书记、纪委书记、监事会主席,深圳华控赛格股份有限公司监事会主席,深圳市赛格康乐企业发展有限公司监事会主席,深圳市赛格宝华企业发展股份有限公司监事会主席,长沙赛格发展有限公司监事会主席。历任深圳市赛格光电子有限公司工程师、部门经理,深圳市赛格集团有限公司人事部业务助理、部长助理,深圳市赛格集团有限公司人力资源部副部长、部长。",男,supervisoryCommittee,,1,2019-10-11T00:00:00.000Z,615600,20000,深 赛 格,监事会主席,2021-01-21T01:03:33.539Z,现任深圳赛格股份有限公司党委副书记、纪委书记、监事会主席,现任深圳赛格股份有限公司党委副书记,党委,12,14,书记,15,17,1,深圳赛格股份有限公司,company,2,12
5f656ed5ade9005a1ec9fe25,郁春晓,000059,0,57,2020-09-19T02:37:09.591Z,本科,"郁春晓,男,1963年2月出生,*,大学工学学士,高级工程师。2003.05-2006.10任盘锦乙烯有限责任公司副总经理;2006.10-2011.11任盘锦乙烯有限责任公司总经理;2011.11-2018.03任华锦股份副总工程师;2011.11-2017.05任公司乙烯一分公司总经理;2014.01-2017.05任公司乙烯一分公司党委书记、纪委书记、工会主席;2017.05-2018.03任公司乙烯分公司总经理;2017.05至今任北方华锦化学工业股份有限公司乙烯分公司党委副书记。",男,manager,,1,2018-05-08T00:00:00.000Z,876700,0,华锦股份,副总经理,2020-12-21T04:15:00.266Z,2017.05至今任北方华锦化学工业股份有限公司乙烯分公司党委副书记,2017.05至今任北方华锦化学工业股份有限公司乙烯分公司党委副书记,党委,29,31,书记,32,34,1,北方华锦化学工业股份有限公司,company,6.5,20.5
5f656ee2ade9005a1eca0069,黄明,000061,0,58,2020-09-19T02:37:22.493Z,本科,"黄明先生,1962年5月出生,本科学历,行政管理、经济学专业,曾任深圳市粮食集团有限公司董事、总经理、党委副书记。现任深圳市农产品股份有限公司党委副书记。",男,manager,,1,2018-06-22T00:00:00.000Z,955500,0,农 产 品,总裁,2021-01-21T01:03:33.701Z,现任深圳市农产品股份有限公司党委副书记,现任深圳市农产品股份有限公司党委副书记,党委,14,16,书记,17,19,1,深圳市农产品股份有限公司,company,2,14
5f656ee2ade9005a1eca0093,台冰,000061,0,55,2020-09-19T02:37:22.758Z,博士,"台冰先生,1965年8月出生,研究生学历,管理学博士,管理科学与工程专业。曾任广东明瑞(集团)股份有限公司职员,深圳市龙岗区委(府)新闻信息科科长,深圳市委正处级秘书,深圳市委督查室督查室副主任。现任深圳市农产品股份有限公司党委副书记。",男,board,,1,2017-04-13T00:00:00.000Z,940700,0,农 产 品,董事,2021-01-21T01:03:34.024Z,深圳市龙岗区委(府)新闻信息科科长,深圳市龙岗区委(府)新闻信息科科长,区委,5,7,科长,15,17,8,深圳市龙岗区委,other,0,7
5f656ee2ade9005a1eca0093,台冰,000061,0,55,2020-09-19T02:37:22.758Z,博士,"台冰先生,1965年8月出生,研究生学历,管理学博士,管理科学与工程专业。曾任广东明瑞(集团)股份有限公司职员,深圳市龙岗区委(府)新闻信息科科长,深圳市委正处级秘书,深圳市委督查室督查室副主任。现任深圳市农产品股份有限公司党委副书记。",男,board,,1,2017-04-13T00:00:00.000Z,940700,0,农 产 品,董事,2021-01-21T01:03:34.024Z,深圳市委正处级秘书,深圳市委正处级秘书,市委,2,4,秘书,7,9,3,深圳市委,other,0,4
5f656ee2ade9005a1eca0093,台冰,000061,0,55,2020-09-19T02:37:22.758Z,博士,"台冰先生,1965年8月出生,研究生学历,管理学博士,管理科学与工程专业。曾任广东明瑞(集团)股份有限公司职员,深圳市龙岗区委(府)新闻信息科科长,深圳市委正处级秘书,深圳市委督查室督查室副主任。现任深圳市农产品股份有限公司党委副书记。",男,board,,1,2017-04-13T00:00:00.000Z,940700,0,农 产 品,董事,2021-01-21T01:03:34.024Z,深圳市委督查室督查室副主任,深圳市委督查室督查室副主任,市委,2,4,主任,11,13,7,深圳市委督查室督查室,other,0,10
5f656ee2ade9005a1eca0093,台冰,000061,0,55,2020-09-19T02:37:22.758Z,博士,"台冰先生,1965年8月出生,研究生学历,管理学博士,管理科学与工程专业。曾任广东明瑞(集团)股份有限公司职员,深圳市龙岗区委(府)新闻信息科科长,深圳市委正处级秘书,深圳市委督查室督查室副主任。现任深圳市农产品股份有限公司党委副书记。",男,board,,1,2017-04-13T00:00:00.000Z,940700,0,农 产 品,董事,2021-01-21T01:03:34.024Z,现任深圳市农产品股份有限公司党委副书记,现任深圳市农产品股份有限公司党委副书记,党委,14,16,书记,17,19,1,深圳市农产品股份有限公司,company,2,14
5f656ea9ade9005a1ec9f1e6,宁毛仔,000045,0,45,2020-09-19T02:36:25.126Z,本科,"宁毛仔,男,1975年出生,本科学历,高级政工师,*。历任深圳市国贸汽车实业有限公司办公室职员,深圳市物业发展(集团)股份有限公司党群办公室职员、主任科员、副主任,主任,兼任人力资源部副经理、经理;现任深圳市纺织(集团)股份有限公司党委副书记、纪委书记。",男,board,,1,2017-12-15T00:00:00.000Z,597500,73200,深纺织Ａ,董事,2020-12-21T04:14:10.925Z,深圳市物业发展(集团)股份有限公司党群办公室职员、主任科员、副主任,深圳市物业发展(集团)股份有限公司党群办公室职员,党群,17,19,员,23,24,4,深圳市物业发展(集团)股份有限公司,company,0,16
5f656ea9ade9005a1ec9f1e6,宁毛仔,000045,0,45,2020-09-19T02:36:25.126Z,本科,"宁毛仔,男,1975年出生,本科学历,高级政工师,*。历任深圳市国贸汽车实业有限公司办公室职员,深圳市物业发展(集团)股份有限公司党群办公室职员、主任科员、副主任,主任,兼任人力资源部副经理、经理;现任深圳市纺织(集团)股份有限公司党委副书记、纪委书记。",男,board,,1,2017-12-15T00:00:00.000Z,597500,73200,深纺织Ａ,董事,2020-12-21T04:14:10.925Z,现任深圳市纺织(集团)股份有限公司党委副书记、纪委书记,现任深圳市纺织(集团)股份有限公司党委副书记,党委,17,19,书记,20,22,1,深圳市纺织(集团)股份有限公司,company,2,16
5f656edbade9005a1ec9ff80,余中民,000060,0,48,2020-09-19T02:37:15.655Z,本科,"余中民:男,汉族,1972年9月出生,江西吉安人,*,本科学历,冶金工程师。1994年7月参加工作,历任北京有色金属研究总院院办秘书科科长;中国有色金属工业总公司总经理秘书;冶金工业部办公室部长办副部长秘书;国家冶金工业局办公室老部长局长秘书;国家冶金局办公室老部长办助理调研员;深圳市中金岭南有色金属股份有限公司党办副主任、企管部副经理、办公室副主任、主任兼外事办主任。现任深圳市中金岭南有色金属股份有限公司党委委员、副总裁。兼任深圳市中金岭南有色金属股份有限公司联营企业深圳市金州精工科技股份有限公司董事、联营企业北京安泰科信息股份有限公司董事。",男,manager,,1,2018-08-15T00:00:00.000Z,2709000,285000,中金岭南,副总裁,2020-12-21T04:15:03.977Z,深圳市中金岭南有色金属股份有限公司党办副主任、企管部副经理、办公室副主任、主任兼外事办主任,深圳市中金岭南有色金属股份有限公司党办副主任,党办,17,19,主任,20,22,1,深圳市中金岭南有色金属股份有限公司,company,0,17
5f656edbade9005a1ec9ff80,余中民,000060,0,48,2020-09-19T02:37:15.655Z,本科,"余中民:男,汉族,1972年9月出生,江西吉安人,*,本科学历,冶金工程师。1994年7月参加工作,历任北京有色金属研究总院院办秘书科科长;中国有色金属工业总公司总经理秘书;冶金工业部办公室部长办副部长秘书;国家冶金工业局办公室老部长局长秘书;国家冶金局办公室老部长办助理调研员;深圳市中金岭南有色金属股份有限公司党办副主任、企管部副经理、办公室副主任、主任兼外事办主任。现任深圳市中金岭南有色金属股份有限公司党委委员、副总裁。兼任深圳市中金岭南有色金属股份有限公司联营企业深圳市金州精工科技股份有限公司董事、联营企业北京安泰科信息股份有限公司董事。",男,manager,,1,2018-08-15T00:00:00.000Z,2709000,285000,中金岭南,副总裁,2020-12-21T04:15:03.977Z,现任深圳市中金岭南有色金属股份有限公司党委委员、副总裁,现任深圳市中金岭南有色金属股份有限公司党委委员,党委,19,21,委员,21,23,0,深圳市中金岭南有色金属股份有限公司,company,2,19
5f656eb2ade9005a1ec9f518,魏达志,000048,0,67,2020-09-19T02:36:34.872Z,本科,"魏达志先生,男,1953年出生,中国国籍,深圳大学经济学院教授、深大产业经济研究中心主任,现兼任广东省人民政府参事。1981年于复旦大学毕业后留校任教,从事中国思想文化史研究;1984年调入深圳市博物馆任特区部负责人;1986年调入深圳赛格集团担任董事长秘书兼信息公司助理经理;1993年获准享受国务院政府特殊津贴;1997年被中共深圳市委组织部确认为深圳市杰出专家,同年调入深圳大学任职;2000年获深圳市光彩事业理论贡献奖;2011年评为教授二级;2014年获国务院全国民族团结模范奖;2019年获中共中央、国务院、中央军委颁发的纪念中华人民共和国成立70周年纪念章。魏达志先生出版经济与艺术类著作32种,并在全国各地CSSCI、核心期刊与媒体理论版发表学术论文200余篇,多次获得各类学术与政府决策咨询奖,其研究方向为特区经济、产业经济、科技经济、艺术经济、深港合作、城市与区域经济。",男,board,,1,2020-09-18T00:00:00.000Z,0,0,京基智农,独立董事,2021-01-21T01:03:34.457Z,1997年被中共深圳市委组织部确认为深圳市杰出专家,1997年被中共深圳市委组织部确认为深圳市杰出专家,中共,6,8,专家,23,25,15,中共深圳市委,other,4,10
5f656eb2ade9005a1ec9f518,魏达志,000048,0,67,2020-09-19T02:36:34.872Z,本科,"魏达志先生,男,1953年出生,中国国籍,深圳大学经济学院教授、深大产业经济研究中心主任,现兼任广东省人民政府参事。1981年于复旦大学毕业后留校任教,从事中国思想文化史研究;1984年调入深圳市博物馆任特区部负责人;1986年调入深圳赛格集团担任董事长秘书兼信息公司助理经理;1993年获准享受国务院政府特殊津贴;1997年被中共深圳市委组织部确认为深圳市杰出专家,同年调入深圳大学任职;2000年获深圳市光彩事业理论贡献奖;2011年评为教授二级;2014年获国务院全国民族团结模范奖;2019年获中共中央、国务院、中央军委颁发的纪念中华人民共和国成立70周年纪念章。魏达志先生出版经济与艺术类著作32种,并在全国各地CSSCI、核心期刊与媒体理论版发表学术论文200余篇,多次获得各类学术与政府决策咨询奖,其研究方向为特区经济、产业经济、科技经济、艺术经济、深港合作、城市与区域经济。",男,board,,1,2020-09-18T00:00:00.000Z,0,0,京基智农,独立董事,2021-01-21T01:03:34.457Z,1997年被中共深圳市委组织部确认为深圳市杰出专家,1997年被中共深圳市委组织部确认为深圳市杰出专家,市委,10,12,专家,23,25,11,中共深圳市委,other,4,10
5f656ed5ade9005a1ec9fe47,康启发,000059,0,56,2020-09-19T02:37:09.683Z,博士,"康启发,男,1964年11月出生,*,博士研究生,工学博士,研究员级高级工程师。1990.05-1993.09任安徽地矿局工程师;1993.09-1996.09中国石油大学(北京)地球科学系煤田油气地质与勘探专业博士研究生学习;1996.09-2000.11任北方公司石油处工程师;2000.11-2001.04任绿洲石油有限责任公司副总经理;2001.04-2002.03任北方公司石油开发部副总经理;2002.03-2003.09任北方公司投资三部副总经理;2003.09-2011.03任振华石油控股有限公司副总经理(其间:2009.03-2011.02兼哈萨克斯坦KUAT公司董事长;2009.04-2011.02兼任哈萨克斯坦KAM公司总经理);2011.03-2014.06任振华石油控股有限公司副总经理(按照正职管理);2014.06-2018.03任振华石油控股有限公司党委书记、副总经理。",男,manager,,1,2018-05-08T00:00:00.000Z,754400,0,华锦股份,副总经理,2020-12-21T04:15:00.350Z,2014.06-2018.03任振华石油控股有限公司党委书记、副总经理,2014.06-2018.03任振华石油控股有限公司党委书记,党委,26,28,书记,28,30,0,振华石油控股有限公司,company,8.5,18.5
5f656e96ade9005a1ec9ec34,叶启良,000037,0,57,2020-09-19T02:36:06.753Z,大专,"叶启良先生:1963年出生,*,大专。1997年3月至1999年2月,在深圳市深南石油(集团)股份有限公司工作,任投资部文员;1999年2月至2009年6月,在深圳市广聚能源股份有限公司工作,先后任总经理办公室副主任,董事会秘书处副主任,证券事务代表;2012年7月至今任深圳市广聚能源股份有限公司工会委员;2009年7月至2016年3月,先后任深圳市南山石油有限公司副总经理、党总支委员;2016年4月至今任深圳南山热电股份有限公司党总支部书记、工会主席。",男,supervisoryCommittee,,1,2017-11-18T00:00:00.000Z,665000,0,深南电A,监事会主席,2020-12-21T04:13:54.236Z,2016年4月至今任深圳南山热电股份有限公司党总支部书记、工会主席,2016年4月至今任深圳南山热电股份有限公司党总支部书记,党总支,22,25,书记,26,28,1,深圳南山热电股份有限公司,company,7.5,19.5
5f656e96ade9005a1ec9ec34,叶启良,000037,0,57,2020-09-19T02:36:06.753Z,大专,"叶启良先生:1963年出生,*,大专。1997年3月至1999年2月,在深圳市深南石油(集团)股份有限公司工作,任投资部文员;1999年2月至2009年6月,在深圳市广聚能源股份有限公司工作,先后任总经理办公室副主任,董事会秘书处副主任,证券事务代表;2012年7月至今任深圳市广聚能源股份有限公司工会委员;2009年7月至2016年3月,先后任深圳市南山石油有限公司副总经理、党总支委员;2016年4月至今任深圳南山热电股份有限公司党总支部书记、工会主席。",男,supervisoryCommittee,,1,2017-11-18T00:00:00.000Z,665000,0,深南电A,监事会主席,2020-12-21T04:13:54.236Z,2016年4月至今任深圳南山热电股份有限公司党总支部书记、工会主席,2016年4月至今任深圳南山热电股份有限公司党总支部书记,支部,24,26,书记,26,28,0,深圳南山热电股份有限公司,company,7.5,19.5
5f656ea9ade9005a1ec9f26b,刘洪雷,000045,0,56,2020-09-19T02:36:25.657Z,本科,"刘洪雷,男,1964年出生,本科学历,高级工程师,*。历任中国乐凯胶片集团公司人事教育处处长,深圳市盛波光电科技有限公司董事、副总经理、总经理,深圳市纺织(集团)股份有限公司党群工作部部长、经营管理部经理,现任深圳市纺织(集团)股份有限公司副总经理,深圳市盛波光电科技有限公司董事。",男,manager,,1,2017-07-20T00:00:00.000Z,552400,76200,深纺织Ａ,副总经理,2020-12-21T04:14:11.473Z,深圳市纺织(集团)股份有限公司党群工作部部长、经营管理部经理,深圳市纺织(集团)股份有限公司党群工作部部长,党群工作部,15,20,部长,20,22,0,深圳市纺织(集团)股份有限公司党群工作部,company,0,19
5f656ee3ade9005a1eca01a1,郭大群,000061,0,43,2020-09-19T02:37:23.684Z,本科,"郭大群先生,1977年1月出生,本科学历,汽车销售工程专业,高级经济师。历任深圳市特区建设发展集团有限公司策划经营部部长,深圳市特区建发海洋产业发展有限公司党支部副书记、总经理,深圳市特区建设发展集团有限公司董事会秘书处主任、办公室主任、董事会秘书,现任深圳市农产品集团股份有限公司副总裁。",男,manager,,1,2020-08-29T00:00:00.000Z,0,0,农 产 品,副总裁,2021-01-21T01:03:35.115Z,深圳市特区建发海洋产业发展有限公司党支部副书记、总经理,深圳市特区建发海洋产业发展有限公司党支部副书记,党支部,17,20,书记,21,23,1,深圳市特区建发海洋产业发展有限公司党支部,company,0,20
5f656ea9ade9005a1ec9f210,何祚文,000045,0,58,2020-09-19T02:36:25.305Z,硕士,"何祚文先生,中国国籍,1962年10月出生,无境外永久居留权,工商管理硕士,会计学副教授,证券从业资格注册会计师,注册税务师。曾任长沙理工大学(原长沙电力学院)会计学副教授、教研室主任,深圳华鹏会计师事务所合伙人、副所长,立信会计师事务所合伙人;现任大华会计师事务所(特殊普通合伙)合伙人、深圳分所党总支书记,深圳市天业税务师事务所有限公司董事长;同时担任深圳市杰普特光电股份有限公司、深圳市纺织(集团)股份有限公司、深圳市易瑞生物股份有限公司和深圳市同益实业股份有限公司独立董事。主要社会职务有:广东省高级会计师评审委员会评委,中共深圳市社会组织纪律检查委员会委员,中共深圳市注册会计师行业委员会副书记兼纪委书记,深圳市注册税务师协会理事等。",男,board,,1,2017-07-20T00:00:00.000Z,110300,0,深纺织Ａ,独立董事,2021-01-21T01:03:35.444Z,中共深圳市注册会计师行业委员会副书记兼纪委书记,中共深圳市注册会计师行业委员会副书记兼纪委书记,纪委,19,21,书记,21,23,0,中共深圳市注册会计师行业委员会,other,0,15
5f656ea9ade9005a1ec9f238,张晓东,000045,0,45,2020-09-19T02:36:25.482Z,硕士,"张晓东,男,1975年出生,硕士研究生学历,*。1999年8月加入公司,历任深圳市纺织(集团)股份有限公司下属企业经理助理、经理,深圳市纺织(集团)股份有限公司经营管理部经理,深圳市美百年服装有限公司经理。现任深圳市纺织(集团)股份有限公司职工监事,公司党群工作部部长。",男,supervisoryCommittee,,1,2017-07-12T00:00:00.000Z,378600,5300,深纺织Ａ,职工监事,2020-12-21T04:14:11.283Z,公司党群工作部部长,公司党群工作部部长,党群工作部,2,7,部长,7,9,0,公司党群工作部,company,0,7
5f656edbade9005a1ec9ff42,彭卓卓,000060,0,39,2020-09-19T02:37:15.382Z,硕士,"彭卓卓,男,中国国籍,无境外永久居留权。1981年8月出生,*,毕业于中山大学软件学院软件工程硕士专业,硕士研究生,审计师,高级政工师。历任广东省审计厅科员、副主任科员、主任科员;广东省国资委纪委广东省监察厅派驻省国资委监察专员办公室主任科员;广东省铁路建设集团有限公司监察审计部副部长;广东省广晟资产经营有限公司纪检监察室副主任;现任广东省广晟资产经营有限公司纪检监察室主任,兼任深圳市中金岭南有色金属股份有限公司纪委书记。",男,supervisoryCommittee,,1,2019-04-29T00:00:00.000Z,475600,0,中金岭南,监事会主席,2020-12-21T04:15:03.645Z,兼任深圳市中金岭南有色金属股份有限公司纪委书记,兼任深圳市中金岭南有色金属股份有限公司纪委书记,纪委,19,21,书记,21,23,0,深圳市中金岭南有色金属股份有限公司,company,2,19
5f656ea9ade9005a1ec9f224,马毅,000045,0,54,2020-09-19T02:36:25.391Z,本科,"马毅,男,1966年8月生,本科学历,*,助理经济师职称。历任海南省汽运总公司汽车制配厂干部,深圳深九国际物流有限公司广州分公司业务部长、总经理助理,中远物流广州安泰达物流有限公司营运总监,深圳深九国际物流有限公司广州分公司总经理,深圳市公路客货运输服务中心规划发展部部长、主任助理、福田站站长;加入深圳市纺织(集团)股份有限公司前,马毅任控股股东深圳市投资控股有限公司之全资子公司深圳市公路客货运输服务中心有限公司党委副书记、董事、总经理。",男,supervisoryCommittee,,1,2020-01-17T00:00:00.000Z,0,0,深纺织Ａ,监事会主席,2020-12-21T04:14:11.195Z,马毅任控股股东深圳市投资控股有限公司之全资子公司深圳市公路客货运输服务中心有限公司党委副书记、董事、总经理,马毅任控股股东深圳市投资控股有限公司之全资子公司深圳市公路客货运输服务中心有限公司党委副书记,党委,41,43,书记,44,46,1,深圳市投资控股有限公司,company,7,18
5f656ea9ade9005a1ec9f224,马毅,000045,0,54,2020-09-19T02:36:25.391Z,本科,"马毅,男,1966年8月生,本科学历,*,助理经济师职称。历任海南省汽运总公司汽车制配厂干部,深圳深九国际物流有限公司广州分公司业务部长、总经理助理,中远物流广州安泰达物流有限公司营运总监,深圳深九国际物流有限公司广州分公司总经理,深圳市公路客货运输服务中心规划发展部部长、主任助理、福田站站长;加入深圳市纺织(集团)股份有限公司前,马毅任控股股东深圳市投资控股有限公司之全资子公司深圳市公路客货运输服务中心有限公司党委副书记、董事、总经理。",男,supervisoryCommittee,,1,2020-01-17T00:00:00.000Z,0,0,深纺织Ａ,监事会主席,2020-12-21T04:14:11.195Z,马毅任控股股东深圳市投资控股有限公司之全资子公司深圳市公路客货运输服务中心有限公司党委副书记、董事、总经理,马毅任控股股东深圳市投资控股有限公司之全资子公司深圳市公路客货运输服务中心有限公司党委副书记,党委,41,43,书记,44,46,1,深圳市公路客货运输服务中心有限公司,company,24,41
5f656eaeade9005a1ec9f373,冯鹤年,000046,0,59,2020-09-19T02:36:30.244Z,硕士,"冯鹤年,男，现任北京龙软科技股份有限公司董事长、民生证券投资有限公司董事长、民生期货有限公司董事长等，历任中国证监会山东证监局局长兼党委书记、中国证监会非上市公众公司部主任、创业板发行监管部主任等,冯鹤年先生兼任泛海控股股份有限公司总裁、执行委员会主席任期与泛海控股股份有限公司第三届董事会任期一致。",男,board,,1,2020-05-21T00:00:00.000Z,6034000,0,泛海控股,董事,2021-01-21T01:03:35.610Z,历任中国证监会山东证监局局长兼党委书记、中国证监会非上市公众公司部主任、创业板发行监管部主任等,历任中国证监会山东证监局局长兼党委书记,党委,15,17,书记,17,19,0,中国证监会,other,2,7
5f656ed5ade9005a1ec9fe3c,费建民,000059,0,53,2020-09-19T02:37:09.634Z,本科,"费建民,男,1967年9月出生,*,大学工学学士,研究员级高级工程师。2002.03-2006.02任锦西天然气化工有限责任公司经理助理;2006.02-2011.11任锦西天然气化工有限责任公司副经理;2011.11至今任锦西天然气化工有限责任公司总经理;2016.04至今任锦西天然气化工有限责任公司党委副书记。",男,manager,,1,2018-05-08T00:00:00.000Z,841600,0,华锦股份,副总经理,2020-12-21T04:15:00.305Z,2016.04至今任锦西天然气化工有限责任公司党委副书记,2016.04至今任锦西天然气化工有限责任公司党委副书记,党委,23,25,书记,26,28,1,锦西天然气化工有限责任公司党委,company,6.5,21.5
5f656ee2ade9005a1eca0059,何建锋,000061,0,49,2020-09-19T02:37:22.444Z,本科,"何建锋先生,1971年10月出生,本科学历,经济师、律师,曾任深圳市国资办集体资产管理处(党办)副处长,深圳市国资委企业改革处副处长、监督稽查处副处长、处长、企业一处处长、综合规划处处长、深圳市国资局政策法规处(集体企业工作处)处长,深圳市特区建设发展集团有限公司副总经理,深圳市国资委总经济师、党委委员。现任深圳市农产品股份有限公司党委书记。",男,board,,1,2018-06-22T00:00:00.000Z,945600,0,农 产 品,"董事长,董事",2021-01-21T01:03:35.856Z,曾任深圳市国资办集体资产管理处(党办)副处长,曾任深圳市国资办集体资产管理处(党办)副处长,党办,16,18,处长,20,22,2,深圳市国资办,other,2,8
5f656ee2ade9005a1eca0059,何建锋,000061,0,49,2020-09-19T02:37:22.444Z,本科,"何建锋先生,1971年10月出生,本科学历,经济师、律师,曾任深圳市国资办集体资产管理处(党办)副处长,深圳市国资委企业改革处副处长、监督稽查处副处长、处长、企业一处处长、综合规划处处长、深圳市国资局政策法规处(集体企业工作处)处长,深圳市特区建设发展集团有限公司副总经理,深圳市国资委总经济师、党委委员。现任深圳市农产品股份有限公司党委书记。",男,board,,1,2018-06-22T00:00:00.000Z,945600,0,农 产 品,"董事长,董事",2021-01-21T01:03:35.856Z,现任深圳市农产品股份有限公司党委书记,现任深圳市农产品股份有限公司党委书记,党委,14,16,书记,16,18,0,深圳市农产品股份有限公司,company,2,14
5f656e9dade9005a1ec9ee6f,刘冲,000039,0,50,2020-09-19T02:36:13.450Z,本科,"刘冲先生,现任中远海运发展股份有限公司党委委员、董事总经理,兼任中国国际海运集装箱(集团)股份有限公司董事、中国信达资产管理股份有限公司董事。曾任广州海运(集团)公司审计室科员,招商银行宝安支行会计副主任,广州海运(集团)公司审计处科员,广州海运集团房地产公司计财室审计员、副主任,广州海运(集团)公司财务部资金科副科长,广州海运(集团)有限公司内部银行副行长,中海(集团)总公司结算中心广州分部副主任,中海集团投资有限公司副总经理,中海集团物流有限公司财务总监、副总经理,中海(海南)海盛船务股份有限公司总会计师,中海集团财务有限责任公司党总支书记,中海(集团)总公司资金管理部主任,中海集装箱运输股份有限公司总会计师,中海集团投资有限公司总经理。毕业于中山大学经济学专业,经济学学士,高级会计师。刘冲于2017年8月29日担任中国信达资产管理股份有限公司战略发展委员会委员。",男,board,,1,2019-06-04T00:00:00.000Z,0,0,中集集团,"副董事长,非执行董事",2021-01-21T01:03:36.030Z,现任中远海运发展股份有限公司党委委员、董事总经理,现任中远海运发展股份有限公司党委委员,党委,14,16,委员,16,18,0,中远海运发展股份有限公司,company,2,14
5f656e9dade9005a1ec9ee6f,刘冲,000039,0,50,2020-09-19T02:36:13.450Z,本科,"刘冲先生,现任中远海运发展股份有限公司党委委员、董事总经理,兼任中国国际海运集装箱(集团)股份有限公司董事、中国信达资产管理股份有限公司董事。曾任广州海运(集团)公司审计室科员,招商银行宝安支行会计副主任,广州海运(集团)公司审计处科员,广州海运集团房地产公司计财室审计员、副主任,广州海运(集团)公司财务部资金科副科长,广州海运(集团)有限公司内部银行副行长,中海(集团)总公司结算中心广州分部副主任,中海集团投资有限公司副总经理,中海集团物流有限公司财务总监、副总经理,中海(海南)海盛船务股份有限公司总会计师,中海集团财务有限责任公司党总支书记,中海(集团)总公司资金管理部主任,中海集装箱运输股份有限公司总会计师,中海集团投资有限公司总经理。毕业于中山大学经济学专业,经济学学士,高级会计师。刘冲于2017年8月29日担任中国信达资产管理股份有限公司战略发展委员会委员。",男,board,,1,2019-06-04T00:00:00.000Z,0,0,中集集团,"副董事长,非执行董事",2021-01-21T01:03:36.030Z,中海集团财务有限责任公司党总支书记,中海集团财务有限责任公司党总支书记,党总支,12,15,书记,15,17,0,中海集团财务有限责任公司,company,0,12
5f656e9dade9005a1ec9ee8d,潘正启,000039,0,67,2020-09-19T02:36:13.585Z,硕士,"潘正启先生,1953年生,硕士,高级经济师。潘先生历任上海远洋公司船员、党委办公室秘书、科长、副主任、主任、公司企化部经理兼船舶管理二处处长兼党委书记、四处处长兼党委书记;青岛远洋公司副总经理兼连云港远洋公司总经理、党委书记;中远亚洲公司副总经理;中远亚洲公司总经理兼中远国际城开发公司总经理;中远澳洲公司副总裁兼中远新西兰公司总经理;深圳远洋公司党委书记;中远中国香港航运有限公司/深圳远洋运输股份有限公司副总经理。",男,board,,1,2019-06-04T00:00:00.000Z,240000,0,中集集团,独立非执行董事,2021-01-21T01:03:36.273Z,深圳远洋公司党委书记,深圳远洋公司党委书记,党委,6,8,书记,8,10,0,深圳远洋公司,company,0,6
5f656ee3ade9005a1eca00e9,曹宇,000061,0,52,2020-09-19T02:37:23.243Z,硕士,"曹宇女士,1968年11月出生,本科学历,法律硕士。曾任广西北海市人民检察院书记员、助理检察员、检察员,深圳市纪委第二案件检查室主任科员、案件管理处副处级纪检员、市委驻深单位纪工委副书记、市直属机关纪工委副书记、市纪委派驻第七纪检监察组副组长、市纪委派驻第四纪检组副组长。现任深圳市农产品股份有限公司纪委书记。",女,supervisoryCommittee,,1,2017-08-08T00:00:00.000Z,500000,0,农 产 品,监事会主席,2021-01-21T01:03:36.614Z,深圳市纪委第二案件检查室主任科员、案件管理处副处级纪检员、市委驻深单位纪工委副书记、市直属机关纪工委副书记、市纪委派驻第七纪检监察组副组长、市纪委派驻第四纪检组副组长,市纪委派驻第七纪检监察组副组长,纪委,1,3,组长,13,15,10,市纪委,other,0,3
5f656ee3ade9005a1eca00e9,曹宇,000061,0,52,2020-09-19T02:37:23.243Z,硕士,"曹宇女士,1968年11月出生,本科学历,法律硕士。曾任广西北海市人民检察院书记员、助理检察员、检察员,深圳市纪委第二案件检查室主任科员、案件管理处副处级纪检员、市委驻深单位纪工委副书记、市直属机关纪工委副书记、市纪委派驻第七纪检监察组副组长、市纪委派驻第四纪检组副组长。现任深圳市农产品股份有限公司纪委书记。",女,supervisoryCommittee,,1,2017-08-08T00:00:00.000Z,500000,0,农 产 品,监事会主席,2021-01-21T01:03:36.614Z,深圳市纪委第二案件检查室主任科员、案件管理处副处级纪检员、市委驻深单位纪工委副书记、市直属机关纪工委副书记、市纪委派驻第七纪检监察组副组长、市纪委派驻第四纪检组副组长,市纪委派驻第四纪检组副组长,纪委,1,3,组长,11,13,8,市纪委,other,0,3
5f656ee3ade9005a1eca00e9,曹宇,000061,0,52,2020-09-19T02:37:23.243Z,硕士,"曹宇女士,1968年11月出生,本科学历,法律硕士。曾任广西北海市人民检察院书记员、助理检察员、检察员,深圳市纪委第二案件检查室主任科员、案件管理处副处级纪检员、市委驻深单位纪工委副书记、市直属机关纪工委副书记、市纪委派驻第七纪检监察组副组长、市纪委派驻第四纪检组副组长。现任深圳市农产品股份有限公司纪委书记。",女,supervisoryCommittee,,1,2017-08-08T00:00:00.000Z,500000,0,农 产 品,监事会主席,2021-01-21T01:03:36.614Z,现任深圳市农产品股份有限公司纪委书记,现任深圳市农产品股份有限公司纪委书记,纪委,14,16,书记,16,18,0,深圳市农产品股份有限公司,company,2,14
5f656ef8ade9005a1eca06ef,李斌,000066,0,59,2020-09-19T02:37:44.972Z,硕士,"李斌先生,中国长城计算机深圳股份有限公司监事,中国国籍,毕业于大连工学院(现大连理工大学),研究生学历,硕士学位,高级工程师。曾任中国长城计算机深圳股份有限公司软件工程师、软件开发部副主任、生产办主任、计划发展部经理、信息中心总经理。现任中国长城计算机深圳股份有限公司纪委副书记、工会副主席、审计监察室(纪委办)主任。2014年12月首次担任中国长城计算机深圳股份有限公司监事。",男,supervisoryCommittee,,1,2018-02-08T00:00:00.000Z,489600,0,中国长城,职工监事,2021-01-21T01:03:36.788Z,现任中国长城计算机深圳股份有限公司纪委副书记、工会副主席、审计监察室(纪委办)主任,现任中国长城计算机深圳股份有限公司纪委副书记,纪委,17,19,书记,20,22,1,中国长城计算机深圳股份有限公司,company,2,17
5f656efdade9005a1eca0800,昝志宏,000068,0,58,2020-09-19T02:37:49.381Z,硕士,"昝志宏,男,汉族,1962年生,经济学硕士,现山西财经大学教授,财政学、公共管理(MPA)硕士生导师,教学名师,山西省普通高校优秀中青年骨干教师;中国财政学会理事,山西省预算会计学会副会长,山西省财政厅党组联系专家,内部控制专家,山西省人大常委会咨询专家,山西省财政学会、会计学会理事、太原市财政学会副会长,大秦铁路股份有限公司独立董事。",男,board,,1,2020-08-01T00:00:00.000Z,0,0,华控赛格,独立董事,2021-01-21T01:03:36.876Z,山西省财政厅党组联系专家,山西省财政厅党组联系专家,党组,6,8,专家,10,12,2,山西省财政厅,other,0,6
5f656f06ade9005a1eca0a04,杨杰,000069,0,59,2020-09-19T02:37:58.696Z,本科,"杨杰,男,1961年出生,大学,学士,高级工程师。历任华侨城集团公司规划建设部副总经理,深圳华侨城房地产开发公司副总经理,北京世纪华侨城实业有限公司副总经理,上海天祥华侨城投资有限公司董事、总经理,北京世纪华侨城实业有限公司总经理,天津华侨城实业有限公司总经理,华侨城北方投资有限公司党委书记、总经理,深圳华侨城股份有限公司北方事业部总经理。现任深圳华侨城股份有限公司副总裁。",男,manager,,1,2020-04-09T00:00:00.000Z,3995000,442500,华侨城Ａ,副总裁,2021-01-21T01:03:36.960Z,华侨城北方投资有限公司党委书记、总经理,华侨城北方投资有限公司党委书记,党委,11,13,书记,13,15,0,华侨城,other,0,3
5f656f06ade9005a1eca0a04,杨杰,000069,0,59,2020-09-19T02:37:58.696Z,本科,"杨杰,男,1961年出生,大学,学士,高级工程师。历任华侨城集团公司规划建设部副总经理,深圳华侨城房地产开发公司副总经理,北京世纪华侨城实业有限公司副总经理,上海天祥华侨城投资有限公司董事、总经理,北京世纪华侨城实业有限公司总经理,天津华侨城实业有限公司总经理,华侨城北方投资有限公司党委书记、总经理,深圳华侨城股份有限公司北方事业部总经理。现任深圳华侨城股份有限公司副总裁。",男,manager,,1,2020-04-09T00:00:00.000Z,3995000,442500,华侨城Ａ,副总裁,2021-01-21T01:03:36.960Z,华侨城北方投资有限公司党委书记、总经理,华侨城北方投资有限公司党委书记,党委,11,13,书记,13,15,0,北方投资,other,3,7
5f656f0bade9005a1eca0bf2,黄红,000070,0,54,2020-09-19T02:38:03.285Z,本科,"黄红,女,1966年11月生,汉族,助理政工师。毕业于东北财经大学,本科。历任深圳市旅游(集团)公司团委副书记、团委书记,深圳市国际旅行社党支部书记、总经理,深圳市旅游(集团)公司物业部部长、办公室副主任,深圳市欧维朗商贸公司董事长,深圳市贸促会品牌促进会副秘书长,深圳市特发小梅沙旅游中心副总经理。",女,manager,,1,2018-11-09T00:00:00.000Z,847100,0,特发信息,副总经理,2021-01-21T01:03:37.207Z,历任深圳市旅游(集团)公司团委副书记、团委书记,历任深圳市旅游(集团)公司团委副书记,团委,13,15,书记,16,18,1,深圳市旅游(集团)公司,company,2,12
5f656f0bade9005a1eca0bf2,黄红,000070,0,54,2020-09-19T02:38:03.285Z,本科,"黄红,女,1966年11月生,汉族,助理政工师。毕业于东北财经大学,本科。历任深圳市旅游(集团)公司团委副书记、团委书记,深圳市国际旅行社党支部书记、总经理,深圳市旅游(集团)公司物业部部长、办公室副主任,深圳市欧维朗商贸公司董事长,深圳市贸促会品牌促进会副秘书长,深圳市特发小梅沙旅游中心副总经理。",女,manager,,1,2018-11-09T00:00:00.000Z,847100,0,特发信息,副总经理,2021-01-21T01:03:37.207Z,深圳市国际旅行社党支部书记、总经理,深圳市国际旅行社党支部书记,党支部,8,11,书记,11,13,0,深圳市国际旅行社,other,0,8
5f656f20ade9005a1eca10d1,韩德宏,000090,0,58,2020-09-19T02:38:24.472Z,博士,"韩德宏先生,1962年9月生,博士研究生,教授级高级工程师。1990年7月毕业于上海同济大学市政工程专业,获工学博士。1990年7月至1996年6月,任深圳市自来水公司供水管理科工程师、调度室工程师、科技室科研项目负责人、管网管理部副部长;1996年6月至2001年6月,任深圳市自来水集团供水调度中心主任。2001年12月至2012年6月,任深圳市水务(集团)有限公司调度中心主任、总经理助理、总经理、党委副书记、董事;2012年6月至2017年10月任深圳市水务(集团)有限公司董事长、党委书记。2017年10月至今,任深圳市天健(集团)股份有限公司党委书记。",男,board,,1,2017-12-01T00:00:00.000Z,1299000,156000,天健集团,"董事长,董事",2021-01-21T01:03:37.446Z,任深圳市天健(集团)股份有限公司党委书记,任深圳市天健(集团)股份有限公司党委书记,党委,16,18,书记,18,20,0,深圳市天健(集团)股份有限公司,company,1,15
5f656ef8ade9005a1eca06da,刘晨晖,000066,0,,2020-09-19T02:37:44.754Z,硕士,"刘晨晖先生,中国国籍,毕业于电子科技大学微电子科学与工程系半导体物理与器件专业,大学本科学历;西安电子科技大学电子与通信工程专业,工程硕士学位;研究员级高级工程师。现任中国长城科技集团股份有限公司纪委书记、党委委员,兼任电子行业标准化技术委员会委员。曾任中国电科集团13研究所第一研究室副主任、基建处副处长、科研技改引进处副处长,中国电子信息产业集团有限公司系统装备部能力建设处处长、科技质量处处长,兼任中国振华集团董事,中电锦江信息产业有限公司纪委书记、党委委员。曾获国防科技进步三等奖、信息产业部建设项目管理先进个人。",男,supervisoryCommittee,,1,2020-05-22T00:00:00.000Z,0,0,中国长城,监事会主席,2021-01-21T01:03:38.023Z,现任中国长城科技集团股份有限公司纪委书记、党委委员,现任中国长城科技集团股份有限公司纪委书记,纪委,16,18,书记,18,20,0,中国长城科技集团股份有限公司,company,2,16
5f656ef8ade9005a1eca06da,刘晨晖,000066,0,,2020-09-19T02:37:44.754Z,硕士,"刘晨晖先生,中国国籍,毕业于电子科技大学微电子科学与工程系半导体物理与器件专业,大学本科学历;西安电子科技大学电子与通信工程专业,工程硕士学位;研究员级高级工程师。现任中国长城科技集团股份有限公司纪委书记、党委委员,兼任电子行业标准化技术委员会委员。曾任中国电科集团13研究所第一研究室副主任、基建处副处长、科研技改引进处副处长,中国电子信息产业集团有限公司系统装备部能力建设处处长、科技质量处处长,兼任中国振华集团董事,中电锦江信息产业有限公司纪委书记、党委委员。曾获国防科技进步三等奖、信息产业部建设项目管理先进个人。",男,supervisoryCommittee,,1,2020-05-22T00:00:00.000Z,0,0,中国长城,监事会主席,2021-01-21T01:03:38.023Z,中电锦江信息产业有限公司纪委书记、党委委员,中电锦江信息产业有限公司纪委书记,纪委,12,14,书记,14,16,0,中电锦江信息产业有限公司,company,0,12
5f656f20ade9005a1eca10f1,林婵波,000090,0,59,2020-09-19T02:38:24.608Z,本科,"林婵波先生,1961年生,理学学士学位,高级政工师、人力资源师。1982年毕业于华南师范学院数学系,获理学学士学位。历任广东博罗师范学校教师,深圳市滨河中学教师,深圳市行知职业学校教师,深圳团市委市属企业工委科员、副主任科员,中共深圳市委市属企业工委组织部副主任科员、主任科员,深圳市投资管理公司人事部业务经理、人事部部长助理、党群工作部副部长、组织人事部高级业务经理、组织人事部副部长,深圳经济特区发展(集团)公司纪委书记,深圳市特发集团有限公司职工董事、党委副书记、纪委书记、工会主席,2017年7月至2018年7月,任深圳市特发集团有限公司职工董事、党委副书记、工会主席。",男,board,,1,2018-08-09T00:00:00.000Z,816100,0,天健集团,董事,2021-01-21T01:03:38.380Z,深圳团市委市属企业工委科员、副主任科员,深圳团市委市属企业工委科员,市委,3,5,员,12,13,7,深圳团市委市属企业工委,other,0,11
5f656eeaade9005a1eca029e,张恒春,000062,0,58,2020-09-19T02:37:29.963Z,博士,"张恒春先生,1962年7月生,经济学博士,高级工程师。历任深圳市高新办计划处处长、招商处处长,市高新办副主任、主任,深圳市科技工贸和信息化委员会党组副书记、副主任(正局级),深圳市光明新区党工委副书记、管委会主任,深圳市光明新区党工委书记,深圳市国资委副巡视员。现任深圳华强集团有限公司党委书记、董事长、深圳华强新城市投资集团有限公司董事长、深圳华强集团股份有限公司董事、华强方特文化科技集团股份有限公司董事等职务。",男,board,,1,2018-04-14T00:00:00.000Z,0,0,深圳华强,董事,2021-01-21T01:03:38.623Z,深圳市科技工贸和信息化委员会党组副书记、副主任(正局级),深圳市科技工贸和信息化委员会党组副书记,党组,14,16,书记,17,19,1,深圳市科技工贸和信息化委员会,other,0,14
5f656eeaade9005a1eca029e,张恒春,000062,0,58,2020-09-19T02:37:29.963Z,博士,"张恒春先生,1962年7月生,经济学博士,高级工程师。历任深圳市高新办计划处处长、招商处处长,市高新办副主任、主任,深圳市科技工贸和信息化委员会党组副书记、副主任(正局级),深圳市光明新区党工委副书记、管委会主任,深圳市光明新区党工委书记,深圳市国资委副巡视员。现任深圳华强集团有限公司党委书记、董事长、深圳华强新城市投资集团有限公司董事长、深圳华强集团股份有限公司董事、华强方特文化科技集团股份有限公司董事等职务。",男,board,,1,2018-04-14T00:00:00.000Z,0,0,深圳华强,董事,2021-01-21T01:03:38.623Z,深圳市光明新区党工委副书记、管委会主任,深圳市光明新区党工委副书记,党工委,7,10,书记,11,13,1,深圳市光明新区党工委,other,0,10
5f656eeaade9005a1eca029e,张恒春,000062,0,58,2020-09-19T02:37:29.963Z,博士,"张恒春先生,1962年7月生,经济学博士,高级工程师。历任深圳市高新办计划处处长、招商处处长,市高新办副主任、主任,深圳市科技工贸和信息化委员会党组副书记、副主任(正局级),深圳市光明新区党工委副书记、管委会主任,深圳市光明新区党工委书记,深圳市国资委副巡视员。现任深圳华强集团有限公司党委书记、董事长、深圳华强新城市投资集团有限公司董事长、深圳华强集团股份有限公司董事、华强方特文化科技集团股份有限公司董事等职务。",男,board,,1,2018-04-14T00:00:00.000Z,0,0,深圳华强,董事,2021-01-21T01:03:38.623Z,深圳市光明新区党工委书记,深圳市光明新区党工委书记,党工委,7,10,书记,10,12,0,深圳市光明新区党工委,other,0,10
5f656eeaade9005a1eca029e,张恒春,000062,0,58,2020-09-19T02:37:29.963Z,博士,"张恒春先生,1962年7月生,经济学博士,高级工程师。历任深圳市高新办计划处处长、招商处处长,市高新办副主任、主任,深圳市科技工贸和信息化委员会党组副书记、副主任(正局级),深圳市光明新区党工委副书记、管委会主任,深圳市光明新区党工委书记,深圳市国资委副巡视员。现任深圳华强集团有限公司党委书记、董事长、深圳华强新城市投资集团有限公司董事长、深圳华强集团股份有限公司董事、华强方特文化科技集团股份有限公司董事等职务。",男,board,,1,2018-04-14T00:00:00.000Z,0,0,深圳华强,董事,2021-01-21T01:03:38.623Z,现任深圳华强集团有限公司党委书记、董事长、深圳华强新城市投资集团有限公司董事长、深圳华强集团股份有限公司董事、华强方特文化科技集团股份有限公司董事等职务,现任深圳华强集团有限公司党委书记,党委,12,14,书记,14,16,0,深圳华强集团有限公司,company,2,12
5f656ef2ade9005a1eca04e7,万程,000065,0,59,2020-09-19T02:37:38.278Z,博士,"万程,1961年生,*,北京理工大学力学工程系弹药战斗部专业,工学博士,研究员级高级工程师。历任中国北方工业有限公司发展部总经理助理、副总经理,科技开发部副总经理,研究发展部副总经理、总经理,中国北方工业有限公司总裁助理兼采购部总经理、副总裁,现任中国北方工业有限公司党委副书记、纪委书记。",男,board,,1,2020-04-14T00:00:00.000Z,0,0,北方国际,董事,2020-12-21T04:15:19.351Z,现任中国北方工业有限公司党委副书记、纪委书记,现任中国北方工业有限公司党委副书记,党委,12,14,书记,15,17,1,中国北方工业有限公司,company,2,12
5f656f20ade9005a1eca111c,王培先,000090,0,49,2020-09-19T02:38:24.834Z,博士,"王培先,男,1971年8月生,山东滕州人,复旦大学经济学博士,1995年7月毕业于西安交通大学物理学本科,1995年8月至1996年12月任青岛海信电器公司技术员,1997年9月至2003年7月就读复旦大学获经济学硕士、博士(全日制),2003年7月至2010年9月历任深圳市政府办公厅财金处主任科员、副处长,2010年10月至2015年5月历任深圳市国资委综合规划处副处长、处长,2015年5月至2017年11月,任深圳机场集团有限公司监事会主席。2017年10月至今,任深圳市天健(集团)股份有限公司纪委书记。",男,supervisoryCommittee,,1,2017-12-01T00:00:00.000Z,500000,0,天健集团,监事会主席,2021-01-21T01:03:38.815Z,任深圳市天健(集团)股份有限公司纪委书记,任深圳市天健(集团)股份有限公司纪委书记,纪委,16,18,书记,18,20,0,深圳市天健(集团)股份有限公司,company,1,15
5f656f25ade9005a1eca12a9,陈强,000096,0,57,2020-09-19T02:38:29.355Z,硕士,"陈强:男,1963年出生,*,硕士。2003年至2010年任深圳南山热电股份有限公司党总支书记、工会主席;2011年至今任深圳市广聚能源股份有限公司党委书记、工会主席、武装部政委;现任深圳市广聚能源股份有限公司副总经理。",男,manager,,1,2018-04-18T00:00:00.000Z,944800,0,广聚能源,副总经理,2020-12-21T04:16:04.495Z,2003年至2010年任深圳南山热电股份有限公司党总支书记、工会主席,2003年至2010年任深圳南山热电股份有限公司党总支书记,党总支,24,27,书记,27,29,0,深圳南山热电股份有限公司,company,8,20
