sentence,university,originalTotal,originalDegreesLength,total,degreesLength,degrees,positions,mbas
蔡洪滨先生于1997年至2005年任教于加州大学洛杉矶分校,加州大学洛杉矶分校,0,0,0,0,[],[],[]
"韩小京先生1982年于中南财经政法大学(原名:湖北财经学院)获得法学学士学位,1985年于中国政法大学获法学硕士学位",湖北财经学院,2,2,1,1,"[""学士""]",[],[]
"韩小京先生1982年于中南财经政法大学(原名:湖北财经学院)获得法学学士学位,1985年于中国政法大学获法学硕士学位",中南财经政法大学,2,2,1,1,"[""学士""]",[],[]
"韩小京先生1982年于中南财经政法大学(原名:湖北财经学院)获得法学学士学位,1985年于中国政法大学获法学硕士学位",中国政法大学,2,2,1,1,"[""硕士""]",[],[]
"王松奇先生,1952年出生,经济学博士,中国社科院研究生院教授、博士生导师,中央财经大学兼职博士生导师,西南财经大学客座教授,吉林财经大学金融学院名誉院长、兼职教授",中央财经大学,5,2,2,1,"[""博士""]","[""导师""]",[]
"王松奇先生,1952年出生,经济学博士,中国社科院研究生院教授、博士生导师,中央财经大学兼职博士生导师,西南财经大学客座教授,吉林财经大学金融学院名誉院长、兼职教授",西南财经大学,5,2,1,0,[],"[""教授""]",[]
"王松奇先生,1952年出生,经济学博士,中国社科院研究生院教授、博士生导师,中央财经大学兼职博士生导师,西南财经大学客座教授,吉林财经大学金融学院名誉院长、兼职教授",吉林财经大学,5,2,2,0,[],"[""教授"",""院长""]",[]
"王松奇先生1982年于吉林财贸学院金融系获得经济学学士学位,1985年于天津财经学院金融系获得经济学硕士学位,1988年于中国人民大学财金系获得博士学位",天津财经学院,3,3,1,1,"[""硕士""]",[],[]
"王松奇先生1982年于吉林财贸学院金融系获得经济学学士学位,1985年于天津财经学院金融系获得经济学硕士学位,1988年于中国人民大学财金系获得博士学位",中国人民大学,3,3,1,1,"[""博士""]",[],[]
"郭建先生,1964年出生,成都电讯工程学院(现电子科技大学)电子物理与器件专业硕士研究生毕业",成都电讯工程学院,2,2,1,1,"[""硕士""]",[],[]
"郭建先生,1964年出生,成都电讯工程学院(现电子科技大学)电子物理与器件专业硕士研究生毕业",电子科技大学,2,2,1,1,"[""硕士""]",[],[]
"韩女士于2008年毕业于江西财经大学会计学专业,获管理学硕士学位,于2003年获中国科技大学管理学学士学位,现为中国注册会计师非执业会员",江西财经大学,3,2,0,0,[],[],[]
"韩女士于2008年毕业于江西财经大学会计学专业,获管理学硕士学位,于2003年获中国科技大学管理学学士学位,现为中国注册会计师非执业会员",中国科技大学,3,2,2,1,"[""学士""]",[],"[""管理学""]"
"胡跃飞先生,1962年出生,中南财经政法大学(原中南财经大学)经济学硕士",中南财经政法大学,1,1,1,1,"[""硕士""]",[],[]
"胡跃飞先生,1962年出生,中南财经政法大学(原中南财经大学)经济学硕士",中南财经大学,1,1,1,1,"[""硕士""]",[],[]
朱女士先后获得湖南财经学院(现湖南大学)经济学学士、中南财经政法大学管理学硕士、伦敦大学学院公共政策硕士及中国香港公开大学企业管治硕士学位,湖南财经学院,3,2,3,2,"[""本科"",""硕士""]",[],"[""管理学""]"
朱女士先后获得湖南财经学院(现湖南大学)经济学学士、中南财经政法大学管理学硕士、伦敦大学学院公共政策硕士及中国香港公开大学企业管治硕士学位,湖南大学,3,2,3,2,"[""本科"",""硕士""]",[],"[""管理学""]"
朱女士先后获得湖南财经学院(现湖南大学)经济学学士、中南财经政法大学管理学硕士、伦敦大学学院公共政策硕士及中国香港公开大学企业管治硕士学位,中南财经政法大学,3,2,3,2,"[""本科"",""硕士""]",[],"[""管理学""]"
朱女士先后获得湖南财经学院(现湖南大学)经济学学士、中南财经政法大学管理学硕士、伦敦大学学院公共政策硕士及中国香港公开大学企业管治硕士学位,伦敦大学,3,2,3,2,"[""本科"",""硕士""]",[],"[""管理学""]"
"郭田勇先生于1990年在山东大学数学系获理学学士学位,1990年至1993年任职于中国人民银行烟台分行,1996年在中国人民大学财政金融系获经济学硕士学位,1999年在中国人民银行研究生部获经济学博士学位",山东大学,4,4,1,1,"[""学士""]",[],[]
"郭田勇先生于1990年在山东大学数学系获理学学士学位,1990年至1993年任职于中国人民银行烟台分行,1996年在中国人民大学财政金融系获经济学硕士学位,1999年在中国人民银行研究生部获经济学博士学位",中国人民大学,4,4,1,1,"[""硕士""]",[],[]
"艾春荣先生于1990年至1991年任职于美国国家经济研究局(NationalBureauofEconomicResearch),1991年至1994年任职于美国纽约州立大学石溪分校,1994年至今任职于美国佛罗里达大学",纽约州立大学,0,0,0,0,[],[],[]
"艾春荣先生于1990年至1991年任职于美国国家经济研究局(NationalBureauofEconomicResearch),1991年至1994年任职于美国纽约州立大学石溪分校,1994年至今任职于美国佛罗里达大学",佛罗里达大学,0,0,0,0,[],[],[]
"项有志先生于1987年7月至1991年9月,任华东冶金学院(现安徽工业大学)经济管理系助教",华东冶金学院,0,0,0,0,[],[],[]
"项有志先生于1987年7月至1991年9月,任华东冶金学院(现安徽工业大学)经济管理系助教",安徽工业大学,0,0,0,0,[],[],[]
"1994年8月至1995年8月,任华东冶金学院(现安徽工业大学)经济管理系讲师",华东冶金学院,1,0,1,0,[],"[""讲师""]",[]
"1994年8月至1995年8月,任华东冶金学院(现安徽工业大学)经济管理系讲师",安徽工业大学,1,0,1,0,[],"[""讲师""]",[]
"陈金海先生,1979年出生,本科,毕业于杭州电子科技大学审计学专业,注册会计师",杭州电子科技大学,1,1,0,0,[],[],[]
"1993年获中南财经大学(现中南财经政法大学)经济学硕士学位,2003年获中南财经政法大学经济学博士学位",中南财经政法大学,2,2,1,1,"[""硕士""]",[],[]
"1993年获中南财经大学(现中南财经政法大学)经济学硕士学位,2003年获中南财经政法大学经济学博士学位",中南财经大学,2,2,1,1,"[""硕士""]",[],[]
"1993年获中南财经大学(现中南财经政法大学)经济学硕士学位,2003年获中南财经政法大学经济学博士学位",中南财经政法大学,2,2,1,1,"[""博士""]",[],[]
"历任北京大学光华管理学院金融系博士后研究员、中国人民大学商学院讲师、副教授,丹化化工科技股份有限公司独立董事",北京大学,6,2,5,1,"[""博士后""]","[""教授"",""研究员"",""讲师""]","[""管理学""]"
"历任北京大学光华管理学院金融系博士后研究员、中国人民大学商学院讲师、副教授,丹化化工科技股份有限公司独立董事",中国人民大学,6,2,5,1,"[""博士后""]","[""教授"",""研究员"",""讲师""]","[""管理学""]"
"曾任中山大学讲师、教授,兼任中山大学新经济研究中心主任,美国乔治华盛顿大学教授助理,国务院侨办海外专家咨询委员会委员,广东省政协委员,广东经济学会副会长,广东省粤港澳合作促进会金融专业委员会常务副主任,广州风险投资促进会会长,广东省与广州市社科院客座研究员,美国世界银行顾问,广州证券有限责任公司副总裁、首席经济学家、监事长,广州广证恒生证券研究院有限公司董事长、总经理,广州广证恒生证券投资咨询有限公司首席经济学家,广东广州日报传媒股份有限公司、威创集团股份有限公司、广州机电集团及广州广日集团独立董事、深圳市天地(集团)股份有限公司独立董事",中山大学,3,0,2,0,[],"[""教授"",""讲师""]",[]
"曾任中山大学讲师、教授,兼任中山大学新经济研究中心主任,美国乔治华盛顿大学教授助理,国务院侨办海外专家咨询委员会委员,广东省政协委员,广东经济学会副会长,广东省粤港澳合作促进会金融专业委员会常务副主任,广州风险投资促进会会长,广东省与广州市社科院客座研究员,美国世界银行顾问,广州证券有限责任公司副总裁、首席经济学家、监事长,广州广证恒生证券研究院有限公司董事长、总经理,广州广证恒生证券投资咨询有限公司首席经济学家,广东广州日报传媒股份有限公司、威创集团股份有限公司、广州机电集团及广州广日集团独立董事、深圳市天地(集团)股份有限公司独立董事",中山大学,3,0,0,0,[],[],[]
"曾任中山大学讲师、教授,兼任中山大学新经济研究中心主任,美国乔治华盛顿大学教授助理,国务院侨办海外专家咨询委员会委员,广东省政协委员,广东经济学会副会长,广东省粤港澳合作促进会金融专业委员会常务副主任,广州风险投资促进会会长,广东省与广州市社科院客座研究员,美国世界银行顾问,广州证券有限责任公司副总裁、首席经济学家、监事长,广州广证恒生证券研究院有限公司董事长、总经理,广州广证恒生证券投资咨询有限公司首席经济学家,广东广州日报传媒股份有限公司、威创集团股份有限公司、广州机电集团及广州广日集团独立董事、深圳市天地(集团)股份有限公司独立董事",华盛顿大学,3,0,1,0,[],"[""教授""]",[]
江西农业大学工程学院机械设计与制造专业工学学士、中国人民大学会计系会计学专业管理学(会计学)硕士、中国人民大学商学院会计学专业管理学(会计学)博士,中国人民大学,4,3,4,3,"[""本科"",""硕士"",""博士后""]",[],"[""管理学""]"
江西农业大学工程学院机械设计与制造专业工学学士、中国人民大学会计系会计学专业管理学(会计学)硕士、中国人民大学商学院会计学专业管理学(会计学)博士,江西农业大学,4,3,4,3,"[""本科"",""硕士"",""博士后""]",[],"[""管理学""]"
"陈治民,男,1963年出生,西南政法大学法学学士,中国人民大学法学硕士",西南政法大学,2,2,1,1,"[""学士""]",[],[]
"陈治民,男,1963年出生,西南政法大学法学学士,中国人民大学法学硕士",中国人民大学,2,2,1,1,"[""硕士""]",[],[]
"1987年7月至2000年4月在广东药学院工作,历任助教、讲师、副教授、教授,2000年5月至今任中山大学教授",广东药学院,2,0,0,0,[],[],[]
"1987年7月至2000年4月在广东药学院工作,历任助教、讲师、副教授、教授,2000年5月至今任中山大学教授",中山大学,2,0,1,0,[],"[""教授""]",[]
"曾任深圳大学讲师,厦门大学经济学院应用经济学博士后流动站博士后,英国埃克塞特大学(UniversityofExeter)访问学者",深圳大学,4,2,1,0,[],"[""讲师""]",[]
"曾任深圳大学讲师,厦门大学经济学院应用经济学博士后流动站博士后,英国埃克塞特大学(UniversityofExeter)访问学者",厦门大学,4,2,1,1,"[""博士后""]",[],[]
"曾任深圳大学讲师,厦门大学经济学院应用经济学博士后流动站博士后,英国埃克塞特大学(UniversityofExeter)访问学者",埃克塞特大学,4,2,1,0,[],"[""访问学者""]",[]
"2010年6月至2018年9月任中央财经大学会计学院讲师、副教授,2018年9月任中国人民大学教授",中央财经大学,2,0,2,0,[],"[""教授"",""讲师""]",[]
"2010年6月至2018年9月任中央财经大学会计学院讲师、副教授,2018年9月任中国人民大学教授",中国人民大学,2,0,1,0,[],"[""教授""]",[]
"程小可:男,1975年出生,中国国籍,中国人民大学会计学博士,清华大学经济管理学院工商管理博士后,中国注册会计师",中国人民大学,4,2,1,1,"[""博士""]",[],[]
"程小可:男,1975年出生,中国国籍,中国人民大学会计学博士,清华大学经济管理学院工商管理博士后,中国注册会计师",清华大学,4,2,3,1,"[""博士后""]",[],"[""管理学"",""工商管理""]"
"历任中南民族大学讲师、副教授,北京大学博士后,吉林石岘纸业有限责任公司独立董事",中南民族大学,4,2,2,0,[],"[""教授"",""讲师""]",[]
"历任中南民族大学讲师、副教授,北京大学博士后,吉林石岘纸业有限责任公司独立董事",北京大学,4,2,1,1,"[""博士后""]",[],[]
"杨雄文,男,1970年出生,中国人民大学民商法学博士,牛津大学法学院访问学者",中国人民大学,2,1,1,1,"[""博士""]",[],[]
"杨雄文,男,1970年出生,中国人民大学民商法学博士,牛津大学法学院访问学者",牛津大学,2,1,1,0,[],"[""访问学者""]",[]
"董大伟先生,39岁,中国国籍,毕业于西安电子科技大学微电子学院电力电子与电力传动专业,工学硕士",西安电子科技大学,1,1,0,0,[],[],[]
"曾在LOYOLAUNIVERSITYOFCHICAGO和NEWYORKSTATEUNIVERSITY和麻省理工学院作为访问学者,曾先后任中山大学国际金融教研室主任、国际贸易金融系主任助理、国际贸易金融系主任、经济研究所副所长、所长、岭南学院副院长,广州南沙产业投资有限公司外部董事,深圳市中金岭南有色金属股份有限公司独立董事,广晟有色金属股份有限公司独立董事,汤臣倍健股份有限公司独立董事",麻省理工,2,0,1,0,[],"[""访问学者""]",[]
"曾在LOYOLAUNIVERSITYOFCHICAGO和NEWYORKSTATEUNIVERSITY和麻省理工学院作为访问学者,曾先后任中山大学国际金融教研室主任、国际贸易金融系主任助理、国际贸易金融系主任、经济研究所副所长、所长、岭南学院副院长,广州南沙产业投资有限公司外部董事,深圳市中金岭南有色金属股份有限公司独立董事,广晟有色金属股份有限公司独立董事,汤臣倍健股份有限公司独立董事",中山大学,2,0,1,0,[],"[""院长""]",[]
"王宝瑛先生,中国国籍,1964年7月出生,北京航空航天大学学士、中欧国际工商学院EMBA,研究员级高级工程师,无境外永久居留权",北京航空航天大学,3,1,2,1,"[""学士""]",[],"[""MBA""]"
"王宝瑛先生,中国国籍,1964年7月出生,北京航空航天大学学士、中欧国际工商学院EMBA,研究员级高级工程师,无境外永久居留权",中欧国际工商学院,3,1,2,1,"[""学士""]",[],"[""MBA""]"
"唐海元先生,1973年2月出生,高级工程师,合肥工业大学学士,中欧国际商学院EMBA",合肥工业大学,2,1,1,1,"[""学士""]",[],[]
"唐海元先生,1973年2月出生,高级工程师,合肥工业大学学士,中欧国际商学院EMBA",中欧国际商学院,2,1,1,0,[],[],"[""MBA""]"
"陈卓先生,1976年9月出生,会计师,武汉大学工商管理硕士,中欧工商管理学院EMBA",武汉大学,4,1,2,1,"[""硕士""]",[],"[""工商管理""]"
"陈卓先生,1976年9月出生,会计师,武汉大学工商管理硕士,中欧工商管理学院EMBA",中欧工商管理学院,4,1,3,0,[],[],"[""MBA"",""管理学"",""工商管理""]"
"白俊江先生,58岁,中国国籍,毕业于西安电子科技大学微波工程专业",西安电子科技大学,0,0,0,0,[],[],[]
"周鹏,男,1978年1月出生,哈尔滨工业大学无机非金属材料专业工学学士,英国纽卡斯尔卢桑比亚大学项目管理专业管理学硕士,中央民族大学区域经济专业经济学博士",哈尔滨工业大学,4,3,1,1,"[""学士""]",[],[]
"周鹏,男,1978年1月出生,哈尔滨工业大学无机非金属材料专业工学学士,英国纽卡斯尔卢桑比亚大学项目管理专业管理学硕士,中央民族大学区域经济专业经济学博士",中央民族大学,4,3,1,1,"[""博士""]",[],[]
"现任中国香港中文大学金融学系副教授、中国香港中文大学-清华大学金融财务MBA项目主任,中国香港中文大学(深圳)高等金融研究院教授,四川金顶(集团)股份有限公司第八届董事会独立董事",清华大学,2,0,2,0,[],"[""教授""]","[""MBA""]"
"现任中国香港中文大学金融学系副教授、中国香港中文大学-清华大学金融财务MBA项目主任,中国香港中文大学(深圳)高等金融研究院教授,四川金顶(集团)股份有限公司第八届董事会独立董事",香港中文大学,2,0,2,0,[],"[""教授""]","[""MBA""]"
"现任中国香港中文大学金融学系副教授、中国香港中文大学-清华大学金融财务MBA项目主任,中国香港中文大学(深圳)高等金融研究院教授,四川金顶(集团)股份有限公司第八届董事会独立董事",香港中文大学,2,0,1,0,[],"[""教授""]",[]
"胡月明,男,汉族,1971年3月出生,中共党员,1994年7月本科毕业于郑州大学,2014年7月硕士毕业于中国香港科技大学",郑州大学,2,2,1,1,"[""本科""]",[],[]
"胡月明,男,汉族,1971年3月出生,中共党员,1994年7月本科毕业于郑州大学,2014年7月硕士毕业于中国香港科技大学",香港科技大学,2,2,1,1,"[""硕士""]",[],[]
"熊楚熊,男,1955年出生,博士,教授,注册会计师,先后毕业于西南财经大学会计系和厦门大学会计系,1992年在厦门大学获经济学博士学位后,分配到深圳大学会计专业任教,现为深圳大学教授",厦门大学,2,1,0,0,[],[],[]
"熊楚熊,男,1955年出生,博士,教授,注册会计师,先后毕业于西南财经大学会计系和厦门大学会计系,1992年在厦门大学获经济学博士学位后,分配到深圳大学会计专业任教,现为深圳大学教授",西南财经大学,2,1,0,0,[],[],[]
"熊楚熊,男,1955年出生,博士,教授,注册会计师,先后毕业于西南财经大学会计系和厦门大学会计系,1992年在厦门大学获经济学博士学位后,分配到深圳大学会计专业任教,现为深圳大学教授",厦门大学,2,1,1,1,"[""博士""]",[],[]
"熊楚熊,男,1955年出生,博士,教授,注册会计师,先后毕业于西南财经大学会计系和厦门大学会计系,1992年在厦门大学获经济学博士学位后,分配到深圳大学会计专业任教,现为深圳大学教授",深圳大学,2,1,0,0,[],[],[]
"熊楚熊,男,1955年出生,博士,教授,注册会计师,先后毕业于西南财经大学会计系和厦门大学会计系,1992年在厦门大学获经济学博士学位后,分配到深圳大学会计专业任教,现为深圳大学教授",深圳大学,2,1,1,0,[],"[""教授""]",[]
"宋冰心,女,1970年3月出生,中国政法大学经济法法学学士,北京师范大学文学学士,持有中国律师职业资格、企业法律顾问执业资格、会计从业资格证书",中国政法大学,1,1,1,1,"[""学士""]",[],[]
"宋冰心,女,1970年3月出生,中国政法大学经济法法学学士,北京师范大学文学学士,持有中国律师职业资格、企业法律顾问执业资格、会计从业资格证书",北京师范大学,1,1,1,1,"[""学士""]",[],[]
"钟彦,女,1983年10月出生,毕业于中南财经政法大学和武汉大学,双学士学位,国际特许秘书及行政人员公会会士及中国香港特许秘书公会会士",武汉大学,1,1,0,0,[],[],[]
"钟彦,女,1983年10月出生,毕业于中南财经政法大学和武汉大学,双学士学位,国际特许秘书及行政人员公会会士及中国香港特许秘书公会会士",中南财经政法大学,1,1,0,0,[],[],[]
"陈伟彬:男,1986年出生,电子科技大学中山学院金融、财务管理本科学历",电子科技大学中山学院,1,1,1,1,"[""本科""]",[],[]
"潘波先生,1976年3月出生,北京航空航天大学机电工程学士,中欧工商管理学院EMBA",北京航空航天大学,4,1,1,1,"[""学士""]",[],[]
"潘波先生,1976年3月出生,北京航空航天大学机电工程学士,中欧工商管理学院EMBA",中欧工商管理学院,4,1,3,0,[],[],"[""MBA"",""管理学"",""工商管理""]"
"1990年毕业于中国青年政治学院,先后获得南京大学法学院经济法硕士学位、中国政法大学民商法学博士学位",中国青年政治学院,2,2,0,0,[],[],[]
"1990年毕业于中国青年政治学院,先后获得南京大学法学院经济法硕士学位、中国政法大学民商法学博士学位",中国政法大学,2,2,2,2,"[""硕士"",""博士后""]",[],[]
"1990年毕业于中国青年政治学院,先后获得南京大学法学院经济法硕士学位、中国政法大学民商法学博士学位",南京大学,2,2,2,2,"[""硕士"",""博士后""]",[],[]
"吕京倩,女,1971年11月出生,北京工业大学工商管理专业大学本科毕业,获管理学学士,对外经济贸易大学高级管理人员工商管理硕士",北京工业大学,5,3,2,1,"[""本科""]",[],"[""工商管理""]"
"吕京倩,女,1971年11月出生,北京工业大学工商管理专业大学本科毕业,获管理学学士,对外经济贸易大学高级管理人员工商管理硕士",对外经济贸易大学,5,3,2,1,"[""硕士""]",[],"[""工商管理""]"
"李青原先生,1977年出生,中国国籍,中共党员,武汉大学会计学博士、清华大学工商管理博士后,武汉大学经济与管理学院会计系教授(三级)、博士生导师、哥伦比亚大学访问学者,先后入选中组部“万人计划”青年拔尖人才、教育部“长江学者奖励计划”青年学者、教育部“新世纪优秀人才支持计划”、财政部会计领军特殊支持计划,兼任国务院学位委员会全国审计专业学位研究生教育指导委员会委员、中国管理现代化研究会企业并购研究专业委员会副主任委员、浙江财经大学讲座教授、上海证券交易所博士后流动站合作导师和《中国审计评论》执行主编等",清华大学,8,3,2,1,"[""博士后""]",[],"[""工商管理""]"
"李青原先生,1977年出生,中国国籍,中共党员,武汉大学会计学博士、清华大学工商管理博士后,武汉大学经济与管理学院会计系教授(三级)、博士生导师、哥伦比亚大学访问学者,先后入选中组部“万人计划”青年拔尖人才、教育部“长江学者奖励计划”青年学者、教育部“新世纪优秀人才支持计划”、财政部会计领军特殊支持计划,兼任国务院学位委员会全国审计专业学位研究生教育指导委员会委员、中国管理现代化研究会企业并购研究专业委员会副主任委员、浙江财经大学讲座教授、上海证券交易所博士后流动站合作导师和《中国审计评论》执行主编等",武汉大学,8,3,2,1,"[""博士后""]",[],"[""工商管理""]"
"李青原先生,1977年出生,中国国籍,中共党员,武汉大学会计学博士、清华大学工商管理博士后,武汉大学经济与管理学院会计系教授(三级)、博士生导师、哥伦比亚大学访问学者,先后入选中组部“万人计划”青年拔尖人才、教育部“长江学者奖励计划”青年学者、教育部“新世纪优秀人才支持计划”、财政部会计领军特殊支持计划,兼任国务院学位委员会全国审计专业学位研究生教育指导委员会委员、中国管理现代化研究会企业并购研究专业委员会副主任委员、浙江财经大学讲座教授、上海证券交易所博士后流动站合作导师和《中国审计评论》执行主编等",武汉大学,8,3,5,1,"[""博士""]","[""教授"",""导师"",""访问学者""]","[""管理学""]"
"李青原先生,1977年出生,中国国籍,中共党员,武汉大学会计学博士、清华大学工商管理博士后,武汉大学经济与管理学院会计系教授(三级)、博士生导师、哥伦比亚大学访问学者,先后入选中组部“万人计划”青年拔尖人才、教育部“长江学者奖励计划”青年学者、教育部“新世纪优秀人才支持计划”、财政部会计领军特殊支持计划,兼任国务院学位委员会全国审计专业学位研究生教育指导委员会委员、中国管理现代化研究会企业并购研究专业委员会副主任委员、浙江财经大学讲座教授、上海证券交易所博士后流动站合作导师和《中国审计评论》执行主编等",哥伦比亚大学,8,3,5,1,"[""博士""]","[""教授"",""导师"",""访问学者""]","[""管理学""]"
"李青原先生,1977年出生,中国国籍,中共党员,武汉大学会计学博士、清华大学工商管理博士后,武汉大学经济与管理学院会计系教授(三级)、博士生导师、哥伦比亚大学访问学者,先后入选中组部“万人计划”青年拔尖人才、教育部“长江学者奖励计划”青年学者、教育部“新世纪优秀人才支持计划”、财政部会计领军特殊支持计划,兼任国务院学位委员会全国审计专业学位研究生教育指导委员会委员、中国管理现代化研究会企业并购研究专业委员会副主任委员、浙江财经大学讲座教授、上海证券交易所博士后流动站合作导师和《中国审计评论》执行主编等",浙江财经大学,8,3,4,2,"[""硕士"",""博士后""]","[""教授"",""导师""]",[]
"刘标,男,1973年10月出生,拥有厦门大学国际会计学士学位、同济大学工商管理硕士学位(MBA)、比利时联合商学院工商管理博士学位(DBA)、高级会计师和中国注册会计师资格",比利时联合商学院,5,3,5,3,"[""本科"",""硕士"",""博士后""]",[],"[""MBA"",""工商管理""]"
"刘标,男,1973年10月出生,拥有厦门大学国际会计学士学位、同济大学工商管理硕士学位(MBA)、比利时联合商学院工商管理博士学位(DBA)、高级会计师和中国注册会计师资格",同济大学,5,3,5,3,"[""本科"",""硕士"",""博士后""]",[],"[""MBA"",""工商管理""]"
"刘标,男,1973年10月出生,拥有厦门大学国际会计学士学位、同济大学工商管理硕士学位(MBA)、比利时联合商学院工商管理博士学位(DBA)、高级会计师和中国注册会计师资格",厦门大学,5,3,5,3,"[""本科"",""硕士"",""博士后""]",[],"[""MBA"",""工商管理""]"
"陈朱江先生,中国国籍,毕业于天津大学电化学专业、吉林大学企业管理硕士",天津大学,1,1,1,1,"[""硕士""]",[],[]
"陈朱江先生,中国国籍,毕业于天津大学电化学专业、吉林大学企业管理硕士",吉林大学,1,1,1,1,"[""硕士""]",[],[]
"曾任厦门大学经济学院助教、讲师、副教授,暨南大学管理学院副教授、会计学系副主任、会计学系主任、暨南大学国际学院副院长、暨南大学管理学院副院长",厦门大学,4,0,2,0,[],"[""教授"",""讲师""]",[]
"曾任厦门大学经济学院助教、讲师、副教授,暨南大学管理学院副教授、会计学系副主任、会计学系主任、暨南大学国际学院副院长、暨南大学管理学院副院长",暨南大学,4,0,3,0,[],"[""教授"",""院长""]","[""管理学""]"
"陈勇,男,汉族,1970年1月出生,中共党员,1991年7月本科毕业于安徽大学,1994年7月硕士毕业于中国人民大学",安徽大学,2,2,1,1,"[""本科""]",[],[]
"陈勇,男,汉族,1970年1月出生,中共党员,1991年7月本科毕业于安徽大学,1994年7月硕士毕业于中国人民大学",中国人民大学,2,2,1,1,"[""硕士""]",[],[]
"于1995年9月毕业于华西医科大学(现更名四川大学华西医学中心),并于2007年12月获得东华大学工商管理硕士学位",四川大学,2,1,0,0,[],[],[]
"于1995年9月毕业于华西医科大学(现更名四川大学华西医学中心),并于2007年12月获得东华大学工商管理硕士学位",华西医科大学,2,1,0,0,[],[],[]
"于1995年9月毕业于华西医科大学(现更名四川大学华西医学中心),并于2007年12月获得东华大学工商管理硕士学位",东华大学,2,1,2,1,"[""硕士""]",[],"[""工商管理""]"
"冯斌,男,汉族,1970年11月出生,中共预备党员,1992年7月本科毕业于哈尔滨工业大学,2001年9月硕士毕业于华中科技大学",哈尔滨工业大学,2,2,1,1,"[""本科""]",[],[]
"冯斌,男,汉族,1970年11月出生,中共预备党员,1992年7月本科毕业于哈尔滨工业大学,2001年9月硕士毕业于华中科技大学",华中科技大学,2,2,1,1,"[""硕士""]",[],[]
"李明先生,1973年9月出生,中南财经大学市场营销学士,中欧国际工商管理学院EMBA",中南财经大学,4,1,1,1,"[""学士""]",[],[]
"李明先生,1973年9月出生,中南财经大学市场营销学士,中欧国际工商管理学院EMBA",中欧国际工商管理学院,4,1,3,0,[],[],"[""MBA"",""管理学"",""工商管理""]"
"对外经济贸易大学经济学学士、美国国际管理研究生院(AGSIM,A.Z,U.S.A)国际管理硕士、对外经济贸易大学经济学博士",对外经济贸易大学,4,4,2,2,"[""本科"",""硕士""]",[],[]
"对外经济贸易大学经济学学士、美国国际管理研究生院(AGSIM,A.Z,U.S.A)国际管理硕士、对外经济贸易大学经济学博士",对外经济贸易大学,4,4,2,2,"[""硕士"",""博士后""]",[],[]
现任对外经济贸易大学国际经贸学院金融系教授、博士生导师,对外经济贸易大学,3,1,3,1,"[""博士""]","[""教授"",""导师""]",[]
"刘晓明先生,1971年7月出生,工程师、经济师,北京航空航天大学机械工程学士,中欧工商管理学院EMBA",北京航空航天大学,4,1,1,1,"[""学士""]",[],[]
"刘晓明先生,1971年7月出生,工程师、经济师,北京航空航天大学机械工程学士,中欧工商管理学院EMBA",中欧工商管理学院,4,1,3,0,[],[],"[""MBA"",""管理学"",""工商管理""]"
"曾任河北大学经济系教师,中国社会科学院数量经济与技术经济研究所副室主任、室主任、副所长,社科院工业经济研究所党委书记、副所长,深圳能源集团股份有限公司第六届董事会独立董事",河北大学,1,0,0,0,[],[],[]
"曾任河北大学经济系教师,中国社会科学院数量经济与技术经济研究所副室主任、室主任、副所长,社科院工业经济研究所党委书记、副所长,深圳能源集团股份有限公司第六届董事会独立董事",中国社会科学院,1,0,0,0,[],[],[]
"陈先生1984年毕业于华东纺织工学院(现东华大学),1989年起师从中国管理会计学创始人余绪缨教授和著名会计学家藤田昌也教授,1996年取得中日联合培养经济学(会计学)博士学位",华东纺织工学院,2,1,0,0,[],[],[]
"陈先生1984年毕业于华东纺织工学院(现东华大学),1989年起师从中国管理会计学创始人余绪缨教授和著名会计学家藤田昌也教授,1996年取得中日联合培养经济学(会计学)博士学位",东华大学,2,1,0,0,[],[],[]
"曾受聘为中国香港理工大学CAFR中心高级研究员,现为厦门大学EDP课程客座教授",香港理工大学,2,0,1,0,[],"[""研究员""]",[]
"曾受聘为中国香港理工大学CAFR中心高级研究员,现为厦门大学EDP课程客座教授",厦门大学,2,0,1,0,[],"[""教授""]",[]
辽宁大学、东北财经大学、延边大学、河南财经政法大学、中央财经大学国际金融研究中心、厦门大学经济学院、山东理工大学世界经济研究中心兼职教授,中央财经大学,1,0,1,0,[],"[""教授""]",[]
辽宁大学、东北财经大学、延边大学、河南财经政法大学、中央财经大学国际金融研究中心、厦门大学经济学院、山东理工大学世界经济研究中心兼职教授,辽宁大学,1,0,1,0,[],"[""教授""]",[]
辽宁大学、东北财经大学、延边大学、河南财经政法大学、中央财经大学国际金融研究中心、厦门大学经济学院、山东理工大学世界经济研究中心兼职教授,东北财经大学,1,0,1,0,[],"[""教授""]",[]
辽宁大学、东北财经大学、延边大学、河南财经政法大学、中央财经大学国际金融研究中心、厦门大学经济学院、山东理工大学世界经济研究中心兼职教授,延边大学,1,0,1,0,[],"[""教授""]",[]
辽宁大学、东北财经大学、延边大学、河南财经政法大学、中央财经大学国际金融研究中心、厦门大学经济学院、山东理工大学世界经济研究中心兼职教授,厦门大学,1,0,1,0,[],"[""教授""]",[]
辽宁大学、东北财经大学、延边大学、河南财经政法大学、中央财经大学国际金融研究中心、厦门大学经济学院、山东理工大学世界经济研究中心兼职教授,山东理工大学,1,0,1,0,[],"[""教授""]",[]
辽宁大学、东北财经大学、延边大学、河南财经政法大学、中央财经大学国际金融研究中心、厦门大学经济学院、山东理工大学世界经济研究中心兼职教授,河南财经政法大学,1,0,1,0,[],"[""教授""]",[]
"徐创越先生,1979年11月出生,北京物资学院学士,中欧国际商学院EMBA",北京物资学院,2,1,1,1,"[""学士""]",[],[]
"徐创越先生,1979年11月出生,北京物资学院学士,中欧国际商学院EMBA",中欧国际商学院,2,1,1,0,[],[],"[""MBA""]"
"兼任吉林大学商学院兼职教授,东北师范大学兼职教授,河北省南皮县经济发展委员会顾问",吉林大学,1,0,1,0,[],"[""教授""]",[]
"兼任吉林大学商学院兼职教授,东北师范大学兼职教授,河北省南皮县经济发展委员会顾问",东北师范大学,1,0,1,0,[],"[""教授""]",[]
"李江明,男,汉族,1983年6月出生,中共党员,2006年7月本科毕业于武汉科技大学,2015年7月硕士毕业于西安交通大学",武汉科技大学,2,2,1,1,"[""本科""]",[],[]
"李江明,男,汉族,1983年6月出生,中共党员,2006年7月本科毕业于武汉科技大学,2015年7月硕士毕业于西安交通大学",西安交通大学,2,2,1,1,"[""硕士""]",[],[]
"姜俊明,男,1978年2月出生,汉族,辽宁大连人,沈阳工业大学法学专业大学学历,北京大学金融学专业硕士学位",沈阳工业大学,1,1,0,0,[],[],[]
"姜俊明,男,1978年2月出生,汉族,辽宁大连人,沈阳工业大学法学专业大学学历,北京大学金融学专业硕士学位",北京大学,1,1,1,1,"[""硕士""]",[],[]
"黄勇峰先生,1974年5月出生,高级工程师,北京航空航天大学管理工程硕士,中欧国际工商学院EMBA",北京航空航天大学,2,1,1,1,"[""硕士""]",[],[]
"黄勇峰先生,1974年5月出生,高级工程师,北京航空航天大学管理工程硕士,中欧国际工商学院EMBA",中欧国际工商学院,2,1,1,0,[],[],"[""MBA""]"
"盛情女士,1976年4月出生,会计师、高级人力资源管理师,江西财经大学国际会计专门化专业学士,中国香港大学组织与人力资源管理硕士",江西财经大学,2,2,1,1,"[""学士""]",[],[]
"盛情女士,1976年4月出生,会计师、高级人力资源管理师,江西财经大学国际会计专门化专业学士,中国香港大学组织与人力资源管理硕士",香港大学,2,2,1,1,"[""硕士""]",[],[]
"麻美玲,女,汉族,1972年3月出生,中共党员,1994年7月本科毕业于山东农业大学,1997年7月硕士毕业于浙江大学(原浙江农业大学)",山东农业大学,2,2,1,1,"[""本科""]",[],[]
"麻美玲,女,汉族,1972年3月出生,中共党员,1994年7月本科毕业于山东农业大学,1997年7月硕士毕业于浙江大学(原浙江农业大学)",浙江大学,2,2,1,1,"[""硕士""]",[],[]
"麻美玲,女,汉族,1972年3月出生,中共党员,1994年7月本科毕业于山东农业大学,1997年7月硕士毕业于浙江大学(原浙江农业大学)",浙江农业大学,2,2,1,1,"[""硕士""]",[],[]
1984年7月至2003年8月历任中南财经大学(现中南财经政法大学)助教、讲师、副教授,中南财经政法大学,2,0,2,0,[],"[""教授"",""讲师""]",[]
1984年7月至2003年8月历任中南财经大学(现中南财经政法大学)助教、讲师、副教授,中南财经大学,2,0,2,0,[],"[""教授"",""讲师""]",[]
"姚长林,男,1968年1月出生,安徽财经大学会计学专业经济学学士、长江商学院工商管理硕士",长江商学院,3,2,3,2,"[""本科"",""硕士""]",[],"[""工商管理""]"
"姚长林,男,1968年1月出生,安徽财经大学会计学专业经济学学士、长江商学院工商管理硕士",安徽财经大学,3,2,3,2,"[""本科"",""硕士""]",[],"[""工商管理""]"
"陈振坤,男,38岁,获中国传媒大学管理学学士学位、清华大学-中国香港中文大学FMBA工商管理硕士学位",清华大学,5,2,5,2,"[""本科"",""硕士""]",[],"[""MBA"",""管理学"",""工商管理""]"
"陈振坤,男,38岁,获中国传媒大学管理学学士学位、清华大学-中国香港中文大学FMBA工商管理硕士学位",中国传媒大学,5,2,5,2,"[""本科"",""硕士""]",[],"[""MBA"",""管理学"",""工商管理""]"
"陈振坤,男,38岁,获中国传媒大学管理学学士学位、清华大学-中国香港中文大学FMBA工商管理硕士学位",香港中文大学,5,2,5,2,"[""本科"",""硕士""]",[],"[""MBA"",""管理学"",""工商管理""]"
"潘春雷,男,50岁,获内蒙古大学学士学位、清华大学-中国香港中文大学工商管理硕士学位",清华大学,3,2,3,2,"[""本科"",""硕士""]",[],"[""工商管理""]"
"潘春雷,男,50岁,获内蒙古大学学士学位、清华大学-中国香港中文大学工商管理硕士学位",内蒙古大学,3,2,3,2,"[""本科"",""硕士""]",[],"[""工商管理""]"
"潘春雷,男,50岁,获内蒙古大学学士学位、清华大学-中国香港中文大学工商管理硕士学位",香港中文大学,3,2,3,2,"[""本科"",""硕士""]",[],"[""工商管理""]"
"韩智敏,男,毕业于北京电子科技学院,北京大学市场营销专业研究生,美国北佛吉尼亚大学MBA管理硕士",北京电子科技学院,3,2,0,0,[],[],[]
"韩智敏,男,毕业于北京电子科技学院,北京大学市场营销专业研究生,美国北佛吉尼亚大学MBA管理硕士",北京大学,3,2,1,1,"[""研究生""]",[],[]
"吴艳萍,女,1975年出生,本科毕业于重庆建筑大学建筑学专业,中欧国际工商管理学院EMBA,中国国家一级注册建筑师",重庆建筑大学,4,1,1,1,"[""本科""]",[],[]
"吴艳萍,女,1975年出生,本科毕业于重庆建筑大学建筑学专业,中欧国际工商管理学院EMBA,中国国家一级注册建筑师",中欧国际工商管理学院,4,1,3,0,[],[],"[""MBA"",""管理学"",""工商管理""]"
"陈泽桐先生:1970年出生,西南政法大学法学学士,中国香港大学法学硕士,吉林大学法学博士",西南政法大学,3,3,1,1,"[""学士""]",[],[]
"陈泽桐先生:1970年出生,西南政法大学法学学士,中国香港大学法学硕士,吉林大学法学博士",香港大学,3,3,1,1,"[""硕士""]",[],[]
"陈泽桐先生:1970年出生,西南政法大学法学学士,中国香港大学法学硕士,吉林大学法学博士",吉林大学,3,3,1,1,"[""博士""]",[],[]
"男,1965年出生,四川大学化工机械专业,中国科技大学MBA",四川大学,1,0,0,0,[],[],[]
"男,1965年出生,四川大学化工机械专业,中国科技大学MBA",中国科技大学,1,0,1,0,[],[],"[""MBA""]"
"陈泽桐先生:1970年出生,西南政法大学法学学士,中国香港大学法学硕士,吉林大学法学博士",西南政法大学,3,3,1,1,"[""学士""]",[],[]
"陈泽桐先生:1970年出生,西南政法大学法学学士,中国香港大学法学硕士,吉林大学法学博士",香港大学,3,3,1,1,"[""硕士""]",[],[]
"陈泽桐先生:1970年出生,西南政法大学法学学士,中国香港大学法学硕士,吉林大学法学博士",吉林大学,3,3,1,1,"[""博士""]",[],[]
"王宝瑛先生,中国国籍,1964年7月出生,北京航空航天大学学士、中欧国际工商学院EMBA,研究员级高级工程师,无境外永久居留权",北京航空航天大学,3,1,2,1,"[""学士""]",[],"[""MBA""]"
"王宝瑛先生,中国国籍,1964年7月出生,北京航空航天大学学士、中欧国际工商学院EMBA,研究员级高级工程师,无境外永久居留权",中欧国际工商学院,3,1,2,1,"[""学士""]",[],"[""MBA""]"
"沈旸,男,37岁,获国防科学技术大学工学学士学位、上海交通大学工学硕士学位",上海交通大学,2,2,2,2,"[""本科"",""硕士""]",[],[]
"沈旸,男,37岁,获国防科学技术大学工学学士学位、上海交通大学工学硕士学位",国防科学技术大学,2,2,2,2,"[""本科"",""硕士""]",[],[]
先后就读于郑州大学外语系英美文学专业、北京大学心理学系应用心理学专业,北京大学,0,0,0,0,[],[],[]
先后就读于郑州大学外语系英美文学专业、北京大学心理学系应用心理学专业,郑州大学,0,0,0,0,[],[],[]
"王恺,男,1983年9月生,华中科技大学博士,中共党员,南方科技大学电子与电气工程系副教授、研究员",华中科技大学,3,1,1,1,"[""博士""]",[],[]
"王恺,男,1983年9月生,华中科技大学博士,中共党员,南方科技大学电子与电气工程系副教授、研究员",南方科技大学,3,1,2,0,[],"[""教授"",""研究员""]",[]
"龙光明先生,男,1983年出生,毕业于石家庄经济学院及中国人民大学,获法学学士学位及民商法学硕士学位,北京大学汇丰商学院EMBA在读,具有法律职业资格证书(A证)、证券从业资格证",中国人民大学,3,2,0,0,[],[],[]
"龙光明先生,男,1983年出生,毕业于石家庄经济学院及中国人民大学,获法学学士学位及民商法学硕士学位,北京大学汇丰商学院EMBA在读,具有法律职业资格证书(A证)、证券从业资格证",汇丰商学院,3,2,1,0,[],[],"[""MBA""]"
"龙光明先生,男,1983年出生,毕业于石家庄经济学院及中国人民大学,获法学学士学位及民商法学硕士学位,北京大学汇丰商学院EMBA在读,具有法律职业资格证书(A证)、证券从业资格证",北京大学,3,2,1,0,[],[],"[""MBA""]"
"现任复旦大学管理学院教授、博士生导师,复旦大学创业与创业投资研究中心执行主任,兼任中国香港大学商学院客座教授,清华大学深圳研究院特聘教授,东北财经大学EMBA特聘教授,上海郑明现代物流集团郑明现代物流研究所研究员,中华发展经济学研究会理事,中国海关学会理事,爹地宝贝股份有限公司独立董事,深圳市新纶科技股份有限公司(股票代码:002341)独立董事及公司第七届董事会独立董事",复旦大学,6,1,4,1,"[""博士""]","[""教授"",""导师""]","[""管理学""]"
"现任复旦大学管理学院教授、博士生导师,复旦大学创业与创业投资研究中心执行主任,兼任中国香港大学商学院客座教授,清华大学深圳研究院特聘教授,东北财经大学EMBA特聘教授,上海郑明现代物流集团郑明现代物流研究所研究员,中华发展经济学研究会理事,中国海关学会理事,爹地宝贝股份有限公司独立董事,深圳市新纶科技股份有限公司(股票代码:002341)独立董事及公司第七届董事会独立董事",复旦大学,6,1,0,0,[],[],[]
"现任复旦大学管理学院教授、博士生导师,复旦大学创业与创业投资研究中心执行主任,兼任中国香港大学商学院客座教授,清华大学深圳研究院特聘教授,东北财经大学EMBA特聘教授,上海郑明现代物流集团郑明现代物流研究所研究员,中华发展经济学研究会理事,中国海关学会理事,爹地宝贝股份有限公司独立董事,深圳市新纶科技股份有限公司(股票代码:002341)独立董事及公司第七届董事会独立董事",香港大学,6,1,1,0,[],"[""教授""]",[]
"现任复旦大学管理学院教授、博士生导师,复旦大学创业与创业投资研究中心执行主任,兼任中国香港大学商学院客座教授,清华大学深圳研究院特聘教授,东北财经大学EMBA特聘教授,上海郑明现代物流集团郑明现代物流研究所研究员,中华发展经济学研究会理事,中国海关学会理事,爹地宝贝股份有限公司独立董事,深圳市新纶科技股份有限公司(股票代码:002341)独立董事及公司第七届董事会独立董事",清华大学,6,1,1,0,[],"[""教授""]",[]
"现任复旦大学管理学院教授、博士生导师,复旦大学创业与创业投资研究中心执行主任,兼任中国香港大学商学院客座教授,清华大学深圳研究院特聘教授,东北财经大学EMBA特聘教授,上海郑明现代物流集团郑明现代物流研究所研究员,中华发展经济学研究会理事,中国海关学会理事,爹地宝贝股份有限公司独立董事,深圳市新纶科技股份有限公司(股票代码:002341)独立董事及公司第七届董事会独立董事",东北财经大学,6,1,2,0,[],"[""教授""]","[""MBA""]"
历任山东省济南市税务局税务专管员、日本广岛大学法学部客座研究员、深圳大学法学院副教授,日本广岛大学,2,0,2,0,[],"[""教授"",""研究员""]",[]
历任山东省济南市税务局税务专管员、日本广岛大学法学部客座研究员、深圳大学法学院副教授,深圳大学,2,0,2,0,[],"[""教授"",""研究员""]",[]
"现任深圳大学经济学教授、博士后导师、经济学院教授委员会主任,深圳大学国际金融研究所所长,深圳大学金融学(国家一级学科)科点负责人,北京大学光华管理学院博士生导师,兼任岭南生态文旅股份有限公司独立董事、中国世界经济学会理事、全国美国经济学会理事等",深圳大学,5,2,3,1,"[""博士后""]","[""教授"",""导师""]",[]
"现任深圳大学经济学教授、博士后导师、经济学院教授委员会主任,深圳大学国际金融研究所所长,深圳大学金融学(国家一级学科)科点负责人,北京大学光华管理学院博士生导师,兼任岭南生态文旅股份有限公司独立董事、中国世界经济学会理事、全国美国经济学会理事等",深圳大学,5,2,0,0,[],[],[]
"现任深圳大学经济学教授、博士后导师、经济学院教授委员会主任,深圳大学国际金融研究所所长,深圳大学金融学(国家一级学科)科点负责人,北京大学光华管理学院博士生导师,兼任岭南生态文旅股份有限公司独立董事、中国世界经济学会理事、全国美国经济学会理事等",深圳大学,5,2,0,0,[],[],[]
"现任深圳大学经济学教授、博士后导师、经济学院教授委员会主任,深圳大学国际金融研究所所长,深圳大学金融学(国家一级学科)科点负责人,北京大学光华管理学院博士生导师,兼任岭南生态文旅股份有限公司独立董事、中国世界经济学会理事、全国美国经济学会理事等",北京大学,5,2,3,1,"[""博士""]","[""导师""]","[""管理学""]"
"高建勋先生,1978年生,中国共产党党员,清华大学公共管理硕士,中国人民大学管理学博士,曾任东方园林股份有限公司生态集团副总裁、东旭蓝天新能源股份有限公司生态事业部副总裁,现任东旭集团有限公司董事长办公室副主任",清华大学,3,2,1,1,"[""硕士""]",[],[]
"高建勋先生,1978年生,中国共产党党员,清华大学公共管理硕士,中国人民大学管理学博士,曾任东方园林股份有限公司生态集团副总裁、东旭蓝天新能源股份有限公司生态事业部副总裁,现任东旭集团有限公司董事长办公室副主任",中国人民大学,3,2,2,1,"[""博士""]",[],"[""管理学""]"
"陈宏良,男,1968年11月出生,研究员级高级经济师,中山大学经济学学士,同济大学工商管理硕士,中欧国际工商学院EMBA",中山大学,5,2,1,1,"[""学士""]",[],[]
"陈宏良,男,1968年11月出生,研究员级高级经济师,中山大学经济学学士,同济大学工商管理硕士,中欧国际工商学院EMBA",同济大学,5,2,2,1,"[""硕士""]",[],"[""工商管理""]"
"陈宏良,男,1968年11月出生,研究员级高级经济师,中山大学经济学学士,同济大学工商管理硕士,中欧国际工商学院EMBA",中欧国际工商学院,5,2,1,0,[],[],"[""MBA""]"
"孙永茂,男,1963年8月出生,兰州大学化学专业本科,清华大学有机化学专业硕士研究生、中欧国际工商学院EMBA",兰州大学,4,3,1,1,"[""本科""]",[],[]
"孙永茂,男,1963年8月出生,兰州大学化学专业本科,清华大学有机化学专业硕士研究生、中欧国际工商学院EMBA",清华大学,4,3,2,1,"[""硕士""]",[],"[""MBA""]"
"孙永茂,男,1963年8月出生,兰州大学化学专业本科,清华大学有机化学专业硕士研究生、中欧国际工商学院EMBA",中欧国际工商学院,4,3,2,1,"[""硕士""]",[],"[""MBA""]"
"郑康豪先生,男,1976年出生,曾就读于深圳大学工商管理专业,天津大学工商管理硕士学位",深圳大学,2,1,1,0,[],[],"[""工商管理""]"
"郑康豪先生,男,1976年出生,曾就读于深圳大学工商管理专业,天津大学工商管理硕士学位",天津大学,2,1,2,1,"[""硕士""]",[],"[""工商管理""]"
"李先生于1991年7月毕业于吉林大学历史系学士,于1997年12月获南京大学国际商学院颁发工商管理硕士,又于2001年6月获吉林大学颁授世界经济博士",吉林大学,4,3,1,1,"[""学士""]",[],[]
"李先生于1991年7月毕业于吉林大学历史系学士,于1997年12月获南京大学国际商学院颁发工商管理硕士,又于2001年6月获吉林大学颁授世界经济博士",南京大学,4,3,2,1,"[""硕士""]",[],"[""工商管理""]"
"李先生于1991年7月毕业于吉林大学历史系学士,于1997年12月获南京大学国际商学院颁发工商管理硕士,又于2001年6月获吉林大学颁授世界经济博士",吉林大学,4,3,1,1,"[""博士""]",[],[]
彼于1992年自天津财经学院（现称天津财经大学）获得经济学博士学位,天津财经学院,1,1,1,1,"[""博士""]",[],[]
彼于1992年自天津财经学院（现称天津财经大学）获得经济学博士学位,天津财经大学,1,1,1,1,"[""博士""]",[],[]
"北京大学公共管理硕士(MPA)专业硕士,西安交通大学应用经济学专业硕士",北京大学,1,1,1,1,"[""硕士""]",[],[]
"北京大学公共管理硕士(MPA)专业硕士,西安交通大学应用经济学专业硕士",西安交通大学,1,1,1,1,"[""硕士""]",[],[]
"黄亚英先生:1962年出生,中国国籍,无境外永久居留权,吉林大学法学专业学士,中国政法大学法学硕士,中共党员",吉林大学,2,2,1,1,"[""学士""]",[],[]
"黄亚英先生:1962年出生,中国国籍,无境外永久居留权,吉林大学法学专业学士,中国政法大学法学硕士,中共党员",中国政法大学,2,2,1,1,"[""硕士""]",[],[]
"叶晓东,男,1973年出生,中共党员,本科毕业于中国人民大学会计系会计专业,吉林大学世界经济专业研究生",中国人民大学,2,2,1,1,"[""本科""]",[],[]
"叶晓东,男,1973年出生,中共党员,本科毕业于中国人民大学会计系会计专业,吉林大学世界经济专业研究生",吉林大学,2,2,1,1,"[""研究生""]",[],[]
"胡先生1992年6月毕业于武汉水运工程学院管理工程系财务会计专业,2009年5月获上海财经大学工商管理硕士(MBA)学位",武汉水运工程学院,3,1,0,0,[],[],[]
"胡先生1992年6月毕业于武汉水运工程学院管理工程系财务会计专业,2009年5月获上海财经大学工商管理硕士(MBA)学位",上海财经大学,3,1,3,1,"[""硕士""]",[],"[""MBA"",""工商管理""]"
"姚晨航,男,1977年出生,武汉大学法学硕士,中欧国际工商学院EMBA,保荐代表人、证券从业资格、基金从业资格",武汉大学,2,1,1,1,"[""硕士""]",[],[]
"姚晨航,男,1977年出生,武汉大学法学硕士,中欧国际工商学院EMBA,保荐代表人、证券从业资格、基金从业资格",中欧国际工商学院,2,1,1,0,[],[],"[""MBA""]"
"彭伟东,男,1972年出生,广东工学院土木工程系本科毕业,清华大学建筑与土木工程硕士,北京大学光华管理学院EMBA,持有高级工程师、房地产经济师、建筑经济师、结构工程师等职称,一级房建建造师、造价工程师、监理工程师、资产评估师等执业资格",广东工学院,4,2,1,1,"[""本科""]",[],[]
"彭伟东,男,1972年出生,广东工学院土木工程系本科毕业,清华大学建筑与土木工程硕士,北京大学光华管理学院EMBA,持有高级工程师、房地产经济师、建筑经济师、结构工程师等职称,一级房建建造师、造价工程师、监理工程师、资产评估师等执业资格",清华大学,4,2,1,1,"[""硕士""]",[],[]
"彭伟东,男,1972年出生,广东工学院土木工程系本科毕业,清华大学建筑与土木工程硕士,北京大学光华管理学院EMBA,持有高级工程师、房地产经济师、建筑经济师、结构工程师等职称,一级房建建造师、造价工程师、监理工程师、资产评估师等执业资格",北京大学,4,2,2,0,[],[],"[""MBA"",""管理学""]"
"余玉苗先生,1965年10月出生,中国国籍,无境外永久居留权,武汉大学经济学博士、厦门大学管理学(会计学)博士后,美国加州大学、中国香港科技大学高级访问学者",厦门大学,4,2,2,1,"[""博士后""]",[],"[""管理学""]"
"余玉苗先生,1965年10月出生,中国国籍,无境外永久居留权,武汉大学经济学博士、厦门大学管理学(会计学)博士后,美国加州大学、中国香港科技大学高级访问学者",武汉大学,4,2,2,1,"[""博士后""]",[],"[""管理学""]"
"余玉苗先生,1965年10月出生,中国国籍,无境外永久居留权,武汉大学经济学博士、厦门大学管理学(会计学)博士后,美国加州大学、中国香港科技大学高级访问学者",香港科技大学,4,2,1,0,[],"[""访问学者""]",[]
"余玉苗先生,1965年10月出生,中国国籍,无境外永久居留权,武汉大学经济学博士、厦门大学管理学(会计学)博士后,美国加州大学、中国香港科技大学高级访问学者",加州大学,4,2,1,0,[],"[""访问学者""]",[]
"熊建明:男,63岁,工商管理哲学博士,高级工程师,北京建筑工程学院及南昌大学兼职教授",北京建筑工程学,3,1,1,0,[],"[""教授""]",[]
"熊建明:男,63岁,工商管理哲学博士,高级工程师,北京建筑工程学院及南昌大学兼职教授",南昌大学,3,1,1,0,[],"[""教授""]",[]
"马晨笛女士,女,1989年出生,武汉大学管理学、中南财经政法大学经济学双学士学位",武汉大学,2,1,2,1,"[""学士""]",[],"[""管理学""]"
"马晨笛女士,女,1989年出生,武汉大学管理学、中南财经政法大学经济学双学士学位",中南财经政法大学,2,1,2,1,"[""学士""]",[],"[""管理学""]"
"及(ii)张先生过往三年在上市公司担任的董事职务:亚太财产保险有限公司,泛海实业股份有限公司,武汉中央商务区股份有限公司,中泛控股有限公司(于中国香港联交所上市(股份代号:715.HK)),武汉中央商务区运营发展有限公司,中国民生信托有限公司,中国通海国际金融有限公司(于中国香港联交所上市(股份代号:0952.HK))(前称华富国际控股有限公司和中国泛海国际金融有限公司,直至2018年5月),民生证券股份有限公司,张先生于1995年6月自位于中国北京市的中央财政金融学院(现称中央财经大学)获得经济学学士学位,主修会计学",中央财政金融学院,1,1,1,1,"[""学士""]",[],[]
"及(ii)张先生过往三年在上市公司担任的董事职务:亚太财产保险有限公司,泛海实业股份有限公司,武汉中央商务区股份有限公司,中泛控股有限公司(于中国香港联交所上市(股份代号:715.HK)),武汉中央商务区运营发展有限公司,中国民生信托有限公司,中国通海国际金融有限公司(于中国香港联交所上市(股份代号:0952.HK))(前称华富国际控股有限公司和中国泛海国际金融有限公司,直至2018年5月),民生证券股份有限公司,张先生于1995年6月自位于中国北京市的中央财政金融学院(现称中央财经大学)获得经济学学士学位,主修会计学",中央财经大学,1,1,1,1,"[""学士""]",[],[]
"2005年1月至今,任厦门大学会计发展研究中心科研助理,2014年11月至今,任厦门国家会计学院讲师、硕士生导师,管理会计与财务管理研究所副所长,2020年4月至今,任公司独立董事",厦门大学,3,1,0,0,[],[],[]
"2005年1月至今,任厦门大学会计发展研究中心科研助理,2014年11月至今,任厦门国家会计学院讲师、硕士生导师,管理会计与财务管理研究所副所长,2020年4月至今,任公司独立董事",厦门国家会计学院,3,1,3,1,"[""硕士""]","[""导师"",""讲师""]",[]
"刘海波先生,男,1980年出生,毕业于哈尔滨商业大学法学院及西北工业大学管理学院,获法学学士学位及工商管理硕士学位,北京大学汇丰商学院EMBA在读",哈尔滨商业大学,5,2,1,0,[],[],"[""管理学""]"
"刘海波先生,男,1980年出生,毕业于哈尔滨商业大学法学院及西北工业大学管理学院,获法学学士学位及工商管理硕士学位,北京大学汇丰商学院EMBA在读",西北工业大学,5,2,1,0,[],[],"[""管理学""]"
"刘海波先生,男,1980年出生,毕业于哈尔滨商业大学法学院及西北工业大学管理学院,获法学学士学位及工商管理硕士学位,北京大学汇丰商学院EMBA在读",汇丰商学院,5,2,1,0,[],[],"[""MBA""]"
"刘海波先生,男,1980年出生,毕业于哈尔滨商业大学法学院及西北工业大学管理学院,获法学学士学位及工商管理硕士学位,北京大学汇丰商学院EMBA在读",北京大学,5,2,1,0,[],[],"[""MBA""]"
"现任南方科技大学深港微电子学院副院长,深圳大学客座教授",南方科技大学,2,0,1,0,[],"[""院长""]",[]
"现任南方科技大学深港微电子学院副院长,深圳大学客座教授",深圳大学,2,0,1,0,[],"[""教授""]",[]
"李斌先生,中国长城计算机深圳股份有限公司监事,中国国籍,毕业于大连工学院(现大连理工大学),研究生学历,硕士学位,高级工程师",大连工学院,2,2,0,0,[],[],[]
"李斌先生,中国长城计算机深圳股份有限公司监事,中国国籍,毕业于大连工学院(现大连理工大学),研究生学历,硕士学位,高级工程师",大连理工大学,2,2,0,0,[],[],[]
"西安电子科技大学电子与通信工程专业,工程硕士学位",西安电子科技大学,1,1,0,0,[],[],[]
"1990年毕业于中国青年政治学院,北京大学EMBA,吉林大学经济学博士",中国青年政治学院,2,1,0,0,[],[],[]
"1990年毕业于中国青年政治学院,北京大学EMBA,吉林大学经济学博士",北京大学,2,1,1,0,[],[],"[""MBA""]"
"1990年毕业于中国青年政治学院,北京大学EMBA,吉林大学经济学博士",吉林大学,2,1,1,1,"[""博士""]",[],[]
"蓝庆新先生简历:蓝庆新,男,1976年1月生,南开大学博士,对外经济贸易大学教授、博士生导师,主要负责产业经济和世界经济的教学与研究",南开大学,3,1,1,1,"[""博士""]",[],[]
"蓝庆新先生简历:蓝庆新,男,1976年1月生,南开大学博士,对外经济贸易大学教授、博士生导师,主要负责产业经济和世界经济的教学与研究",对外经济贸易大学,3,1,3,1,"[""博士""]","[""教授"",""导师""]",[]
"曾任天津市政工程局职员,2005年8月至今任职于对外经济贸易大学",对外经济贸易大学,0,0,0,0,[],[],[]
"现任中弘控股股份有限公司独立董事,兼任北京师范大学人本中心研究员、北京大学光华天成博士后流动站博士后导师",北京大学,4,2,3,1,"[""博士后""]","[""研究员"",""导师""]",[]
"现任中弘控股股份有限公司独立董事,兼任北京师范大学人本中心研究员、北京大学光华天成博士后流动站博士后导师",北京师范大学,4,2,3,1,"[""博士后""]","[""研究员"",""导师""]",[]
"王培先,男,1971年8月生,山东滕州人,复旦大学经济学博士,1995年7月毕业于西安交通大学物理学本科,1995年8月至1996年12月任青岛海信电器公司技术员,1997年9月至2003年7月就读复旦大学获经济学硕士、博士(全日制),2003年7月至2010年9月历任深圳市政府办公厅财金处主任科员、副处长,2010年10月至2015年5月历任深圳市国资委综合规划处副处长、处长,2015年5月至2017年11月,任深圳机场集团有限公司监事会主席",复旦大学,3,3,1,1,"[""博士""]",[],[]
"王培先,男,1971年8月生,山东滕州人,复旦大学经济学博士,1995年7月毕业于西安交通大学物理学本科,1995年8月至1996年12月任青岛海信电器公司技术员,1997年9月至2003年7月就读复旦大学获经济学硕士、博士(全日制),2003年7月至2010年9月历任深圳市政府办公厅财金处主任科员、副处长,2010年10月至2015年5月历任深圳市国资委综合规划处副处长、处长,2015年5月至2017年11月,任深圳机场集团有限公司监事会主席",西安交通大学,3,3,1,1,"[""本科""]",[],[]
"王培先,男,1971年8月生,山东滕州人,复旦大学经济学博士,1995年7月毕业于西安交通大学物理学本科,1995年8月至1996年12月任青岛海信电器公司技术员,1997年9月至2003年7月就读复旦大学获经济学硕士、博士(全日制),2003年7月至2010年9月历任深圳市政府办公厅财金处主任科员、副处长,2010年10月至2015年5月历任深圳市国资委综合规划处副处长、处长,2015年5月至2017年11月,任深圳机场集团有限公司监事会主席",复旦大学,3,3,2,2,"[""硕士"",""博士后""]",[],[]
"李先生毕业于厦门大学会计系,是中国第一位审计学博士学位获得者,曾先后留学比利时鲁汶大学、美国麻省理工学院等知名学府,曾任厦门大学经济学院会计系副主任、经济学院副院长,复旦大学管理学院副院长、会计系主任及金融系主任,上海证券交易所上市公司咨询专家委员会委员,财政部会计准则委员会咨询专家",厦门大学,3,1,0,0,[],[],[]
"李先生毕业于厦门大学会计系,是中国第一位审计学博士学位获得者,曾先后留学比利时鲁汶大学、美国麻省理工学院等知名学府,曾任厦门大学经济学院会计系副主任、经济学院副院长,复旦大学管理学院副院长、会计系主任及金融系主任,上海证券交易所上市公司咨询专家委员会委员,财政部会计准则委员会咨询专家",麻省理工,3,1,0,0,[],[],[]
"李先生毕业于厦门大学会计系,是中国第一位审计学博士学位获得者,曾先后留学比利时鲁汶大学、美国麻省理工学院等知名学府,曾任厦门大学经济学院会计系副主任、经济学院副院长,复旦大学管理学院副院长、会计系主任及金融系主任,上海证券交易所上市公司咨询专家委员会委员,财政部会计准则委员会咨询专家",厦门大学,3,1,1,0,[],"[""院长""]",[]
"李先生毕业于厦门大学会计系,是中国第一位审计学博士学位获得者,曾先后留学比利时鲁汶大学、美国麻省理工学院等知名学府,曾任厦门大学经济学院会计系副主任、经济学院副院长,复旦大学管理学院副院长、会计系主任及金融系主任,上海证券交易所上市公司咨询专家委员会委员,财政部会计准则委员会咨询专家",复旦大学,3,1,2,0,[],"[""院长""]","[""管理学""]"
"李颖琦,女,1976年7月生,具有独立董事资格,复旦大学管理学博士,现任上海国家会计学院教授、全国会计领军人才、中国注册会计师协会资深会员(非执业)",复旦大学,3,1,2,1,"[""博士""]",[],"[""管理学""]"
"李颖琦,女,1976年7月生,具有独立董事资格,复旦大学管理学博士,现任上海国家会计学院教授、全国会计领军人才、中国注册会计师协会资深会员(非执业)",上海国家会计学院,3,1,1,0,[],"[""教授""]",[]
"1970年5月生,毕业于中南财经大学投资系,长江商学院EMBA",中南财经大学,1,0,0,0,[],[],[]
"1970年5月生,毕业于中南财经大学投资系,长江商学院EMBA",长江商学院,1,0,1,0,[],[],"[""MBA""]"
"庄先生于1988年毕业于华东政法大学获得法学学士学位,1991年获对外经济贸易大学国际经济法硕士学位,具有中国律师资格",华东政法大学,2,2,1,1,"[""学士""]",[],[]
"庄先生于1988年毕业于华东政法大学获得法学学士学位,1991年获对外经济贸易大学国际经济法硕士学位,具有中国律师资格",对外经济贸易大学,2,2,1,1,"[""硕士""]",[],[]
"1983年毕业于哈尔滨工业大学,南开大学政治经济学博士,教授",哈尔滨工业大学,2,1,0,0,[],[],[]
"1983年毕业于哈尔滨工业大学,南开大学政治经济学博士,教授",南开大学,2,1,1,1,"[""博士""]",[],[]
"1992年毕业于暨南大学会计系会计学专业,获经济学学士,1999年6月至2002年6月,在中南财经政法大学会计学院会计学专业学习,获管理学硕士学位",暨南大学,3,2,0,0,[],[],[]
"1992年毕业于暨南大学会计系会计学专业,获经济学学士,1999年6月至2002年6月,在中南财经政法大学会计学院会计学专业学习,获管理学硕士学位",中南财经政法大学,3,2,0,0,[],[],[]
"1964年10月出生,荷兰国籍,中国科学院金属研究所材料科学博士,荷兰阿姆斯特丹大学物理学博士,1994年至1995年,在英国剑桥大学从事博士后研究",中国科学院,2,2,1,1,"[""博士""]",[],[]
"1964年10月出生,荷兰国籍,中国科学院金属研究所材料科学博士,荷兰阿姆斯特丹大学物理学博士,1994年至1995年,在英国剑桥大学从事博士后研究",剑桥大学,2,2,1,1,"[""博士后""]",[],[]
"杭州电子工业学院财务会计专业毕业,北京大学世界经济专业在职研究生学历",杭州电子工业学院,1,1,0,0,[],[],[]
"杭州电子工业学院财务会计专业毕业,北京大学世界经济专业在职研究生学历",北京大学,1,1,1,1,"[""研究生""]",[],[]
历任杭州电子工业学院会计系教师、陕西财经学院会计系教师、深圳南方民和会计师事务所主任会计师、中审国际会计师事务所有限公司主任会计师、深圳市注册资产评估师协会常务理事、深圳市注册会计师协会副会长、深圳市特力(集团)股份有限公司独立董事、华泰联合证券股份有限责任公司独立董事、北京金一文化发展股份有限公司独立董事等职务,陕西财经学院,0,0,0,0,[],[],[]
历任杭州电子工业学院会计系教师、陕西财经学院会计系教师、深圳南方民和会计师事务所主任会计师、中审国际会计师事务所有限公司主任会计师、深圳市注册资产评估师协会常务理事、深圳市注册会计师协会副会长、深圳市特力(集团)股份有限公司独立董事、华泰联合证券股份有限责任公司独立董事、北京金一文化发展股份有限公司独立董事等职务,杭州电子工业学院,0,0,0,0,[],[],[]
"张冠杰,1962年生,中共党员,北京理工大学电子工程系雷达技术专业,工学学士,西安电子科技大学电子工程学院信息与通信专业,工学博士,研究员级高级工程师",北京理工大学,3,2,0,0,[],[],[]
"张冠杰,1962年生,中共党员,北京理工大学电子工程系雷达技术专业,工学学士,西安电子科技大学电子工程学院信息与通信专业,工学博士,研究员级高级工程师",西安电子科技大学,3,2,0,0,[],[],[]
"现兼职中国阿拉伯友好协会副会长,中国非洲友好协会常务理事,中国对外承包工程商会专家委员会副主任委员,中国国际工程咨询协会专家委员会国际经济委员会副主任委员,中南大学兼职教授,石家庄铁道大学兼职教授",中南大学,1,0,1,0,[],"[""教授""]",[]
"现兼职中国阿拉伯友好协会副会长,中国非洲友好协会常务理事,中国对外承包工程商会专家委员会副主任委员,中国国际工程咨询协会专家委员会国际经济委员会副主任委员,中南大学兼职教授,石家庄铁道大学兼职教授",石家庄铁道大学,1,0,1,0,[],"[""教授""]",[]
"章卫东先生:男,1963年出生,中共党员,华中科技大学管理学博士学位,武汉大学经济与管理学院工商管理(财务管理方向)博士后",华中科技大学,4,2,2,1,"[""博士""]",[],"[""管理学""]"
"章卫东先生:男,1963年出生,中共党员,华中科技大学管理学博士学位,武汉大学经济与管理学院工商管理(财务管理方向)博士后",武汉大学,4,2,3,1,"[""博士后""]",[],"[""管理学"",""工商管理""]"
"阎先生于1982年从南京航空学院取得工程学学士学位,于1984年至1986年在北京大学学习社会学硕士学位",南京航空学院,2,2,1,1,"[""学士""]",[],[]
"阎先生于1982年从南京航空学院取得工程学学士学位,于1984年至1986年在北京大学学习社会学硕士学位",北京大学,2,2,1,1,"[""硕士""]",[],[]
"主管药师,经济师,高级物流师,毕业于郑州大学药学专业,中国人民大学医药行业工商管理(MBA)",郑州大学,2,0,0,0,[],[],[]
"主管药师,经济师,高级物流师,毕业于郑州大学药学专业,中国人民大学医药行业工商管理(MBA)",中国人民大学,2,0,2,0,[],[],"[""MBA"",""工商管理""]"
"王先生于1995年毕业于北方交通大学(现易名为“北京交通大学”)电力牵引与传动控制专业,获得工学学士学位",北京交通大学,1,1,0,0,[],[],[]
"王先生于1995年毕业于北方交通大学(现易名为“北京交通大学”)电力牵引与传动控制专业,获得工学学士学位",北方交通大学,1,1,0,0,[],[],[]
"何先生于1991年8月至1999年8月任美国休斯顿大学助理教授、副教授(终身教职),1996年8月至2015年7月任中国香港中文大学财务学系教授,2001年6月至2002年7月任中国证券监督管理委员会规划发展委员会委员,2001年6月至2002年10月任深圳证券交易所综合研究所所长,2015年8月至2016年11月任深圳市索菱实业股份有限公司(深交所中小企业板上市公司)独立董事,2014年5月至2019年5月任深圳市新国都股份有限公司(深交所创业板上市公司)独立董事",休斯顿大学,1,0,1,0,[],"[""教授""]",[]
"何先生于1991年8月至1999年8月任美国休斯顿大学助理教授、副教授(终身教职),1996年8月至2015年7月任中国香港中文大学财务学系教授,2001年6月至2002年7月任中国证券监督管理委员会规划发展委员会委员,2001年6月至2002年10月任深圳证券交易所综合研究所所长,2015年8月至2016年11月任深圳市索菱实业股份有限公司(深交所中小企业板上市公司)独立董事,2014年5月至2019年5月任深圳市新国都股份有限公司(深交所创业板上市公司)独立董事",香港中文大学,1,0,1,0,[],"[""教授""]",[]
"何先生于1978年毕业于黑龙江大学数学专业(工农兵学员),1983年获上海交通大学计算机科学和决策科学工程专业双硕士学位,1988年获美国宾悉法尼亚大学沃顿商学院金融财务专业博士学位",黑龙江大学,2,2,0,0,[],[],[]
"何先生于1978年毕业于黑龙江大学数学专业(工农兵学员),1983年获上海交通大学计算机科学和决策科学工程专业双硕士学位,1988年获美国宾悉法尼亚大学沃顿商学院金融财务专业博士学位",上海交通大学,2,2,1,1,"[""硕士""]",[],[]
"何先生于1978年毕业于黑龙江大学数学专业(工农兵学员),1983年获上海交通大学计算机科学和决策科学工程专业双硕士学位,1988年获美国宾悉法尼亚大学沃顿商学院金融财务专业博士学位",沃顿商学院,2,2,1,1,"[""博士""]",[],[]
"方女士于1987年毕业于南京邮电学院(现更名为“南京邮电大学”)通信工程专业,获工学学士学位",南京邮电学院,1,1,0,0,[],[],[]
"方女士于1987年毕业于南京邮电学院(现更名为“南京邮电大学”)通信工程专业,获工学学士学位",南京邮电大学,1,1,0,0,[],[],[]
"范崇澜,女,1977年6月出生,汉族,湖北武汉人,深圳大学运输经济学专业本科学历,经济学学士,北方交通大学经管学院产业经济学硕士,经济师",深圳大学,3,3,1,1,"[""本科""]",[],[]
"范崇澜,女,1977年6月出生,汉族,湖北武汉人,深圳大学运输经济学专业本科学历,经济学学士,北方交通大学经管学院产业经济学硕士,经济师",北方交通大学,3,3,1,1,"[""硕士""]",[],[]
历任广州华南工学院(现华南理工大学)数力系、管理工程系教师、中国香港中文大学访问学者、华南理工大学副教授,华南工学院,2,0,2,0,[],"[""教授"",""访问学者""]",[]
历任广州华南工学院(现华南理工大学)数力系、管理工程系教师、中国香港中文大学访问学者、华南理工大学副教授,华南理工大学,2,0,2,0,[],"[""教授"",""访问学者""]",[]
历任广州华南工学院(现华南理工大学)数力系、管理工程系教师、中国香港中文大学访问学者、华南理工大学副教授,香港中文大学,2,0,2,0,[],"[""教授"",""访问学者""]",[]
"赵文梁,男,1975年出生,毕业于哈尔滨师范大学,武汉理工大学工商管理专业学位",哈尔滨师范大学,1,0,0,0,[],[],[]
"赵文梁,男,1975年出生,毕业于哈尔滨师范大学,武汉理工大学工商管理专业学位",武汉理工大学,1,0,1,0,[],[],"[""工商管理""]"
"1993年7月中南政法学院经济法专业毕业,中南财经政法大学法律硕士,中共中央党校经济管理研究生",中南政法学院,2,2,0,0,[],[],[]
"1993年7月中南政法学院经济法专业毕业,中南财经政法大学法律硕士,中共中央党校经济管理研究生",中南财经政法大学,2,2,1,1,"[""硕士""]",[],[]
"郭刚先生,1971年11月生,毕业于南京大学物理学专业、美国亚利桑那州立大学MBA",亚利桑那州立大学,1,0,1,0,[],[],"[""MBA""]"
"郭刚先生,1971年11月生,毕业于南京大学物理学专业、美国亚利桑那州立大学MBA",南京大学,1,0,1,0,[],[],"[""MBA""]"
"罗乐职工监事简历:女,1974年出生,毕业于北京联合大学应用电子技术专业,工学学士,中央财经大学投资专业,经济学硕士,高级经济师",北京联合大学,2,2,0,0,[],[],[]
"罗乐职工监事简历:女,1974年出生,毕业于北京联合大学应用电子技术专业,工学学士,中央财经大学投资专业,经济学硕士,高级经济师",中央财经大学,2,2,0,0,[],[],[]
"曾任河南财经政法大学、南开大学教授,综合开发研究院(中国.深圳)研究员、深圳市海王生物工程股份有限公司独立董事",南开大学,2,0,1,0,[],"[""教授""]",[]
"曾任河南财经政法大学、南开大学教授,综合开发研究院(中国.深圳)研究员、深圳市海王生物工程股份有限公司独立董事",河南财经政法大学,2,0,1,0,[],"[""教授""]",[]
"西安电子科技大学电子与通信工程专业,工程硕士学位",西安电子科技大学,1,1,0,0,[],[],[]
"原军先生,1970年生,中共党员,北京理工大学光学成像专业,工学学士,南京理工大学工业外贸专业,经济学学士,高级经济师",北京理工大学,1,1,0,0,[],[],[]
"原军先生,1970年生,中共党员,北京理工大学光学成像专业,工学学士,南京理工大学工业外贸专业,经济学学士,高级经济师",南京理工大学,1,1,0,0,[],[],[]
"北京师范大学教授,哈佛大学肯尼迪政府学院公共管理硕士,北京大学政府管理学院法学博士,曾在国家民政部工作,现任深圳国际公益学院创始院长、北京师范大学中国公益研究院院长",北京师范大学,5,2,1,0,[],"[""教授""]",[]
"北京师范大学教授,哈佛大学肯尼迪政府学院公共管理硕士,北京大学政府管理学院法学博士,曾在国家民政部工作,现任深圳国际公益学院创始院长、北京师范大学中国公益研究院院长",哈佛大学,5,2,1,1,"[""硕士""]",[],[]
"北京师范大学教授,哈佛大学肯尼迪政府学院公共管理硕士,北京大学政府管理学院法学博士,曾在国家民政部工作,现任深圳国际公益学院创始院长、北京师范大学中国公益研究院院长",北京大学,5,2,2,1,"[""博士""]",[],"[""管理学""]"
"北京师范大学教授,哈佛大学肯尼迪政府学院公共管理硕士,北京大学政府管理学院法学博士,曾在国家民政部工作,现任深圳国际公益学院创始院长、北京师范大学中国公益研究院院长",北京师范大学,5,2,1,0,[],"[""院长""]",[]
"刘德勇先生:1968年生,汉族,毕业于清华大学、哈尔滨工业大学,硕士研究生,高级工程师",清华大学,2,2,0,0,[],[],[]
"刘德勇先生:1968年生,汉族,毕业于清华大学、哈尔滨工业大学,硕士研究生,高级工程师",哈尔滨工业大学,2,2,0,0,[],[],[]
"黄晖先生:1971年生,汉族,毕业于山东交通学院、西安理工大学,硕士学位,高级会计师",山东交通学院,1,1,0,0,[],[],[]
"黄晖先生:1971年生,汉族,毕业于山东交通学院、西安理工大学,硕士学位,高级会计师",西安理工大学,1,1,0,0,[],[],[]
"刘艳女士:1966年4月生,汉族,毕业于吉林大学和南开大学,硕士研究生学历,高级经济师",南开大学,2,2,0,0,[],[],[]
"刘艳女士:1966年4月生,汉族,毕业于吉林大学和南开大学,硕士研究生学历,高级经济师",吉林大学,2,2,0,0,[],[],[]
"郭先生于1985年获中国长沙市湖南广播电视大学机械制造工艺及设备专业文凭,并于2004年3月完成中国长沙市湖南大学机械工程及管理科学与工程的研究生课程,于2007年6月获中国武汉市武汉大学高级管理人员工商管理硕士学位",湖南大学,3,2,1,1,"[""研究生""]",[],[]
"郭先生于1985年获中国长沙市湖南广播电视大学机械制造工艺及设备专业文凭,并于2004年3月完成中国长沙市湖南大学机械工程及管理科学与工程的研究生课程,于2007年6月获中国武汉市武汉大学高级管理人员工商管理硕士学位",武汉大学,3,2,2,1,"[""硕士""]",[],"[""工商管理""]"
"于1998年7月毕业于中国政法大学法律专业,取得学士学位,于2003年7月毕业于中国人民大学法律硕士专业,取得法律硕士学位",中国政法大学,2,2,0,0,[],[],[]
"于1998年7月毕业于中国政法大学法律专业,取得学士学位,于2003年7月毕业于中国人民大学法律硕士专业,取得法律硕士学位",中国人民大学,2,2,1,1,"[""硕士""]",[],[]
"于刚,男,宾西法尼亚大学沃顿商学院博士,1号店荣誉董事长及联合创始人,曾任亚马逊全球供应链副总裁,戴尔全球采购副总裁,现为111集团董事局执行主席及联合创始人",宾西法尼亚大学,1,1,1,1,"[""博士""]",[],[]
"于刚,男,宾西法尼亚大学沃顿商学院博士,1号店荣誉董事长及联合创始人,曾任亚马逊全球供应链副总裁,戴尔全球采购副总裁,现为111集团董事局执行主席及联合创始人",沃顿商学院,1,1,1,1,"[""博士""]",[],[]
"杨秀彪,男,汉族,1971年8月生,中共党员,工程师,吉林工业大学机械制造工艺与设备专业本科毕业,英国格拉斯哥大学管理学院工商管理硕士学位,电子科技大学在职工商管理硕士学位",吉林工业大学,4,2,1,1,"[""本科""]",[],[]
"杨秀彪,男,汉族,1971年8月生,中共党员,工程师,吉林工业大学机械制造工艺与设备专业本科毕业,英国格拉斯哥大学管理学院工商管理硕士学位,电子科技大学在职工商管理硕士学位",电子科技大学,4,2,2,1,"[""硕士""]",[],"[""工商管理""]"
"包志虎,男,1962年出生,1979年9月—1983年7月杭州师范大学数学专业学习获学士学位,1986年9月—1989年4月南京航空航天大学工商管理学院学习获硕士学位,曾任富阳市富阳中学教师、富阳市场口中学教师、南京理工大学经济管理学院讲师,(中国香港)第一东方投资集团职员,杭州凯地丝绸股份有限公司证券办公室主任、董事会秘书,浙江英特药业有限责任公司副总经理",杭州师范大学,5,2,1,1,"[""学士""]",[],[]
"包志虎,男,1962年出生,1979年9月—1983年7月杭州师范大学数学专业学习获学士学位,1986年9月—1989年4月南京航空航天大学工商管理学院学习获硕士学位,曾任富阳市富阳中学教师、富阳市场口中学教师、南京理工大学经济管理学院讲师,(中国香港)第一东方投资集团职员,杭州凯地丝绸股份有限公司证券办公室主任、董事会秘书,浙江英特药业有限责任公司副总经理",南京航空航天大学,5,2,3,1,"[""硕士""]",[],"[""管理学"",""工商管理""]"
"包志虎,男,1962年出生,1979年9月—1983年7月杭州师范大学数学专业学习获学士学位,1986年9月—1989年4月南京航空航天大学工商管理学院学习获硕士学位,曾任富阳市富阳中学教师、富阳市场口中学教师、南京理工大学经济管理学院讲师,(中国香港)第一东方投资集团职员,杭州凯地丝绸股份有限公司证券办公室主任、董事会秘书,浙江英特药业有限责任公司副总经理",南京理工大学,5,2,2,0,[],"[""讲师""]","[""管理学""]"
"贺柳先生获得了湖南大学金融与统计学院(原湖南财经学院)经济学学士学位以及长沙理工大学工商管理硕士学位,具有高级经济师职称",湖南财经学院,3,2,3,2,"[""本科"",""硕士""]",[],"[""工商管理""]"
"贺柳先生获得了湖南大学金融与统计学院(原湖南财经学院)经济学学士学位以及长沙理工大学工商管理硕士学位,具有高级经济师职称",湖南大学,3,2,3,2,"[""本科"",""硕士""]",[],"[""工商管理""]"
"贺柳先生获得了湖南大学金融与统计学院(原湖南财经学院)经济学学士学位以及长沙理工大学工商管理硕士学位,具有高级经济师职称",长沙理工大学,3,2,3,2,"[""本科"",""硕士""]",[],"[""工商管理""]"
"肖兴祥,男,中国国籍,无境外居留权,1972年出生,中共党员,本科学历,毕业于浙江大学管理系,经济学学士学位,上海财经大学会计学研究生课程进修班结业,教授级高级会计师、注册会计师(非执业)、注册税务师(非执业)、国际注册内部审计师",浙江大学,4,3,0,0,[],[],[]
"肖兴祥,男,中国国籍,无境外居留权,1972年出生,中共党员,本科学历,毕业于浙江大学管理系,经济学学士学位,上海财经大学会计学研究生课程进修班结业,教授级高级会计师、注册会计师(非执业)、注册税务师(非执业)、国际注册内部审计师",上海财经大学,4,3,1,1,"[""研究生""]",[],[]
"杨先生于2011年6月毕业于中国北京工商大学并获企业管理学士学位,于2014年6月在中国北京工商大学获企业管理硕士学位,于2017年9月至今在中国人民大学攻读公共管理硕士学位",北京工商大学,3,2,2,1,"[""学士""]",[],"[""管理学""]"
"杨先生于2011年6月毕业于中国北京工商大学并获企业管理学士学位,于2014年6月在中国北京工商大学获企业管理硕士学位,于2017年9月至今在中国人民大学攻读公共管理硕士学位",北京工商大学,3,2,1,1,"[""硕士""]",[],[]
"杨先生于2011年6月毕业于中国北京工商大学并获企业管理学士学位,于2014年6月在中国北京工商大学获企业管理硕士学位,于2017年9月至今在中国人民大学攻读公共管理硕士学位",中国人民大学,3,2,1,1,"[""硕士""]",[],[]
"付玲女士1988年毕业于中国沈阳市沈阳建筑工程学院(现沈阳建筑大学)并获建筑与起重运输机械专业学士学位,于1998年毕业于中国长春市吉林工业大学(现吉林大学)并获机械设计及理论专业博士学位,并于2002年于中国北京市中国农业大学农业工程学院完成博士后研究工作",沈阳建筑工程学院,3,3,1,1,"[""学士""]",[],[]
"付玲女士1988年毕业于中国沈阳市沈阳建筑工程学院(现沈阳建筑大学)并获建筑与起重运输机械专业学士学位,于1998年毕业于中国长春市吉林工业大学(现吉林大学)并获机械设计及理论专业博士学位,并于2002年于中国北京市中国农业大学农业工程学院完成博士后研究工作",沈阳建筑大学,3,3,1,1,"[""学士""]",[],[]
"付玲女士1988年毕业于中国沈阳市沈阳建筑工程学院(现沈阳建筑大学)并获建筑与起重运输机械专业学士学位,于1998年毕业于中国长春市吉林工业大学(现吉林大学)并获机械设计及理论专业博士学位,并于2002年于中国北京市中国农业大学农业工程学院完成博士后研究工作",吉林大学,3,3,1,1,"[""博士""]",[],[]
"付玲女士1988年毕业于中国沈阳市沈阳建筑工程学院(现沈阳建筑大学)并获建筑与起重运输机械专业学士学位,于1998年毕业于中国长春市吉林工业大学(现吉林大学)并获机械设计及理论专业博士学位,并于2002年于中国北京市中国农业大学农业工程学院完成博士后研究工作",吉林工业大学,3,3,1,1,"[""博士""]",[],[]
"付玲女士1988年毕业于中国沈阳市沈阳建筑工程学院(现沈阳建筑大学)并获建筑与起重运输机械专业学士学位,于1998年毕业于中国长春市吉林工业大学(现吉林大学)并获机械设计及理论专业博士学位,并于2002年于中国北京市中国农业大学农业工程学院完成博士后研究工作",中国农业大学,3,3,1,1,"[""博士后""]",[],[]
"中国科学院地图学与地理信息系统专业博士,美国密苏里州立大学EMBA,工程技术应用研究员,泰山产业领军人才",中国科学院,3,1,1,1,"[""博士""]",[],[]
"中国科学院地图学与地理信息系统专业博士,美国密苏里州立大学EMBA,工程技术应用研究员,泰山产业领军人才",密苏里州立大学,3,1,1,0,[],[],"[""MBA""]"
2002年9月-2006年6月杭州电子科技大学金融学毕业获学士学位,杭州电子科技大学,1,1,1,1,"[""学士""]",[],[]
"历任中国人民大学经济学院、清华大学社会科学学院经济所教授,现任复旦大学校级特聘教授、经济学院博士生导师",中国人民大学,3,1,1,0,[],"[""教授""]",[]
"历任中国人民大学经济学院、清华大学社会科学学院经济所教授,现任复旦大学校级特聘教授、经济学院博士生导师",清华大学,3,1,1,0,[],"[""教授""]",[]
"历任中国人民大学经济学院、清华大学社会科学学院经济所教授,现任复旦大学校级特聘教授、经济学院博士生导师",复旦大学,3,1,3,1,"[""博士""]","[""教授"",""导师""]",[]
兼任西南财经大学特聘教授、上海理工大学特聘教授,上海理工大学,1,0,1,0,[],"[""教授""]",[]
兼任西南财经大学特聘教授、上海理工大学特聘教授,西南财经大学,1,0,1,0,[],"[""教授""]",[]
"1984年12月至1991年9月任安徽大学经济系讲师、副教授,1994年7月至今任中国人民大学经济学院副教授、教授,2017年6月至今任厦门建霖健康家居股份有限公司独立董事,此外,还兼任安徽皖维高新材料股份有限公司独立董事、合肥百货大楼集团股份有限公司独立董事、浙江唐德影视股份有限公司独立董事、浙江严牌过滤技术股份有限公司独立董事",安徽大学,2,0,2,0,[],"[""教授"",""讲师""]",[]
"1984年12月至1991年9月任安徽大学经济系讲师、副教授,1994年7月至今任中国人民大学经济学院副教授、教授,2017年6月至今任厦门建霖健康家居股份有限公司独立董事,此外,还兼任安徽皖维高新材料股份有限公司独立董事、合肥百货大楼集团股份有限公司独立董事、浙江唐德影视股份有限公司独立董事、浙江严牌过滤技术股份有限公司独立董事",中国人民大学,2,0,1,0,[],"[""教授""]",[]
"于1983年8月毕业于西南农学院(2005年更名为西南大学)农学专业,取得农学学士学位,于2005年6月毕业于电子科技大学高级管理人员工商管理专业,取得工商管理硕士学位",西南大学,3,2,0,0,[],[],[]
"于1983年8月毕业于西南农学院(2005年更名为西南大学)农学专业,取得农学学士学位,于2005年6月毕业于电子科技大学高级管理人员工商管理专业,取得工商管理硕士学位",电子科技大学,3,2,1,0,[],[],"[""工商管理""]"
"2003年9月加入中国共产党,2005年8月参加工作,2005年7月毕业于中国政法大学,2018年12月毕业于中央财经大学法律专业,法律硕士,经济师(金融),具有董事会秘书资格、证券从业资格、法律职业资格、公司律师执业资格",中国政法大学,1,1,0,0,[],[],[]
"2003年9月加入中国共产党,2005年8月参加工作,2005年7月毕业于中国政法大学,2018年12月毕业于中央财经大学法律专业,法律硕士,经济师(金融),具有董事会秘书资格、证券从业资格、法律职业资格、公司律师执业资格",中央财经大学,1,1,0,0,[],[],[]
"杜毅刚女士毕业于湘潭大学国际会计专业并获学士学位,于2011年9月完成湖南大学商学院MBA硕士专业课程",湘潭大学,3,2,1,1,"[""学士""]",[],[]
"杜毅刚女士毕业于湘潭大学国际会计专业并获学士学位,于2011年9月完成湖南大学商学院MBA硕士专业课程",湖南大学,3,2,2,1,"[""硕士""]",[],"[""MBA""]"
"2、教育背景2003年6月杭州电子科技大学财务管理本科毕业3、工作经历、兼职情况曾任浙江英特药业有限责任公司财务部会计、财务主管、副科长,浙江英特医药药材有限公司财务部副科长,浙江英特集团股份有限公司审计部门经理助理",杭州电子科技大学,1,1,1,1,"[""本科""]",[],[]
"吕宁,女,1976年出生中共党员高级经济师、执业药师、心理咨询师2、教育背景1998年浙江医科大学药学专业毕业获学士学位2014年浙江大学公共管理专业毕业获MPA学位3、工作经历、兼职情况曾任浙江英特药业有限责任公司新特药分公司、药品分公司常务副经理、经理",浙江大学,1,1,1,1,"[""学士""]",[],[]
"吕宁,女,1976年出生中共党员高级经济师、执业药师、心理咨询师2、教育背景1998年浙江医科大学药学专业毕业获学士学位2014年浙江大学公共管理专业毕业获MPA学位3、工作经历、兼职情况曾任浙江英特药业有限责任公司新特药分公司、药品分公司常务副经理、经理",浙江医科大学,1,1,1,1,"[""学士""]",[],[]
"刘正伟,男,1979年生,浙江工商大学经济学学士、大连理工大学控制工程硕士",大连理工大学,2,2,2,2,"[""本科"",""硕士""]",[],[]
"刘正伟,男,1979年生,浙江工商大学经济学学士、大连理工大学控制工程硕士",浙江工商大学,2,2,2,2,"[""本科"",""硕士""]",[],[]
"曾任湖南省华容县氮肥厂厂办副主任、湖南省华容县工业学校教师、天津商学院讲师及副教授,2005年10月至今任中央财经大学会计学院教授、博士生导师",天津商学院,4,1,2,0,[],"[""教授"",""讲师""]",[]
"曾任湖南省华容县氮肥厂厂办副主任、湖南省华容县工业学校教师、天津商学院讲师及副教授,2005年10月至今任中央财经大学会计学院教授、博士生导师",中央财经大学,4,1,3,1,"[""博士""]","[""教授"",""导师""]",[]
"1989年7月毕业于南京师范大学数学系,1994年获得南开大学会计学硕士学位,2008年获得对外经济贸易大学经济学博士学位",南京师范大学,2,2,0,0,[],[],[]
"1989年7月毕业于南京师范大学数学系,1994年获得南开大学会计学硕士学位,2008年获得对外经济贸易大学经济学博士学位",南开大学,2,2,1,1,"[""硕士""]",[],[]
"1989年7月毕业于南京师范大学数学系,1994年获得南开大学会计学硕士学位,2008年获得对外经济贸易大学经济学博士学位",对外经济贸易大学,2,2,1,1,"[""博士""]",[],[]
"1989年7月至1991年9月在江苏省镇江高等专科学校担任讲师,1994年9月至今在对外经济贸易大学国际商学院任教,现任对外经济贸易大学国际商学院会计系主任、教授,博士生导师",对外经济贸易大学,4,1,0,0,[],[],[]
"1989年7月至1991年9月在江苏省镇江高等专科学校担任讲师,1994年9月至今在对外经济贸易大学国际商学院任教,现任对外经济贸易大学国际商学院会计系主任、教授,博士生导师",对外经济贸易大学,4,1,1,0,[],"[""教授""]",[]
"刘小平先生1984年毕业于湖南大学机械制造专业,于2006年8月完成清华大学创新管理(MIA)总裁班专业课程、于2012年3月完成上海交通大学高级工商管理总裁班专业课程",湖南大学,1,0,0,0,[],[],[]
"刘小平先生1984年毕业于湖南大学机械制造专业,于2006年8月完成清华大学创新管理(MIA)总裁班专业课程、于2012年3月完成上海交通大学高级工商管理总裁班专业课程",清华大学,1,0,1,0,[],[],"[""工商管理""]"
"刘小平先生1984年毕业于湖南大学机械制造专业,于2006年8月完成清华大学创新管理(MIA)总裁班专业课程、于2012年3月完成上海交通大学高级工商管理总裁班专业课程",上海交通大学,1,0,1,0,[],[],"[""工商管理""]"
"于1999年6月毕业于中山大学国际贸易专业,取得经济学学士学位,于2000年9月毕业于英国爱丁堡大学运筹学专业,取得理学硕士学位,于2001年7月毕业于英国剑桥大学发展研究专业,取得哲学硕士学位",中山大学,2,2,0,0,[],[],[]
"于1999年6月毕业于中山大学国际贸易专业,取得经济学学士学位,于2000年9月毕业于英国爱丁堡大学运筹学专业,取得理学硕士学位,于2001年7月毕业于英国剑桥大学发展研究专业,取得哲学硕士学位",剑桥大学,2,2,0,0,[],[],[]
"檀国彪先生,1961年10月生,中共党员,研究生学历,合肥工业大学硕士学位,长江商学院EMBA,高级工程师",合肥工业大学,3,2,1,1,"[""硕士""]",[],[]
"檀国彪先生,1961年10月生,中共党员,研究生学历,合肥工业大学硕士学位,长江商学院EMBA,高级工程师",长江商学院,3,2,1,0,[],[],"[""MBA""]"
